(0, 0| 1, -26, -339, -28)
(0, 0| 0, -28, -338, -27)
(0, 0| 2, -24, -338, -27)
(0, 0| 1, -26, -337, -26)
(0, 0| 1, -26, -336, -25)
(0, 0| 3, -22, -336, -25)
(0, 0| 2, -24, -335, -24)
(0, 0| 2, -24, -334, -23)
(0, 0| 4, -21, -334, -23)
(0, 0| 3, -22, -333, -22)
(0, 0| 3, -22, -332, -21)
(0, 0| 5, -19, -332, -21)
(0, 0| 4, -21, -331, -20)
(0, 0| 6, -17, -331, -20)
(0, 0| 5, -19, -330, -19)
(0, 0| 5, -19, -329, -18)
(0, 0| 7, -15, -329, -18)
(0, 0| 6, -17, -328, -17)
(0, 0| 6, -17, -327, -16)
(0, 0| 8, -14, -327, -16)
(0, 0| 7, -15, -326, -15)
(0, 0| 7, -15, -325, -14)
(0, 0| 9, -12, -325, -14)
(0, 0| 8, -14, -324, -13)
(0, 0| 10, -10, -324, -13)
(0, 0| 9, -12, -323, -12)
(0, 0| 9, -12, -322, -11)
(0, 0| 11, -8, -322, -11)
(0, 0| 10, -10, -321, -10)
(0, 0| 10, -10, -320, -9)
(0, 0| 12, -7, -320, -9)
(0, 0| 11, -8, -319, -8)
(0, 0| 11, -8, -318, -7)
(0, 0| 13, -5, -318, -7)
(0, 0| 12, -7, -317, -6)
(0, 0| 14, -3, -317, -6)
(0, 0| 13, -5, -316, -5)
(0, 0| 13, -5, -315, -4)
(0, 0| 15, -1, -315, -4)
(0, 0| 14, -3, -314, -3)
(0, 0| 14, -3, -313, -2)
(0, 0| 16, 0, -313, -2)
(0, 0| 15, -1, -312, -1)
(0, 0| 15, -1, -311, 0)
(0, 0| 1, -26, -339, -28)
(0, 0| 0, -28, -338, -27)
(0, 0| 2, -24, -338, -27)
(0, 0| 1, -26, -337, -26)
(0, 0| 1, -26, -336, -25)
(0, 0| 3, -22, -336, -25)
(0, 0| 2, -24, -335, -24)
(0, 0| 2, -24, -334, -23)
(0, 0| 4, -21, -334, -23)
(0, 0| 3, -22, -333, -22)
(0, 0| 3, -22, -332, -21)
(0, 0| 5, -19, -332, -21)
(0, 0| 4, -21, -331, -20)
(0, 0| 6, -17, -331, -20)
(0, 0| 5, -19, -330, -19)
(0, 0| 5, -19, -329, -18)
(0, 0| 7, -15, -329, -18)
(0, 0| 6, -17, -328, -17)
(0, 0| 6, -17, -327, -16)
(0, 0| 8, -14, -327, -16)
(0, 0| 7, -15, -326, -15)
(0, 0| 7, -15, -325, -14)
(0, 0| 9, -12, -325, -14)
(0, 0| 8, -14, -324, -13)
(0, 0| 10, -10, -324, -13)
(0, 0| 9, -12, -323, -12)
(0, 0| 9, -12, -322, -11)
(0, 0| 11, -8, -322, -11)
(0, 0| 10, -10, -321, -10)
(0, 0| 10, -10, -320, -9)
(0, 0| 12, -7, -320, -9)
(0, 0| 11, -8, -319, -8)
(0, 0| 11, -8, -318, -7)
(0, 0| 13, -5, -318, -7)
(0, 0| 12, -7, -317, -6)
(0, 0| 14, -3, -317, -6)
(0, 0| 13, -5, -316, -5)
(0, 0| 13, -5, -315, -4)
(0, 0| 15, -1, -315, -4)
(0, 0| 14, -3, -314, -3)
(0, 0| 14, -3, -313, -2)
(0, 0| 16, 0, -313, -2)
(0, 0| 15, -1, -312, -1)
(0, 0| 15, -1, -311, 0)
(1, 0| 17, -26, -311, -28)
(1, 0| 16, -28, -310, -27)
(1, 0| 18, -24, -310, -27)
(1, 0| 17, -26, -309, -26)
(1, 0| 17, -26, -308, -25)
(1, 0| 19, -23, -308, -25)
(1, 0| 18, -24, -307, -24)
(1, 0| 18, -24, -306, -23)
(1, 0| 20, -21, -306, -23)
(1, 0| 19, -23, -305, -22)
(1, 0| 21, -19, -305, -22)
(1, 0| 20, -21, -304, -21)
(1, 0| 20, -21, -303, -20)
(1, 0| 22, -18, -303, -20)
(1, 0| 21, -19, -302, -19)
(1, 0| 21, -19, -301, -18)
(1, 0| 23, -16, -301, -18)
(1, 0| 22, -18, -300, -17)
(1, 0| 24, -14, -300, -17)
(1, 0| 23, -16, -299, -16)
(1, 0| 23, -16, -298, -15)
(1, 0| 25, -13, -298, -15)
(1, 0| 24, -14, -297, -14)
(1, 0| 24, -14, -296, -13)
(1, 0| 26, -11, -296, -13)
(1, 0| 25, -13, -295, -12)
(1, 0| 27, -9, -295, -12)
(1, 0| 26, -11, -294, -11)
(1, 0| 26, -11, -293, -10)
(1, 0| 28, -8, -293, -10)
(1, 0| 27, -9, -292, -9)
(1, 0| 27, -9, -291, -8)
(1, 0| 29, -6, -291, -8)
(1, 0| 28, -8, -290, -7)
(1, 0| 30, -4, -290, -7)
(1, 0| 29, -6, -289, -6)
(1, 0| 29, -6, -288, -5)
(1, 0| 31, -3, -288, -5)
(1, 0| 30, -4, -287, -4)
(1, 0| 30, -4, -286, -3)
(1, 0| 32, -1, -286, -3)
(1, 0| 31, -3, -285, -2)
(1, 0| 33, 0, -285, -2)
(1, 0| 32, -1, -284, -1)
(1, 0| 32, -1, -283, 0)
(2, 0| 34, -27, -283, -29)
(2, 0| 33, -29, -282, -28)
(2, 0| 35, -25, -282, -28)
(2, 0| 34, -27, -281, -27)
(2, 0| 34, -27, -280, -26)
(2, 0| 36, -23, -280, -26)
(2, 0| 35, -25, -279, -25)
(2, 0| 35, -25, -278, -24)
(2, 0| 37, -21, -278, -24)
(2, 0| 36, -23, -277, -23)
(2, 0| 36, -23, -276, -22)
(2, 0| 38, -19, -276, -22)
(2, 0| 37, -21, -275, -21)
(2, 0| 37, -21, -274, -20)
(2, 0| 39, -18, -274, -20)
(2, 0| 38, -19, -273, -19)
(2, 0| 38, -19, -272, -18)
(2, 0| 40, -16, -272, -18)
(2, 0| 39, -18, -271, -17)
(2, 0| 41, -14, -271, -17)
(2, 0| 40, -16, -270, -16)
(2, 0| 40, -16, -269, -15)
(2, 0| 42, -12, -269, -15)
(2, 0| 41, -14, -268, -14)
(2, 0| 41, -14, -267, -13)
(2, 0| 43, -10, -267, -13)
(2, 0| 42, -12, -266, -12)
(2, 0| 42, -12, -265, -11)
(2, 0| 44, -9, -265, -11)
(2, 0| 43, -10, -264, -10)
(2, 0| 43, -10, -263, -9)
(2, 0| 45, -7, -263, -9)
(2, 0| 44, -9, -262, -8)
(2, 0| 46, -5, -262, -8)
(2, 0| 45, -7, -261, -7)
(2, 0| 45, -7, -260, -6)
(2, 0| 47, -3, -260, -6)
(2, 0| 46, -5, -259, -5)
(2, 0| 46, -5, -258, -4)
(2, 0| 48, -1, -258, -4)
(2, 0| 47, -3, -257, -3)
(2, 0| 47, -3, -256, -2)
(2, 0| 49, 0, -256, -2)
(2, 0| 48, -1, -255, -1)
(2, 0| 48, -1, -254, 0)
(3, 0| 50, -26, -254, -28)
(3, 0| 49, -28, -253, -27)
(3, 0| 51, -24, -253, -27)
(3, 0| 50, -26, -252, -26)
(3, 0| 50, -26, -251, -25)
(3, 0| 52, -22, -251, -25)
(3, 0| 51, -24, -250, -24)
(3, 0| 51, -24, -249, -23)
(3, 0| 53, -21, -249, -23)
(3, 0| 52, -22, -248, -22)
(3, 0| 52, -22, -247, -21)
(3, 0| 54, -19, -247, -21)
(3, 0| 53, -21, -246, -20)
(3, 0| 55, -17, -246, -20)
(3, 0| 54, -19, -245, -19)
(3, 0| 54, -19, -244, -18)
(3, 0| 56, -15, -244, -18)
(3, 0| 55, -17, -243, -17)
(3, 0| 55, -17, -242, -16)
(3, 0| 57, -14, -242, -16)
(3, 0| 56, -15, -241, -15)
(3, 0| 56, -15, -240, -14)
(3, 0| 58, -12, -240, -14)
(3, 0| 57, -14, -239, -13)
(3, 0| 59, -10, -239, -13)
(3, 0| 58, -12, -238, -12)
(3, 0| 58, -12, -237, -11)
(3, 0| 60, -8, -237, -11)
(3, 0| 59, -10, -236, -10)
(3, 0| 59, -10, -235, -9)
(3, 0| 61, -7, -235, -9)
(3, 0| 60, -8, -234, -8)
(3, 0| 60, -8, -233, -7)
(3, 0| 62, -5, -233, -7)
(3, 0| 61, -7, -232, -6)
(3, 0| 63, -3, -232, -6)
(3, 0| 62, -5, -231, -5)
(3, 0| 62, -5, -230, -4)
(3, 0| 64, -1, -230, -4)
(3, 0| 63, -3, -229, -3)
(3, 0| 63, -3, -228, -2)
(3, 0| 65, 0, -228, -2)
(3, 0| 64, -1, -227, -1)
(3, 0| 64, -1, -226, 0)
(4, 0| 66, -26, -226, -28)
(4, 0| 65, -28, -225, -27)
(4, 0| 67, -24, -225, -27)
(4, 0| 66, -26, -224, -26)
(4, 0| 66, -26, -223, -25)
(4, 0| 68, -23, -223, -25)
(4, 0| 67, -24, -222, -24)
(4, 0| 67, -24, -221, -23)
(4, 0| 69, -21, -221, -23)
(4, 0| 68, -23, -220, -22)
(4, 0| 70, -19, -220, -22)
(4, 0| 69, -21, -219, -21)
(4, 0| 69, -21, -218, -20)
(4, 0| 71, -18, -218, -20)
(4, 0| 70, -19, -217, -19)
(4, 0| 70, -19, -216, -18)
(4, 0| 72, -16, -216, -18)
(4, 0| 71, -18, -215, -17)
(4, 0| 73, -14, -215, -17)
(4, 0| 72, -16, -214, -16)
(4, 0| 72, -16, -213, -15)
(4, 0| 74, -13, -213, -15)
(4, 0| 73, -14, -212, -14)
(4, 0| 73, -14, -211, -13)
(4, 0| 75, -11, -211, -13)
(4, 0| 74, -13, -210, -12)
(4, 0| 76, -9, -210, -12)
(4, 0| 75, -11, -209, -11)
(4, 0| 75, -11, -208, -10)
(4, 0| 77, -8, -208, -10)
(4, 0| 76, -9, -207, -9)
(4, 0| 76, -9, -206, -8)
(4, 0| 78, -6, -206, -8)
(4, 0| 77, -8, -205, -7)
(4, 0| 79, -4, -205, -7)
(4, 0| 78, -6, -204, -6)
(4, 0| 78, -6, -203, -5)
(4, 0| 80, -3, -203, -5)
(4, 0| 79, -4, -202, -4)
(4, 0| 79, -4, -201, -3)
(4, 0| 81, -1, -201, -3)
(4, 0| 80, -3, -200, -2)
(4, 0| 82, 0, -200, -2)
(4, 0| 81, -1, -199, -1)
(4, 0| 81, -1, -198, 0)
(5, 0| 83, -26, -198, -28)
(5, 0| 82, -28, -197, -27)
(5, 0| 84, -24, -197, -27)
(5, 0| 83, -26, -196, -26)
(5, 0| 83, -26, -195, -25)
(5, 0| 85, -22, -195, -25)
(5, 0| 84, -24, -194, -24)
(5, 0| 84, -24, -193, -23)
(5, 0| 86, -21, -193, -23)
(5, 0| 85, -22, -192, -22)
(5, 0| 85, -22, -191, -21)
(5, 0| 87, -19, -191, -21)
(5, 0| 86, -21, -190, -20)
(5, 0| 88, -17, -190, -20)
(5, 0| 87, -19, -189, -19)
(5, 0| 87, -19, -188, -18)
(5, 0| 89, -15, -188, -18)
(5, 0| 88, -17, -187, -17)
(5, 0| 88, -17, -186, -16)
(5, 0| 90, -14, -186, -16)
(5, 0| 89, -15, -185, -15)
(5, 0| 89, -15, -184, -14)
(5, 0| 91, -12, -184, -14)
(5, 0| 90, -14, -183, -13)
(5, 0| 92, -10, -183, -13)
(5, 0| 91, -12, -182, -12)
(5, 0| 91, -12, -181, -11)
(5, 0| 93, -8, -181, -11)
(5, 0| 92, -10, -180, -10)
(5, 0| 92, -10, -179, -9)
(5, 0| 94, -7, -179, -9)
(5, 0| 93, -8, -178, -8)
(5, 0| 93, -8, -177, -7)
(5, 0| 95, -5, -177, -7)
(5, 0| 94, -7, -176, -6)
(5, 0| 96, -3, -176, -6)
(5, 0| 95, -5, -175, -5)
(5, 0| 95, -5, -174, -4)
(5, 0| 97, -1, -174, -4)
(5, 0| 96, -3, -173, -3)
(5, 0| 96, -3, -172, -2)
(5, 0| 98, 0, -172, -2)
(5, 0| 97, -1, -171, -1)
(5, 0| 97, -1, -170, 0)
(6, 0| 99, -27, -170, -29)
(6, 0| 98, -29, -169, -28)
(6, 0| 100, -25, -169, -28)
(6, 0| 99, -27, -168, -27)
(6, 0| 99, -27, -167, -26)
(6, 0| 101, -23, -167, -26)
(6, 0| 100, -25, -166, -25)
(6, 0| 100, -25, -165, -24)
(6, 0| 102, -21, -165, -24)
(6, 0| 101, -23, -164, -23)
(6, 0| 101, -23, -163, -22)
(6, 0| 103, -19, -163, -22)
(6, 0| 102, -21, -162, -21)
(6, 0| 102, -21, -161, -20)
(6, 0| 104, -18, -161, -20)
(6, 0| 103, -19, -160, -19)
(6, 0| 103, -19, -159, -18)
(6, 0| 105, -16, -159, -18)
(6, 0| 104, -18, -158, -17)
(6, 0| 106, -14, -158, -17)
(6, 0| 105, -16, -157, -16)
(6, 0| 105, -16, -156, -15)
(6, 0| 107, -12, -156, -15)
(6, 0| 106, -14, -155, -14)
(6, 0| 106, -14, -154, -13)
(6, 0| 108, -10, -154, -13)
(6, 0| 107, -12, -153, -12)
(6, 0| 107, -12, -152, -11)
(6, 0| 109, -9, -152, -11)
(6, 0| 108, -10, -151, -10)
(6, 0| 108, -10, -150, -9)
(6, 0| 110, -7, -150, -9)
(6, 0| 109, -9, -149, -8)
(6, 0| 111, -5, -149, -8)
(6, 0| 110, -7, -148, -7)
(6, 0| 110, -7, -147, -6)
(6, 0| 112, -3, -147, -6)
(6, 0| 111, -5, -146, -5)
(6, 0| 111, -5, -145, -4)
(6, 0| 113, -1, -145, -4)
(6, 0| 112, -3, -144, -3)
(6, 0| 112, -3, -143, -2)
(6, 0| 114, 0, -143, -2)
(6, 0| 113, -1, -142, -1)
(6, 0| 113, -1, -141, 0)
(7, 0| 115, -26, -141, -28)
(7, 0| 114, -28, -140, -27)
(7, 0| 116, -24, -140, -27)
(7, 0| 115, -26, -139, -26)
(7, 0| 115, -26, -138, -25)
(7, 0| 117, -23, -138, -25)
(7, 0| 116, -24, -137, -24)
(7, 0| 116, -24, -136, -23)
(7, 0| 118, -21, -136, -23)
(7, 0| 117, -23, -135, -22)
(7, 0| 119, -19, -135, -22)
(7, 0| 118, -21, -134, -21)
(7, 0| 118, -21, -133, -20)
(7, 0| 120, -18, -133, -20)
(7, 0| 119, -19, -132, -19)
(7, 0| 119, -19, -131, -18)
(7, 0| 121, -16, -131, -18)
(7, 0| 120, -18, -130, -17)
(7, 0| 122, -14, -130, -17)
(7, 0| 121, -16, -129, -16)
(7, 0| 121, -16, -128, -15)
(7, 0| 123, -13, -128, -15)
(7, 0| 122, -14, -127, -14)
(7, 0| 122, -14, -126, -13)
(7, 0| 124, -11, -126, -13)
(7, 0| 123, -13, -125, -12)
(7, 0| 125, -9, -125, -12)
(7, 0| 124, -11, -124, -11)
(7, 0| 124, -11, -123, -10)
(7, 0| 126, -8, -123, -10)
(7, 0| 125, -9, -122, -9)
(7, 0| 125, -9, -121, -8)
(7, 0| 127, -6, -121, -8)
(7, 0| 126, -8, -120, -7)
(7, 0| 128, -4, -120, -7)
(7, 0| 127, -6, -119, -6)
(7, 0| 127, -6, -118, -5)
(7, 0| 129, -3, -118, -5)
(7, 0| 128, -4, -117, -4)
(7, 0| 128, -4, -116, -3)
(7, 0| 130, -1, -116, -3)
(7, 0| 129, -3, -115, -2)
(7, 0| 131, 0, -115, -2)
(7, 0| 130, -1, -114, -1)
(7, 0| 130, -1, -113, 0)
(8, 0| 132, -26, -113, -28)
(8, 0| 131, -28, -112, -27)
(8, 0| 133, -24, -112, -27)
(8, 0| 132, -26, -111, -26)
(8, 0| 132, -26, -110, -25)
(8, 0| 134, -22, -110, -25)
(8, 0| 133, -24, -109, -24)
(8, 0| 133, -24, -108, -23)
(8, 0| 135, -21, -108, -23)
(8, 0| 134, -22, -107, -22)
(8, 0| 134, -22, -106, -21)
(8, 0| 136, -19, -106, -21)
(8, 0| 135, -21, -105, -20)
(8, 0| 137, -17, -105, -20)
(8, 0| 136, -19, -104, -19)
(8, 0| 136, -19, -103, -18)
(8, 0| 138, -15, -103, -18)
(8, 0| 137, -17, -102, -17)
(8, 0| 137, -17, -101, -16)
(8, 0| 139, -14, -101, -16)
(8, 0| 138, -15, -100, -15)
(8, 0| 138, -15, -99, -14)
(8, 0| 140, -12, -99, -14)
(8, 0| 139, -14, -98, -13)
(8, 0| 141, -10, -98, -13)
(8, 0| 140, -12, -97, -12)
(8, 0| 140, -12, -96, -11)
(8, 0| 142, -8, -96, -11)
(8, 0| 141, -10, -95, -10)
(8, 0| 141, -10, -94, -9)
(8, 0| 143, -7, -94, -9)
(8, 0| 142, -8, -93, -8)
(8, 0| 142, -8, -92, -7)
(8, 0| 144, -5, -92, -7)
(8, 0| 143, -7, -91, -6)
(8, 0| 145, -3, -91, -6)
(8, 0| 144, -5, -90, -5)
(8, 0| 144, -5, -89, -4)
(8, 0| 146, -1, -89, -4)
(8, 0| 145, -3, -88, -3)
(8, 0| 145, -3, -87, -2)
(8, 0| 147, 0, -87, -2)
(8, 0| 146, -1, -86, -1)
(8, 0| 146, -1, -85, 0)
(9, 0| 148, -26, -85, -28)
(9, 0| 147, -28, -84, -27)
(9, 0| 149, -24, -84, -27)
(9, 0| 148, -26, -83, -26)
(9, 0| 148, -26, -82, -25)
(9, 0| 150, -22, -82, -25)
(9, 0| 149, -24, -81, -24)
(9, 0| 149, -24, -80, -23)
(9, 0| 151, -21, -80, -23)
(9, 0| 150, -22, -79, -22)
(9, 0| 150, -22, -78, -21)
(9, 0| 152, -19, -78, -21)
(9, 0| 151, -21, -77, -20)
(9, 0| 153, -17, -77, -20)
(9, 0| 152, -19, -76, -19)
(9, 0| 152, -19, -75, -18)
(9, 0| 154, -15, -75, -18)
(9, 0| 153, -17, -74, -17)
(9, 0| 153, -17, -73, -16)
(9, 0| 155, -14, -73, -16)
(9, 0| 154, -15, -72, -15)
(9, 0| 154, -15, -71, -14)
(9, 0| 156, -12, -71, -14)
(9, 0| 155, -14, -70, -13)
(9, 0| 157, -10, -70, -13)
(9, 0| 156, -12, -69, -12)
(9, 0| 156, -12, -68, -11)
(9, 0| 158, -8, -68, -11)
(9, 0| 157, -10, -67, -10)
(9, 0| 157, -10, -66, -9)
(9, 0| 159, -7, -66, -9)
(9, 0| 158, -8, -65, -8)
(9, 0| 158, -8, -64, -7)
(9, 0| 160, -5, -64, -7)
(9, 0| 159, -7, -63, -6)
(9, 0| 161, -3, -63, -6)
(9, 0| 160, -5, -62, -5)
(9, 0| 160, -5, -61, -4)
(9, 0| 162, -1, -61, -4)
(9, 0| 161, -3, -60, -3)
(9, 0| 161, -3, -59, -2)
(9, 0| 163, 0, -59, -2)
(9, 0| 162, -1, -58, -1)
(9, 0| 162, -1, -57, 0)
(10, 0| 164, -26, -57, -28)
(10, 0| 163, -28, -56, -27)
(10, 0| 165, -24, -56, -27)
(10, 0| 164, -26, -55, -26)
(10, 0| 164, -26, -54, -25)
(10, 0| 166, -23, -54, -25)
(10, 0| 165, -24, -53, -24)
(10, 0| 165, -24, -52, -23)
(10, 0| 167, -21, -52, -23)
(10, 0| 166, -23, -51, -22)
(10, 0| 168, -19, -51, -22)
(10, 0| 167, -21, -50, -21)
(10, 0| 167, -21, -49, -20)
(10, 0| 169, -18, -49, -20)
(10, 0| 168, -19, -48, -19)
(10, 0| 168, -19, -47, -18)
(10, 0| 170, -16, -47, -18)
(10, 0| 169, -18, -46, -17)
(10, 0| 171, -14, -46, -17)
(10, 0| 170, -16, -45, -16)
(10, 0| 170, -16, -44, -15)
(10, 0| 172, -13, -44, -15)
(10, 0| 171, -14, -43, -14)
(10, 0| 171, -14, -42, -13)
(10, 0| 173, -11, -42, -13)
(10, 0| 172, -13, -41, -12)
(10, 0| 174, -9, -41, -12)
(10, 0| 173, -11, -40, -11)
(10, 0| 173, -11, -39, -10)
(10, 0| 175, -8, -39, -10)
(10, 0| 174, -9, -38, -9)
(10, 0| 174, -9, -37, -8)
(10, 0| 176, -6, -37, -8)
(10, 0| 175, -8, -36, -7)
(10, 0| 177, -4, -36, -7)
(10, 0| 176, -6, -35, -6)
(10, 0| 176, -6, -34, -5)
(10, 0| 178, -3, -34, -5)
(10, 0| 177, -4, -33, -4)
(10, 0| 177, -4, -32, -3)
(10, 0| 179, -1, -32, -3)
(10, 0| 178, -3, -31, -2)
(10, 0| 180, 0, -31, -2)
(10, 0| 179, -1, -30, -1)
(10, 0| 179, -1, -29, 0)
(11, 0| 181, -27, -29, -29)
(11, 0| 180, -29, -28, -28)
(11, 0| 182, -25, -28, -28)
(11, 0| 181, -27, -27, -27)
(11, 0| 181, -27, -26, -26)
(11, 0| 183, -23, -26, -26)
(11, 0| 182, -25, -25, -25)
(11, 0| 182, -25, -24, -24)
(11, 0| 184, -21, -24, -24)
(11, 0| 183, -23, -23, -23)
(11, 0| 183, -23, -22, -22)
(11, 0| 185, -19, -22, -22)
(11, 0| 184, -21, -21, -21)
(11, 0| 184, -21, -20, -20)
(11, 0| 186, -18, -20, -20)
(11, 0| 185, -19, -19, -19)
(11, 0| 185, -19, -18, -18)
(11, 0| 187, -16, -18, -18)
(11, 0| 186, -18, -17, -17)
(11, 0| 188, -14, -17, -17)
(11, 0| 187, -16, -16, -16)
(11, 0| 187, -16, -15, -15)
(11, 0| 189, -12, -15, -15)
(11, 0| 188, -14, -14, -14)
(11, 0| 188, -14, -13, -13)
(11, 0| 190, -10, -13, -13)
(11, 0| 189, -12, -12, -12)
(11, 0| 189, -12, -11, -11)
(11, 0| 191, -9, -11, -11)
(11, 0| 190, -10, -10, -10)
(11, 0| 190, -10, -9, -9)
(11, 0| 192, -7, -9, -9)
(11, 0| 191, -9, -8, -8)
(11, 0| 193, -5, -8, -8)
(11, 0| 192, -7, -7, -7)
(11, 0| 192, -7, -6, -6)
(11, 0| 194, -3, -6, -6)
(11, 0| 193, -5, -5, -5)
(11, 0| 193, -5, -4, -4)
(11, 0| 195, -1, -4, -4)
(11, 0| 194, -3, -3, -3)
(11, 0| 194, -3, -2, -2)
(11, 0| 196, 0, -2, -2)
(11, 0| 195, -1, -1, -1)
(11, 0| 195, -1, 0, 0)
(12, 0| 197, -26, 0, -28)
(12, 0| 196, -28, 1, -27)
(12, 0| 198, -24, 1, -27)
(12, 0| 197, -26, 2, -26)
(12, 0| 197, -26, 3, -25)
(12, 0| 199, -22, 3, -25)
(12, 0| 198, -24, 4, -24)
(12, 0| 198, -24, 5, -23)
(12, 0| 200, -21, 5, -23)
(12, 0| 199, -22, 6, -22)
(12, 0| 199, -22, 7, -21)
(12, 0| 201, -19, 7, -21)
(12, 0| 200, -21, 8, -20)
(12, 0| 202, -17, 8, -20)
(12, 0| 201, -19, 9, -19)
(12, 0| 201, -19, 10, -18)
(12, 0| 203, -15, 10, -18)
(12, 0| 202, -17, 11, -17)
(12, 0| 202, -17, 12, -16)
(12, 0| 204, -14, 12, -16)
(12, 0| 203, -15, 13, -15)
(12, 0| 203, -15, 14, -14)
(12, 0| 205, -12, 14, -14)
(12, 0| 204, -14, 15, -13)
(12, 0| 206, -10, 15, -13)
(12, 0| 205, -12, 16, -12)
(12, 0| 205, -12, 17, -11)
(12, 0| 207, -8, 17, -11)
(12, 0| 206, -10, 18, -10)
(12, 0| 206, -10, 19, -9)
(12, 0| 208, -7, 19, -9)
(12, 0| 207, -8, 20, -8)
(12, 0| 207, -8, 21, -7)
(12, 0| 209, -5, 21, -7)
(12, 0| 208, -7, 22, -6)
(12, 0| 210, -3, 22, -6)
(12, 0| 209, -5, 23, -5)
(12, 0| 209, -5, 24, -4)
(12, 0| 211, -1, 24, -4)
(12, 0| 210, -3, 25, -3)
(12, 0| 210, -3, 26, -2)
(12, 0| 212, 0, 26, -2)
(12, 0| 211, -1, 27, -1)
(12, 0| 211, -1, 28, 0)
(13, 0| 213, -26, 28, -28)
(13, 0| 212, -28, 29, -27)
(13, 0| 214, -24, 29, -27)
(13, 0| 213, -26, 30, -26)
(13, 0| 213, -26, 31, -25)
(13, 0| 215, -23, 31, -25)
(13, 0| 214, -24, 32, -24)
(13, 0| 214, -24, 33, -23)
(13, 0| 216, -21, 33, -23)
(13, 0| 215, -23, 34, -22)
(13, 0| 217, -19, 34, -22)
(13, 0| 216, -21, 35, -21)
(13, 0| 216, -21, 36, -20)
(13, 0| 218, -18, 36, -20)
(13, 0| 217, -19, 37, -19)
(13, 0| 217, -19, 38, -18)
(13, 0| 219, -16, 38, -18)
(13, 0| 218, -18, 39, -17)
(13, 0| 220, -14, 39, -17)
(13, 0| 219, -16, 40, -16)
(13, 0| 219, -16, 41, -15)
(13, 0| 221, -13, 41, -15)
(13, 0| 220, -14, 42, -14)
(13, 0| 220, -14, 43, -13)
(13, 0| 222, -11, 43, -13)
(13, 0| 221, -13, 44, -12)
(13, 0| 223, -9, 44, -12)
(13, 0| 222, -11, 45, -11)
(13, 0| 222, -11, 46, -10)
(13, 0| 224, -8, 46, -10)
(13, 0| 223, -9, 47, -9)
(13, 0| 223, -9, 48, -8)
(13, 0| 225, -6, 48, -8)
(13, 0| 224, -8, 49, -7)
(13, 0| 226, -4, 49, -7)
(13, 0| 225, -6, 50, -6)
(13, 0| 225, -6, 51, -5)
(13, 0| 227, -3, 51, -5)
(13, 0| 226, -4, 52, -4)
(13, 0| 226, -4, 53, -3)
(13, 0| 228, -1, 53, -3)
(13, 0| 227, -3, 54, -2)
(13, 0| 229, 0, 54, -2)
(13, 0| 228, -1, 55, -1)
(13, 0| 228, -1, 56, 0)
(14, 0| 230, -26, 56, -28)
(14, 0| 229, -28, 57, -27)
(14, 0| 231, -24, 57, -27)
(14, 0| 230, -26, 58, -26)
(14, 0| 230, -26, 59, -25)
(14, 0| 232, -22, 59, -25)
(14, 0| 231, -24, 60, -24)
(14, 0| 231, -24, 61, -23)
(14, 0| 233, -21, 61, -23)
(14, 0| 232, -22, 62, -22)
(14, 0| 232, -22, 63, -21)
(14, 0| 234, -19, 63, -21)
(14, 0| 233, -21, 64, -20)
(14, 0| 235, -17, 64, -20)
(14, 0| 234, -19, 65, -19)
(14, 0| 234, -19, 66, -18)
(14, 0| 236, -15, 66, -18)
(14, 0| 235, -17, 67, -17)
(14, 0| 235, -17, 68, -16)
(14, 0| 237, -14, 68, -16)
(14, 0| 236, -15, 69, -15)
(14, 0| 236, -15, 70, -14)
(14, 0| 238, -12, 70, -14)
(14, 0| 237, -14, 71, -13)
(14, 0| 239, -10, 71, -13)
(14, 0| 238, -12, 72, -12)
(14, 0| 238, -12, 73, -11)
(14, 0| 240, -8, 73, -11)
(14, 0| 239, -10, 74, -10)
(14, 0| 239, -10, 75, -9)
(14, 0| 241, -7, 75, -9)
(14, 0| 240, -8, 76, -8)
(14, 0| 240, -8, 77, -7)
(14, 0| 242, -5, 77, -7)
(14, 0| 241, -7, 78, -6)
(14, 0| 243, -3, 78, -6)
(14, 0| 242, -5, 79, -5)
(14, 0| 242, -5, 80, -4)
(14, 0| 244, -1, 80, -4)
(14, 0| 243, -3, 81, -3)
(14, 0| 243, -3, 82, -2)
(14, 0| 245, 0, 82, -2)
(14, 0| 244, -1, 83, -1)
(14, 0| 244, -1, 84, 0)
(15, 0| 246, -27, 84, -29)
(15, 0| 245, -29, 85, -28)
(15, 0| 247, -25, 85, -28)
(15, 0| 246, -27, 86, -27)
(15, 0| 246, -27, 87, -26)
(15, 0| 248, -23, 87, -26)
(15, 0| 247, -25, 88, -25)
(15, 0| 247, -25, 89, -24)
(15, 0| 249, -21, 89, -24)
(15, 0| 248, -23, 90, -23)
(15, 0| 248, -23, 91, -22)
(15, 0| 250, -19, 91, -22)
(15, 0| 249, -21, 92, -21)
(15, 0| 249, -21, 93, -20)
(15, 0| 251, -18, 93, -20)
(15, 0| 250, -19, 94, -19)
(15, 0| 250, -19, 95, -18)
(15, 0| 252, -16, 95, -18)
(15, 0| 251, -18, 96, -17)
(15, 0| 253, -14, 96, -17)
(15, 0| 252, -16, 97, -16)
(15, 0| 252, -16, 98, -15)
(15, 0| 254, -12, 98, -15)
(15, 0| 253, -14, 99, -14)
(15, 0| 253, -14, 100, -13)
(15, 0| 255, -10, 100, -13)
(15, 0| 254, -12, 101, -12)
(15, 0| 254, -12, 102, -11)
(15, 0| 256, -9, 102, -11)
(15, 0| 255, -10, 103, -10)
(15, 0| 255, -10, 104, -9)
(15, 0| 257, -7, 104, -9)
(15, 0| 256, -9, 105, -8)
(15, 0| 258, -5, 105, -8)
(15, 0| 257, -7, 106, -7)
(15, 0| 257, -7, 107, -6)
(15, 0| 259, -3, 107, -6)
(15, 0| 258, -5, 108, -5)
(15, 0| 258, -5, 109, -4)
(15, 0| 260, -1, 109, -4)
(15, 0| 259, -3, 110, -3)
(15, 0| 259, -3, 111, -2)
(15, 0| 261, 0, 111, -2)
(15, 0| 260, -1, 112, -1)
(15, 0| 260, -1, 113, 0)
(16, 0| 262, -26, 113, -28)
(16, 0| 261, -28, 114, -27)
(16, 0| 263, -24, 114, -27)
(16, 0| 262, -26, 115, -26)
(16, 0| 262, -26, 116, -25)
(16, 0| 264, -23, 116, -25)
(16, 0| 263, -24, 117, -24)
(16, 0| 263, -24, 118, -23)
(16, 0| 265, -21, 118, -23)
(16, 0| 264, -23, 119, -22)
(16, 0| 266, -19, 119, -22)
(16, 0| 265, -21, 120, -21)
(16, 0| 265, -21, 121, -20)
(16, 0| 267, -18, 121, -20)
(16, 0| 266, -19, 122, -19)
(16, 0| 266, -19, 123, -18)
(16, 0| 268, -16, 123, -18)
(16, 0| 267, -18, 124, -17)
(16, 0| 269, -14, 124, -17)
(16, 0| 268, -16, 125, -16)
(16, 0| 268, -16, 126, -15)
(16, 0| 270, -13, 126, -15)
(16, 0| 269, -14, 127, -14)
(16, 0| 269, -14, 128, -13)
(16, 0| 271, -11, 128, -13)
(16, 0| 270, -13, 129, -12)
(16, 0| 272, -9, 129, -12)
(16, 0| 271, -11, 130, -11)
(16, 0| 271, -11, 131, -10)
(16, 0| 273, -8, 131, -10)
(16, 0| 272, -9, 132, -9)
(16, 0| 272, -9, 133, -8)
(16, 0| 274, -6, 133, -8)
(16, 0| 273, -8, 134, -7)
(16, 0| 275, -4, 134, -7)
(16, 0| 274, -6, 135, -6)
(16, 0| 274, -6, 136, -5)
(16, 0| 276, -3, 136, -5)
(16, 0| 275, -4, 137, -4)
(16, 0| 275, -4, 138, -3)
(16, 0| 277, -1, 138, -3)
(16, 0| 276, -3, 139, -2)
(16, 0| 278, 0, 139, -2)
(16, 0| 277, -1, 140, -1)
(16, 0| 277, -1, 141, 0)
(17, 0| 279, -26, 141, -28)
(17, 0| 278, -28, 142, -27)
(17, 0| 280, -24, 142, -27)
(17, 0| 279, -26, 143, -26)
(17, 0| 279, -26, 144, -25)
(17, 0| 281, -22, 144, -25)
(17, 0| 280, -24, 145, -24)
(17, 0| 280, -24, 146, -23)
(17, 0| 282, -21, 146, -23)
(17, 0| 281, -22, 147, -22)
(17, 0| 281, -22, 148, -21)
(17, 0| 283, -19, 148, -21)
(17, 0| 282, -21, 149, -20)
(17, 0| 284, -17, 149, -20)
(17, 0| 283, -19, 150, -19)
(17, 0| 283, -19, 151, -18)
(17, 0| 285, -15, 151, -18)
(17, 0| 284, -17, 152, -17)
(17, 0| 284, -17, 153, -16)
(17, 0| 286, -14, 153, -16)
(17, 0| 285, -15, 154, -15)
(17, 0| 285, -15, 155, -14)
(17, 0| 287, -12, 155, -14)
(17, 0| 286, -14, 156, -13)
(17, 0| 288, -10, 156, -13)
(17, 0| 287, -12, 157, -12)
(17, 0| 287, -12, 158, -11)
(17, 0| 289, -8, 158, -11)
(17, 0| 288, -10, 159, -10)
(17, 0| 288, -10, 160, -9)
(17, 0| 290, -7, 160, -9)
(17, 0| 289, -8, 161, -8)
(17, 0| 289, -8, 162, -7)
(17, 0| 291, -5, 162, -7)
(17, 0| 290, -7, 163, -6)
(17, 0| 292, -3, 163, -6)
(17, 0| 291, -5, 164, -5)
(17, 0| 291, -5, 165, -4)
(17, 0| 293, -1, 165, -4)
(17, 0| 292, -3, 166, -3)
(17, 0| 292, -3, 167, -2)
(17, 0| 294, 0, 167, -2)
(17, 0| 293, -1, 168, -1)
(17, 0| 293, -1, 169, 0)
(0, 1| -28, -26, -322, -28)
(0, 1| -29, -28, -321, -27)
(0, 1| -27, -24, -321, -27)
(0, 1| -28, -26, -320, -26)
(0, 1| -28, -26, -319, -25)
(0, 1| -26, -22, -319, -25)
(0, 1| -27, -24, -318, -24)
(0, 1| -27, -24, -317, -23)
(0, 1| -25, -21, -317, -23)
(0, 1| -26, -22, -316, -22)
(0, 1| -26, -22, -315, -21)
(0, 1| -24, -19, -315, -21)
(0, 1| -25, -21, -314, -20)
(0, 1| -23, -17, -314, -20)
(0, 1| -24, -19, -313, -19)
(0, 1| -24, -19, -312, -18)
(0, 1| -22, -15, -312, -18)
(0, 1| -23, -17, -311, -17)
(0, 1| -23, -17, -310, -16)
(0, 1| -21, -14, -310, -16)
(0, 1| -22, -15, -309, -15)
(0, 1| -22, -15, -308, -14)
(0, 1| -20, -12, -308, -14)
(0, 1| -21, -14, -307, -13)
(0, 1| -19, -10, -307, -13)
(0, 1| -20, -12, -306, -12)
(0, 1| -20, -12, -305, -11)
(0, 1| -18, -8, -305, -11)
(0, 1| -19, -10, -304, -10)
(0, 1| -19, -10, -303, -9)
(0, 1| -17, -7, -303, -9)
(0, 1| -18, -8, -302, -8)
(0, 1| -18, -8, -301, -7)
(0, 1| -16, -5, -301, -7)
(0, 1| -17, -7, -300, -6)
(0, 1| -15, -3, -300, -6)
(0, 1| -16, -5, -299, -5)
(0, 1| -16, -5, -298, -4)
(0, 1| -14, -1, -298, -4)
(0, 1| -15, -3, -297, -3)
(0, 1| -15, -3, -296, -2)
(0, 1| -13, 0, -296, -2)
(0, 1| -14, -1, -295, -1)
(0, 1| -14, -1, -294, 0)
(1, 1| -12, -26, -294, -28)
(1, 1| -13, -28, -293, -27)
(1, 1| -11, -24, -293, -27)
(1, 1| -12, -26, -292, -26)
(1, 1| -12, -26, -291, -25)
(1, 1| -10, -23, -291, -25)
(1, 1| -11, -24, -290, -24)
(1, 1| -11, -24, -289, -23)
(1, 1| -9, -21, -289, -23)
(1, 1| -10, -23, -288, -22)
(1, 1| -8, -19, -288, -22)
(1, 1| -9, -21, -287, -21)
(1, 1| -9, -21, -286, -20)
(1, 1| -7, -18, -286, -20)
(1, 1| -8, -19, -285, -19)
(1, 1| -8, -19, -284, -18)
(1, 1| -6, -16, -284, -18)
(1, 1| -7, -18, -283, -17)
(1, 1| -5, -14, -283, -17)
(1, 1| -6, -16, -282, -16)
(1, 1| -6, -16, -281, -15)
(1, 1| -4, -13, -281, -15)
(1, 1| -5, -14, -280, -14)
(1, 1| -5, -14, -279, -13)
(1, 1| -3, -11, -279, -13)
(1, 1| -4, -13, -278, -12)
(1, 1| -2, -9, -278, -12)
(1, 1| -3, -11, -277, -11)
(1, 1| -3, -11, -276, -10)
(1, 1| -1, -8, -276, -10)
(1, 1| -2, -9, -275, -9)
(1, 1| -2, -9, -274, -8)
(1, 1| 0, -6, -274, -8)
(1, 1| -1, -8, -273, -7)
(1, 1| 1, -4, -273, -7)
(1, 1| 0, -6, -272, -6)
(1, 1| 0, -6, -271, -5)
(1, 1| 2, -3, -271, -5)
(1, 1| 1, -4, -270, -4)
(1, 1| 1, -4, -269, -3)
(1, 1| 3, -1, -269, -3)
(1, 1| 2, -3, -268, -2)
(1, 1| 4, 0, -268, -2)
(1, 1| 3, -1, -267, -1)
(1, 1| 3, -1, -266, 0)
(2, 1| 5, -27, -266, -29)
(2, 1| 4, -29, -265, -28)
(2, 1| 6, -25, -265, -28)
(2, 1| 5, -27, -264, -27)
(2, 1| 5, -27, -263, -26)
(2, 1| 7, -23, -263, -26)
(2, 1| 6, -25, -262, -25)
(2, 1| 6, -25, -261, -24)
(2, 1| 8, -21, -261, -24)
(2, 1| 7, -23, -260, -23)
(2, 1| 7, -23, -259, -22)
(2, 1| 9, -19, -259, -22)
(2, 1| 8, -21, -258, -21)
(2, 1| 8, -21, -257, -20)
(2, 1| 10, -18, -257, -20)
(2, 1| 9, -19, -256, -19)
(2, 1| 9, -19, -255, -18)
(2, 1| 11, -16, -255, -18)
(2, 1| 10, -18, -254, -17)
(2, 1| 12, -14, -254, -17)
(2, 1| 11, -16, -253, -16)
(2, 1| 11, -16, -252, -15)
(2, 1| 13, -12, -252, -15)
(2, 1| 12, -14, -251, -14)
(2, 1| 12, -14, -250, -13)
(2, 1| 14, -10, -250, -13)
(2, 1| 13, -12, -249, -12)
(2, 1| 13, -12, -248, -11)
(2, 1| 15, -9, -248, -11)
(2, 1| 14, -10, -247, -10)
(2, 1| 14, -10, -246, -9)
(2, 1| 16, -7, -246, -9)
(2, 1| 15, -9, -245, -8)
(2, 1| 17, -5, -245, -8)
(2, 1| 16, -7, -244, -7)
(2, 1| 16, -7, -243, -6)
(2, 1| 18, -3, -243, -6)
(2, 1| 17, -5, -242, -5)
(2, 1| 17, -5, -241, -4)
(2, 1| 19, -1, -241, -4)
(2, 1| 18, -3, -240, -3)
(2, 1| 18, -3, -239, -2)
(2, 1| 20, 0, -239, -2)
(2, 1| 19, -1, -238, -1)
(2, 1| 19, -1, -237, 0)
(3, 1| 21, -26, -237, -28)
(3, 1| 20, -28, -236, -27)
(3, 1| 22, -24, -236, -27)
(3, 1| 21, -26, -235, -26)
(3, 1| 21, -26, -234, -25)
(3, 1| 23, -22, -234, -25)
(3, 1| 22, -24, -233, -24)
(3, 1| 22, -24, -232, -23)
(3, 1| 24, -21, -232, -23)
(3, 1| 23, -22, -231, -22)
(3, 1| 23, -22, -230, -21)
(3, 1| 25, -19, -230, -21)
(3, 1| 24, -21, -229, -20)
(3, 1| 26, -17, -229, -20)
(3, 1| 25, -19, -228, -19)
(3, 1| 25, -19, -227, -18)
(3, 1| 27, -15, -227, -18)
(3, 1| 26, -17, -226, -17)
(3, 1| 26, -17, -225, -16)
(3, 1| 28, -14, -225, -16)
(3, 1| 27, -15, -224, -15)
(3, 1| 27, -15, -223, -14)
(3, 1| 29, -12, -223, -14)
(3, 1| 28, -14, -222, -13)
(3, 1| 30, -10, -222, -13)
(3, 1| 29, -12, -221, -12)
(3, 1| 29, -12, -220, -11)
(3, 1| 31, -8, -220, -11)
(3, 1| 30, -10, -219, -10)
(3, 1| 30, -10, -218, -9)
(3, 1| 32, -7, -218, -9)
(3, 1| 31, -8, -217, -8)
(3, 1| 31, -8, -216, -7)
(3, 1| 33, -5, -216, -7)
(3, 1| 32, -7, -215, -6)
(3, 1| 34, -3, -215, -6)
(3, 1| 33, -5, -214, -5)
(3, 1| 33, -5, -213, -4)
(3, 1| 35, -1, -213, -4)
(3, 1| 34, -3, -212, -3)
(3, 1| 34, -3, -211, -2)
(3, 1| 36, 0, -211, -2)
(3, 1| 35, -1, -210, -1)
(3, 1| 35, -1, -209, 0)
(4, 1| 37, -26, -209, -28)
(4, 1| 36, -28, -208, -27)
(4, 1| 38, -24, -208, -27)
(4, 1| 37, -26, -207, -26)
(4, 1| 37, -26, -206, -25)
(4, 1| 39, -23, -206, -25)
(4, 1| 38, -24, -205, -24)
(4, 1| 38, -24, -204, -23)
(4, 1| 40, -21, -204, -23)
(4, 1| 39, -23, -203, -22)
(4, 1| 41, -19, -203, -22)
(4, 1| 40, -21, -202, -21)
(4, 1| 40, -21, -201, -20)
(4, 1| 42, -18, -201, -20)
(4, 1| 41, -19, -200, -19)
(4, 1| 41, -19, -199, -18)
(4, 1| 43, -16, -199, -18)
(4, 1| 42, -18, -198, -17)
(4, 1| 44, -14, -198, -17)
(4, 1| 43, -16, -197, -16)
(4, 1| 43, -16, -196, -15)
(4, 1| 45, -13, -196, -15)
(4, 1| 44, -14, -195, -14)
(4, 1| 44, -14, -194, -13)
(4, 1| 46, -11, -194, -13)
(4, 1| 45, -13, -193, -12)
(4, 1| 47, -9, -193, -12)
(4, 1| 46, -11, -192, -11)
(4, 1| 46, -11, -191, -10)
(4, 1| 48, -8, -191, -10)
(4, 1| 47, -9, -190, -9)
(4, 1| 47, -9, -189, -8)
(4, 1| 49, -6, -189, -8)
(4, 1| 48, -8, -188, -7)
(4, 1| 50, -4, -188, -7)
(4, 1| 49, -6, -187, -6)
(4, 1| 49, -6, -186, -5)
(4, 1| 51, -3, -186, -5)
(4, 1| 50, -4, -185, -4)
(4, 1| 50, -4, -184, -3)
(4, 1| 52, -1, -184, -3)
(4, 1| 51, -3, -183, -2)
(4, 1| 53, 0, -183, -2)
(4, 1| 52, -1, -182, -1)
(4, 1| 52, -1, -181, 0)
(5, 1| 54, -26, -181, -28)
(5, 1| 53, -28, -180, -27)
(5, 1| 55, -24, -180, -27)
(5, 1| 54, -26, -179, -26)
(5, 1| 54, -26, -178, -25)
(5, 1| 56, -22, -178, -25)
(5, 1| 55, -24, -177, -24)
(5, 1| 55, -24, -176, -23)
(5, 1| 57, -21, -176, -23)
(5, 1| 56, -22, -175, -22)
(5, 1| 56, -22, -174, -21)
(5, 1| 58, -19, -174, -21)
(5, 1| 57, -21, -173, -20)
(5, 1| 59, -17, -173, -20)
(5, 1| 58, -19, -172, -19)
(5, 1| 58, -19, -171, -18)
(5, 1| 60, -15, -171, -18)
(5, 1| 59, -17, -170, -17)
(5, 1| 59, -17, -169, -16)
(5, 1| 61, -14, -169, -16)
(5, 1| 60, -15, -168, -15)
(5, 1| 60, -15, -167, -14)
(5, 1| 62, -12, -167, -14)
(5, 1| 61, -14, -166, -13)
(5, 1| 63, -10, -166, -13)
(5, 1| 62, -12, -165, -12)
(5, 1| 62, -12, -164, -11)
(5, 1| 64, -8, -164, -11)
(5, 1| 63, -10, -163, -10)
(5, 1| 63, -10, -162, -9)
(5, 1| 65, -7, -162, -9)
(5, 1| 64, -8, -161, -8)
(5, 1| 64, -8, -160, -7)
(5, 1| 66, -5, -160, -7)
(5, 1| 65, -7, -159, -6)
(5, 1| 67, -3, -159, -6)
(5, 1| 66, -5, -158, -5)
(5, 1| 66, -5, -157, -4)
(5, 1| 68, -1, -157, -4)
(5, 1| 67, -3, -156, -3)
(5, 1| 67, -3, -155, -2)
(5, 1| 69, 0, -155, -2)
(5, 1| 68, -1, -154, -1)
(5, 1| 68, -1, -153, 0)
(6, 1| 70, -27, -153, -29)
(6, 1| 69, -29, -152, -28)
(6, 1| 71, -25, -152, -28)
(6, 1| 70, -27, -151, -27)
(6, 1| 70, -27, -150, -26)
(6, 1| 72, -23, -150, -26)
(6, 1| 71, -25, -149, -25)
(6, 1| 71, -25, -148, -24)
(6, 1| 73, -21, -148, -24)
(6, 1| 72, -23, -147, -23)
(6, 1| 72, -23, -146, -22)
(6, 1| 74, -19, -146, -22)
(6, 1| 73, -21, -145, -21)
(6, 1| 73, -21, -144, -20)
(6, 1| 75, -18, -144, -20)
(6, 1| 74, -19, -143, -19)
(6, 1| 74, -19, -142, -18)
(6, 1| 76, -16, -142, -18)
(6, 1| 75, -18, -141, -17)
(6, 1| 77, -14, -141, -17)
(6, 1| 76, -16, -140, -16)
(6, 1| 76, -16, -139, -15)
(6, 1| 78, -12, -139, -15)
(6, 1| 77, -14, -138, -14)
(6, 1| 77, -14, -137, -13)
(6, 1| 79, -10, -137, -13)
(6, 1| 78, -12, -136, -12)
(6, 1| 78, -12, -135, -11)
(6, 1| 80, -9, -135, -11)
(6, 1| 79, -10, -134, -10)
(6, 1| 79, -10, -133, -9)
(6, 1| 81, -7, -133, -9)
(6, 1| 80, -9, -132, -8)
(6, 1| 82, -5, -132, -8)
(6, 1| 81, -7, -131, -7)
(6, 1| 81, -7, -130, -6)
(6, 1| 83, -3, -130, -6)
(6, 1| 82, -5, -129, -5)
(6, 1| 82, -5, -128, -4)
(6, 1| 84, -1, -128, -4)
(6, 1| 83, -3, -127, -3)
(6, 1| 83, -3, -126, -2)
(6, 1| 85, 0, -126, -2)
(6, 1| 84, -1, -125, -1)
(6, 1| 84, -1, -124, 0)
(7, 1| 86, -26, -124, -28)
(7, 1| 85, -28, -123, -27)
(7, 1| 87, -24, -123, -27)
(7, 1| 86, -26, -122, -26)
(7, 1| 86, -26, -121, -25)
(7, 1| 88, -23, -121, -25)
(7, 1| 87, -24, -120, -24)
(7, 1| 87, -24, -119, -23)
(7, 1| 89, -21, -119, -23)
(7, 1| 88, -23, -118, -22)
(7, 1| 90, -19, -118, -22)
(7, 1| 89, -21, -117, -21)
(7, 1| 89, -21, -116, -20)
(7, 1| 91, -18, -116, -20)
(7, 1| 90, -19, -115, -19)
(7, 1| 90, -19, -114, -18)
(7, 1| 92, -16, -114, -18)
(7, 1| 91, -18, -113, -17)
(7, 1| 93, -14, -113, -17)
(7, 1| 92, -16, -112, -16)
(7, 1| 92, -16, -111, -15)
(7, 1| 94, -13, -111, -15)
(7, 1| 93, -14, -110, -14)
(7, 1| 93, -14, -109, -13)
(7, 1| 95, -11, -109, -13)
(7, 1| 94, -13, -108, -12)
(7, 1| 96, -9, -108, -12)
(7, 1| 95, -11, -107, -11)
(7, 1| 95, -11, -106, -10)
(7, 1| 97, -8, -106, -10)
(7, 1| 96, -9, -105, -9)
(7, 1| 96, -9, -104, -8)
(7, 1| 98, -6, -104, -8)
(7, 1| 97, -8, -103, -7)
(7, 1| 99, -4, -103, -7)
(7, 1| 98, -6, -102, -6)
(7, 1| 98, -6, -101, -5)
(7, 1| 100, -3, -101, -5)
(7, 1| 99, -4, -100, -4)
(7, 1| 99, -4, -99, -3)
(7, 1| 101, -1, -99, -3)
(7, 1| 100, -3, -98, -2)
(7, 1| 102, 0, -98, -2)
(7, 1| 101, -1, -97, -1)
(7, 1| 101, -1, -96, 0)
(8, 1| 103, -26, -96, -28)
(8, 1| 102, -28, -95, -27)
(8, 1| 104, -24, -95, -27)
(8, 1| 103, -26, -94, -26)
(8, 1| 103, -26, -93, -25)
(8, 1| 105, -22, -93, -25)
(8, 1| 104, -24, -92, -24)
(8, 1| 104, -24, -91, -23)
(8, 1| 106, -21, -91, -23)
(8, 1| 105, -22, -90, -22)
(8, 1| 105, -22, -89, -21)
(8, 1| 107, -19, -89, -21)
(8, 1| 106, -21, -88, -20)
(8, 1| 108, -17, -88, -20)
(8, 1| 107, -19, -87, -19)
(8, 1| 107, -19, -86, -18)
(8, 1| 109, -15, -86, -18)
(8, 1| 108, -17, -85, -17)
(8, 1| 108, -17, -84, -16)
(8, 1| 110, -14, -84, -16)
(8, 1| 109, -15, -83, -15)
(8, 1| 109, -15, -82, -14)
(8, 1| 111, -12, -82, -14)
(8, 1| 110, -14, -81, -13)
(8, 1| 112, -10, -81, -13)
(8, 1| 111, -12, -80, -12)
(8, 1| 111, -12, -79, -11)
(8, 1| 113, -8, -79, -11)
(8, 1| 112, -10, -78, -10)
(8, 1| 112, -10, -77, -9)
(8, 1| 114, -7, -77, -9)
(8, 1| 113, -8, -76, -8)
(8, 1| 113, -8, -75, -7)
(8, 1| 115, -5, -75, -7)
(8, 1| 114, -7, -74, -6)
(8, 1| 116, -3, -74, -6)
(8, 1| 115, -5, -73, -5)
(8, 1| 115, -5, -72, -4)
(8, 1| 117, -1, -72, -4)
(8, 1| 116, -3, -71, -3)
(8, 1| 116, -3, -70, -2)
(8, 1| 118, 0, -70, -2)
(8, 1| 117, -1, -69, -1)
(8, 1| 117, -1, -68, 0)
(9, 1| 119, -26, -68, -28)
(9, 1| 118, -28, -67, -27)
(9, 1| 120, -24, -67, -27)
(9, 1| 119, -26, -66, -26)
(9, 1| 119, -26, -65, -25)
(9, 1| 121, -22, -65, -25)
(9, 1| 120, -24, -64, -24)
(9, 1| 120, -24, -63, -23)
(9, 1| 122, -21, -63, -23)
(9, 1| 121, -22, -62, -22)
(9, 1| 121, -22, -61, -21)
(9, 1| 123, -19, -61, -21)
(9, 1| 122, -21, -60, -20)
(9, 1| 124, -17, -60, -20)
(9, 1| 123, -19, -59, -19)
(9, 1| 123, -19, -58, -18)
(9, 1| 125, -15, -58, -18)
(9, 1| 124, -17, -57, -17)
(9, 1| 124, -17, -56, -16)
(9, 1| 126, -14, -56, -16)
(9, 1| 125, -15, -55, -15)
(9, 1| 125, -15, -54, -14)
(9, 1| 127, -12, -54, -14)
(9, 1| 126, -14, -53, -13)
(9, 1| 128, -10, -53, -13)
(9, 1| 127, -12, -52, -12)
(9, 1| 127, -12, -51, -11)
(9, 1| 129, -8, -51, -11)
(9, 1| 128, -10, -50, -10)
(9, 1| 128, -10, -49, -9)
(9, 1| 130, -7, -49, -9)
(9, 1| 129, -8, -48, -8)
(9, 1| 129, -8, -47, -7)
(9, 1| 131, -5, -47, -7)
(9, 1| 130, -7, -46, -6)
(9, 1| 132, -3, -46, -6)
(9, 1| 131, -5, -45, -5)
(9, 1| 131, -5, -44, -4)
(9, 1| 133, -1, -44, -4)
(9, 1| 132, -3, -43, -3)
(9, 1| 132, -3, -42, -2)
(9, 1| 134, 0, -42, -2)
(9, 1| 133, -1, -41, -1)
(9, 1| 133, -1, -40, 0)
(10, 1| 135, -26, -40, -28)
(10, 1| 134, -28, -39, -27)
(10, 1| 136, -24, -39, -27)
(10, 1| 135, -26, -38, -26)
(10, 1| 135, -26, -37, -25)
(10, 1| 137, -23, -37, -25)
(10, 1| 136, -24, -36, -24)
(10, 1| 136, -24, -35, -23)
(10, 1| 138, -21, -35, -23)
(10, 1| 137, -23, -34, -22)
(10, 1| 139, -19, -34, -22)
(10, 1| 138, -21, -33, -21)
(10, 1| 138, -21, -32, -20)
(10, 1| 140, -18, -32, -20)
(10, 1| 139, -19, -31, -19)
(10, 1| 139, -19, -30, -18)
(10, 1| 141, -16, -30, -18)
(10, 1| 140, -18, -29, -17)
(10, 1| 142, -14, -29, -17)
(10, 1| 141, -16, -28, -16)
(10, 1| 141, -16, -27, -15)
(10, 1| 143, -13, -27, -15)
(10, 1| 142, -14, -26, -14)
(10, 1| 142, -14, -25, -13)
(10, 1| 144, -11, -25, -13)
(10, 1| 143, -13, -24, -12)
(10, 1| 145, -9, -24, -12)
(10, 1| 144, -11, -23, -11)
(10, 1| 144, -11, -22, -10)
(10, 1| 146, -8, -22, -10)
(10, 1| 145, -9, -21, -9)
(10, 1| 145, -9, -20, -8)
(10, 1| 147, -6, -20, -8)
(10, 1| 146, -8, -19, -7)
(10, 1| 148, -4, -19, -7)
(10, 1| 147, -6, -18, -6)
(10, 1| 147, -6, -17, -5)
(10, 1| 149, -3, -17, -5)
(10, 1| 148, -4, -16, -4)
(10, 1| 148, -4, -15, -3)
(10, 1| 150, -1, -15, -3)
(10, 1| 149, -3, -14, -2)
(10, 1| 151, 0, -14, -2)
(10, 1| 150, -1, -13, -1)
(10, 1| 150, -1, -12, 0)
(11, 1| 152, -27, -12, -29)
(11, 1| 151, -29, -11, -28)
(11, 1| 153, -25, -11, -28)
(11, 1| 152, -27, -10, -27)
(11, 1| 152, -27, -9, -26)
(11, 1| 154, -23, -9, -26)
(11, 1| 153, -25, -8, -25)
(11, 1| 153, -25, -7, -24)
(11, 1| 155, -21, -7, -24)
(11, 1| 154, -23, -6, -23)
(11, 1| 154, -23, -5, -22)
(11, 1| 156, -19, -5, -22)
(11, 1| 155, -21, -4, -21)
(11, 1| 155, -21, -3, -20)
(11, 1| 157, -18, -3, -20)
(11, 1| 156, -19, -2, -19)
(11, 1| 156, -19, -1, -18)
(11, 1| 158, -16, -1, -18)
(11, 1| 157, -18, 0, -17)
(11, 1| 159, -14, 0, -17)
(11, 1| 158, -16, 1, -16)
(11, 1| 158, -16, 2, -15)
(11, 1| 160, -12, 2, -15)
(11, 1| 159, -14, 3, -14)
(11, 1| 159, -14, 4, -13)
(11, 1| 161, -10, 4, -13)
(11, 1| 160, -12, 5, -12)
(11, 1| 160, -12, 6, -11)
(11, 1| 162, -9, 6, -11)
(11, 1| 161, -10, 7, -10)
(11, 1| 161, -10, 8, -9)
(11, 1| 163, -7, 8, -9)
(11, 1| 162, -9, 9, -8)
(11, 1| 164, -5, 9, -8)
(11, 1| 163, -7, 10, -7)
(11, 1| 163, -7, 11, -6)
(11, 1| 165, -3, 11, -6)
(11, 1| 164, -5, 12, -5)
(11, 1| 164, -5, 13, -4)
(11, 1| 166, -1, 13, -4)
(11, 1| 165, -3, 14, -3)
(11, 1| 165, -3, 15, -2)
(11, 1| 167, 0, 15, -2)
(11, 1| 166, -1, 16, -1)
(11, 1| 166, -1, 17, 0)
(12, 1| 168, -26, 17, -28)
(12, 1| 167, -28, 18, -27)
(12, 1| 169, -24, 18, -27)
(12, 1| 168, -26, 19, -26)
(12, 1| 168, -26, 20, -25)
(12, 1| 170, -22, 20, -25)
(12, 1| 169, -24, 21, -24)
(12, 1| 169, -24, 22, -23)
(12, 1| 171, -21, 22, -23)
(12, 1| 170, -22, 23, -22)
(12, 1| 170, -22, 24, -21)
(12, 1| 172, -19, 24, -21)
(12, 1| 171, -21, 25, -20)
(12, 1| 173, -17, 25, -20)
(12, 1| 172, -19, 26, -19)
(12, 1| 172, -19, 27, -18)
(12, 1| 174, -15, 27, -18)
(12, 1| 173, -17, 28, -17)
(12, 1| 173, -17, 29, -16)
(12, 1| 175, -14, 29, -16)
(12, 1| 174, -15, 30, -15)
(12, 1| 174, -15, 31, -14)
(12, 1| 176, -12, 31, -14)
(12, 1| 175, -14, 32, -13)
(12, 1| 177, -10, 32, -13)
(12, 1| 176, -12, 33, -12)
(12, 1| 176, -12, 34, -11)
(12, 1| 178, -8, 34, -11)
(12, 1| 177, -10, 35, -10)
(12, 1| 177, -10, 36, -9)
(12, 1| 179, -7, 36, -9)
(12, 1| 178, -8, 37, -8)
(12, 1| 178, -8, 38, -7)
(12, 1| 180, -5, 38, -7)
(12, 1| 179, -7, 39, -6)
(12, 1| 181, -3, 39, -6)
(12, 1| 180, -5, 40, -5)
(12, 1| 180, -5, 41, -4)
(12, 1| 182, -1, 41, -4)
(12, 1| 181, -3, 42, -3)
(12, 1| 181, -3, 43, -2)
(12, 1| 183, 0, 43, -2)
(12, 1| 182, -1, 44, -1)
(12, 1| 182, -1, 45, 0)
(13, 1| 184, -26, 45, -28)
(13, 1| 183, -28, 46, -27)
(13, 1| 185, -24, 46, -27)
(13, 1| 184, -26, 47, -26)
(13, 1| 184, -26, 48, -25)
(13, 1| 186, -23, 48, -25)
(13, 1| 185, -24, 49, -24)
(13, 1| 185, -24, 50, -23)
(13, 1| 187, -21, 50, -23)
(13, 1| 186, -23, 51, -22)
(13, 1| 188, -19, 51, -22)
(13, 1| 187, -21, 52, -21)
(13, 1| 187, -21, 53, -20)
(13, 1| 189, -18, 53, -20)
(13, 1| 188, -19, 54, -19)
(13, 1| 188, -19, 55, -18)
(13, 1| 190, -16, 55, -18)
(13, 1| 189, -18, 56, -17)
(13, 1| 191, -14, 56, -17)
(13, 1| 190, -16, 57, -16)
(13, 1| 190, -16, 58, -15)
(13, 1| 192, -13, 58, -15)
(13, 1| 191, -14, 59, -14)
(13, 1| 191, -14, 60, -13)
(13, 1| 193, -11, 60, -13)
(13, 1| 192, -13, 61, -12)
(13, 1| 194, -9, 61, -12)
(13, 1| 193, -11, 62, -11)
(13, 1| 193, -11, 63, -10)
(13, 1| 195, -8, 63, -10)
(13, 1| 194, -9, 64, -9)
(13, 1| 194, -9, 65, -8)
(13, 1| 196, -6, 65, -8)
(13, 1| 195, -8, 66, -7)
(13, 1| 197, -4, 66, -7)
(13, 1| 196, -6, 67, -6)
(13, 1| 196, -6, 68, -5)
(13, 1| 198, -3, 68, -5)
(13, 1| 197, -4, 69, -4)
(13, 1| 197, -4, 70, -3)
(13, 1| 199, -1, 70, -3)
(13, 1| 198, -3, 71, -2)
(13, 1| 200, 0, 71, -2)
(13, 1| 199, -1, 72, -1)
(13, 1| 199, -1, 73, 0)
(14, 1| 201, -26, 73, -28)
(14, 1| 200, -28, 74, -27)
(14, 1| 202, -24, 74, -27)
(14, 1| 201, -26, 75, -26)
(14, 1| 201, -26, 76, -25)
(14, 1| 203, -22, 76, -25)
(14, 1| 202, -24, 77, -24)
(14, 1| 202, -24, 78, -23)
(14, 1| 204, -21, 78, -23)
(14, 1| 203, -22, 79, -22)
(14, 1| 203, -22, 80, -21)
(14, 1| 205, -19, 80, -21)
(14, 1| 204, -21, 81, -20)
(14, 1| 206, -17, 81, -20)
(14, 1| 205, -19, 82, -19)
(14, 1| 205, -19, 83, -18)
(14, 1| 207, -15, 83, -18)
(14, 1| 206, -17, 84, -17)
(14, 1| 206, -17, 85, -16)
(14, 1| 208, -14, 85, -16)
(14, 1| 207, -15, 86, -15)
(14, 1| 207, -15, 87, -14)
(14, 1| 209, -12, 87, -14)
(14, 1| 208, -14, 88, -13)
(14, 1| 210, -10, 88, -13)
(14, 1| 209, -12, 89, -12)
(14, 1| 209, -12, 90, -11)
(14, 1| 211, -8, 90, -11)
(14, 1| 210, -10, 91, -10)
(14, 1| 210, -10, 92, -9)
(14, 1| 212, -7, 92, -9)
(14, 1| 211, -8, 93, -8)
(14, 1| 211, -8, 94, -7)
(14, 1| 213, -5, 94, -7)
(14, 1| 212, -7, 95, -6)
(14, 1| 214, -3, 95, -6)
(14, 1| 213, -5, 96, -5)
(14, 1| 213, -5, 97, -4)
(14, 1| 215, -1, 97, -4)
(14, 1| 214, -3, 98, -3)
(14, 1| 214, -3, 99, -2)
(14, 1| 216, 0, 99, -2)
(14, 1| 215, -1, 100, -1)
(14, 1| 215, -1, 101, 0)
(15, 1| 217, -27, 101, -29)
(15, 1| 216, -29, 102, -28)
(15, 1| 218, -25, 102, -28)
(15, 1| 217, -27, 103, -27)
(15, 1| 217, -27, 104, -26)
(15, 1| 219, -23, 104, -26)
(15, 1| 218, -25, 105, -25)
(15, 1| 218, -25, 106, -24)
(15, 1| 220, -21, 106, -24)
(15, 1| 219, -23, 107, -23)
(15, 1| 219, -23, 108, -22)
(15, 1| 221, -19, 108, -22)
(15, 1| 220, -21, 109, -21)
(15, 1| 220, -21, 110, -20)
(15, 1| 222, -18, 110, -20)
(15, 1| 221, -19, 111, -19)
(15, 1| 221, -19, 112, -18)
(15, 1| 223, -16, 112, -18)
(15, 1| 222, -18, 113, -17)
(15, 1| 224, -14, 113, -17)
(15, 1| 223, -16, 114, -16)
(15, 1| 223, -16, 115, -15)
(15, 1| 225, -12, 115, -15)
(15, 1| 224, -14, 116, -14)
(15, 1| 224, -14, 117, -13)
(15, 1| 226, -10, 117, -13)
(15, 1| 225, -12, 118, -12)
(15, 1| 225, -12, 119, -11)
(15, 1| 227, -9, 119, -11)
(15, 1| 226, -10, 120, -10)
(15, 1| 226, -10, 121, -9)
(15, 1| 228, -7, 121, -9)
(15, 1| 227, -9, 122, -8)
(15, 1| 229, -5, 122, -8)
(15, 1| 228, -7, 123, -7)
(15, 1| 228, -7, 124, -6)
(15, 1| 230, -3, 124, -6)
(15, 1| 229, -5, 125, -5)
(15, 1| 229, -5, 126, -4)
(15, 1| 231, -1, 126, -4)
(15, 1| 230, -3, 127, -3)
(15, 1| 230, -3, 128, -2)
(15, 1| 232, 0, 128, -2)
(15, 1| 231, -1, 129, -1)
(15, 1| 231, -1, 130, 0)
(16, 1| 233, -26, 130, -28)
(16, 1| 232, -28, 131, -27)
(16, 1| 234, -24, 131, -27)
(16, 1| 233, -26, 132, -26)
(16, 1| 233, -26, 133, -25)
(16, 1| 235, -23, 133, -25)
(16, 1| 234, -24, 134, -24)
(16, 1| 234, -24, 135, -23)
(16, 1| 236, -21, 135, -23)
(16, 1| 235, -23, 136, -22)
(16, 1| 237, -19, 136, -22)
(16, 1| 236, -21, 137, -21)
(16, 1| 236, -21, 138, -20)
(16, 1| 238, -18, 138, -20)
(16, 1| 237, -19, 139, -19)
(16, 1| 237, -19, 140, -18)
(16, 1| 239, -16, 140, -18)
(16, 1| 238, -18, 141, -17)
(16, 1| 240, -14, 141, -17)
(16, 1| 239, -16, 142, -16)
(16, 1| 239, -16, 143, -15)
(16, 1| 241, -13, 143, -15)
(16, 1| 240, -14, 144, -14)
(16, 1| 240, -14, 145, -13)
(16, 1| 242, -11, 145, -13)
(16, 1| 241, -13, 146, -12)
(16, 1| 243, -9, 146, -12)
(16, 1| 242, -11, 147, -11)
(16, 1| 242, -11, 148, -10)
(16, 1| 244, -8, 148, -10)
(16, 1| 243, -9, 149, -9)
(16, 1| 243, -9, 150, -8)
(16, 1| 245, -6, 150, -8)
(16, 1| 244, -8, 151, -7)
(16, 1| 246, -4, 151, -7)
(16, 1| 245, -6, 152, -6)
(16, 1| 245, -6, 153, -5)
(16, 1| 247, -3, 153, -5)
(16, 1| 246, -4, 154, -4)
(16, 1| 246, -4, 155, -3)
(16, 1| 248, -1, 155, -3)
(16, 1| 247, -3, 156, -2)
(16, 1| 249, 0, 156, -2)
(16, 1| 248, -1, 157, -1)
(16, 1| 248, -1, 158, 0)
(17, 1| 250, -26, 158, -28)
(17, 1| 249, -28, 159, -27)
(17, 1| 251, -24, 159, -27)
(17, 1| 250, -26, 160, -26)
(17, 1| 250, -26, 161, -25)
(17, 1| 252, -22, 161, -25)
(17, 1| 251, -24, 162, -24)
(17, 1| 251, -24, 163, -23)
(17, 1| 253, -21, 163, -23)
(17, 1| 252, -22, 164, -22)
(17, 1| 252, -22, 165, -21)
(17, 1| 254, -19, 165, -21)
(17, 1| 253, -21, 166, -20)
(17, 1| 255, -17, 166, -20)
(17, 1| 254, -19, 167, -19)
(17, 1| 254, -19, 168, -18)
(17, 1| 256, -15, 168, -18)
(17, 1| 255, -17, 169, -17)
(17, 1| 255, -17, 170, -16)
(17, 1| 257, -14, 170, -16)
(17, 1| 256, -15, 171, -15)
(17, 1| 256, -15, 172, -14)
(17, 1| 258, -12, 172, -14)
(17, 1| 257, -14, 173, -13)
(17, 1| 259, -10, 173, -13)
(17, 1| 258, -12, 174, -12)
(17, 1| 258, -12, 175, -11)
(17, 1| 260, -8, 175, -11)
(17, 1| 259, -10, 176, -10)
(17, 1| 259, -10, 177, -9)
(17, 1| 261, -7, 177, -9)
(17, 1| 260, -8, 178, -8)
(17, 1| 260, -8, 179, -7)
(17, 1| 262, -5, 179, -7)
(17, 1| 261, -7, 180, -6)
(17, 1| 263, -3, 180, -6)
(17, 1| 262, -5, 181, -5)
(17, 1| 262, -5, 182, -4)
(17, 1| 264, -1, 182, -4)
(17, 1| 263, -3, 183, -3)
(17, 1| 263, -3, 184, -2)
(17, 1| 265, 0, 184, -2)
(17, 1| 264, -1, 185, -1)
(17, 1| 264, -1, 186, 0)
(0, 2| -58, -26, -305, -28)
(0, 2| -59, -28, -304, -27)
(0, 2| -57, -24, -304, -27)
(0, 2| -58, -26, -303, -26)
(0, 2| -58, -26, -302, -25)
(0, 2| -56, -22, -302, -25)
(0, 2| -57, -24, -301, -24)
(0, 2| -57, -24, -300, -23)
(0, 2| -55, -21, -300, -23)
(0, 2| -56, -22, -299, -22)
(0, 2| -56, -22, -298, -21)
(0, 2| -54, -19, -298, -21)
(0, 2| -55, -21, -297, -20)
(0, 2| -53, -17, -297, -20)
(0, 2| -54, -19, -296, -19)
(0, 2| -54, -19, -295, -18)
(0, 2| -52, -15, -295, -18)
(0, 2| -53, -17, -294, -17)
(0, 2| -53, -17, -293, -16)
(0, 2| -51, -14, -293, -16)
(0, 2| -52, -15, -292, -15)
(0, 2| -52, -15, -291, -14)
(0, 2| -50, -12, -291, -14)
(0, 2| -51, -14, -290, -13)
(0, 2| -49, -10, -290, -13)
(0, 2| -50, -12, -289, -12)
(0, 2| -50, -12, -288, -11)
(0, 2| -48, -8, -288, -11)
(0, 2| -49, -10, -287, -10)
(0, 2| -49, -10, -286, -9)
(0, 2| -47, -7, -286, -9)
(0, 2| -48, -8, -285, -8)
(0, 2| -48, -8, -284, -7)
(0, 2| -46, -5, -284, -7)
(0, 2| -47, -7, -283, -6)
(0, 2| -45, -3, -283, -6)
(0, 2| -46, -5, -282, -5)
(0, 2| -46, -5, -281, -4)
(0, 2| -44, -1, -281, -4)
(0, 2| -45, -3, -280, -3)
(0, 2| -45, -3, -279, -2)
(0, 2| -43, 0, -279, -2)
(0, 2| -44, -1, -278, -1)
(0, 2| -44, -1, -277, 0)
(1, 2| -42, -12, -277, -13)
(1, 2| -43, -13, -276, -12)
(1, 2| -41, -11, -276, -12)
(1, 2| -42, -12, -275, -11)
(1, 2| -40, -10, -275, -11)
(1, 2| -41, -11, -274, -10)
(1, 2| -39, -9, -274, -10)
(1, 2| -40, -10, -273, -9)
(1, 2| -38, -9, -273, -9)
(1, 2| -37, -8, -273, -9)
(1, 2| -38, -9, -272, -8)
(1, 2| -36, -7, -272, -8)
(1, 2| -37, -8, -271, -7)
(1, 2| -35, -6, -271, -7)
(1, 2| -36, -7, -270, -6)
(1, 2| -34, -6, -270, -6)
(1, 2| -33, -5, -270, -6)
(1, 2| -34, -6, -269, -5)
(1, 2| -32, -4, -269, -5)
(1, 2| -33, -5, -268, -4)
(1, 2| -31, -3, -268, -4)
(1, 2| -32, -4, -267, -3)
(1, 2| -30, -3, -267, -3)
(1, 2| -29, -2, -267, -3)
(1, 2| -30, -3, -266, -2)
(1, 2| -28, -1, -266, -2)
(1, 2| -29, -2, -265, -1)
(1, 2| -27, 0, -265, -1)
(1, 2| -28, -1, -264, 0)
(2, 2| -25, -27, -264, -29)
(2, 2| -26, -29, -263, -28)
(2, 2| -24, -25, -263, -28)
(2, 2| -25, -27, -262, -27)
(2, 2| -25, -27, -261, -26)
(2, 2| -23, -23, -261, -26)
(2, 2| -24, -25, -260, -25)
(2, 2| -24, -25, -259, -24)
(2, 2| -22, -21, -259, -24)
(2, 2| -23, -23, -258, -23)
(2, 2| -23, -23, -257, -22)
(2, 2| -21, -19, -257, -22)
(2, 2| -22, -21, -256, -21)
(2, 2| -22, -21, -255, -20)
(2, 2| -20, -18, -255, -20)
(2, 2| -21, -19, -254, -19)
(2, 2| -21, -19, -253, -18)
(2, 2| -19, -16, -253, -18)
(2, 2| -20, -18, -252, -17)
(2, 2| -18, -14, -252, -17)
(2, 2| -19, -16, -251, -16)
(2, 2| -19, -16, -250, -15)
(2, 2| -17, -12, -250, -15)
(2, 2| -18, -14, -249, -14)
(2, 2| -18, -14, -248, -13)
(2, 2| -16, -10, -248, -13)
(2, 2| -17, -12, -247, -12)
(2, 2| -17, -12, -246, -11)
(2, 2| -15, -9, -246, -11)
(2, 2| -16, -10, -245, -10)
(2, 2| -16, -10, -244, -9)
(2, 2| -14, -7, -244, -9)
(2, 2| -15, -9, -243, -8)
(2, 2| -13, -5, -243, -8)
(2, 2| -14, -7, -242, -7)
(2, 2| -14, -7, -241, -6)
(2, 2| -12, -3, -241, -6)
(2, 2| -13, -5, -240, -5)
(2, 2| -13, -5, -239, -4)
(2, 2| -11, -1, -239, -4)
(2, 2| -12, -3, -238, -3)
(2, 2| -12, -3, -237, -2)
(2, 2| -10, 0, -237, -2)
(2, 2| -11, -1, -236, -1)
(2, 2| -11, -1, -235, 0)
(3, 2| -9, -40, -235, -43)
(3, 2| -10, -43, -234, -42)
(3, 2| -8, -37, -234, -42)
(3, 2| -9, -40, -233, -41)
(3, 2| -7, -34, -233, -41)
(3, 2| -8, -37, -232, -40)
(3, 2| -6, -32, -232, -40)
(3, 2| -7, -34, -231, -39)
(3, 2| -5, -29, -231, -39)
(3, 2| -6, -32, -230, -38)
(3, 2| -4, -26, -230, -38)
(3, 2| -5, -29, -229, -37)
(3, 2| -3, -24, -229, -37)
(3, 2| -4, -26, -228, -36)
(3, 2| -2, -21, -228, -36)
(3, 2| -3, -24, -227, -35)
(3, 2| -1, -18, -227, -35)
(3, 2| -2, -21, -226, -34)
(3, 2| 0, -16, -226, -34)
(3, 2| -1, -18, -225, -33)
(3, 2| 1, -13, -225, -33)
(3, 2| 0, -16, -224, -32)
(3, 2| 2, -10, -224, -32)
(3, 2| 1, -13, -223, -31)
(3, 2| 3, -8, -223, -31)
(3, 2| 2, -10, -222, -30)
(3, 2| 4, -5, -222, -30)
(3, 2| 3, -8, -221, -29)
(3, 2| 5, -2, -221, -29)
(3, 2| 4, -5, -220, -28)
(3, 2| 6, 0, -220, -28)
(3, 2| 5, -2, -219, -27)
(4, 2| 7, -26, -192, -28)
(4, 2| 6, -28, -191, -27)
(4, 2| 8, -24, -191, -27)
(4, 2| 7, -26, -190, -26)
(4, 2| 7, -26, -189, -25)
(4, 2| 9, -23, -189, -25)
(4, 2| 8, -24, -188, -24)
(4, 2| 8, -24, -187, -23)
(4, 2| 10, -21, -187, -23)
(4, 2| 9, -23, -186, -22)
(4, 2| 11, -19, -186, -22)
(4, 2| 10, -21, -185, -21)
(4, 2| 10, -21, -184, -20)
(4, 2| 12, -18, -184, -20)
(4, 2| 11, -19, -183, -19)
(4, 2| 11, -19, -182, -18)
(4, 2| 13, -16, -182, -18)
(4, 2| 12, -18, -181, -17)
(4, 2| 14, -14, -181, -17)
(4, 2| 13, -16, -180, -16)
(4, 2| 13, -16, -179, -15)
(4, 2| 15, -13, -179, -15)
(4, 2| 14, -14, -178, -14)
(4, 2| 14, -14, -177, -13)
(4, 2| 16, -11, -177, -13)
(4, 2| 15, -13, -176, -12)
(4, 2| 17, -9, -176, -12)
(4, 2| 16, -11, -175, -11)
(4, 2| 16, -11, -174, -10)
(4, 2| 18, -8, -174, -10)
(4, 2| 17, -9, -173, -9)
(4, 2| 17, -9, -172, -8)
(4, 2| 19, -6, -172, -8)
(4, 2| 18, -8, -171, -7)
(4, 2| 20, -4, -171, -7)
(4, 2| 19, -6, -170, -6)
(4, 2| 19, -6, -169, -5)
(4, 2| 21, -3, -169, -5)
(4, 2| 20, -4, -168, -4)
(4, 2| 20, -4, -167, -3)
(4, 2| 22, -1, -167, -3)
(4, 2| 21, -3, -166, -2)
(4, 2| 23, 0, -166, -2)
(4, 2| 22, -1, -165, -1)
(4, 2| 22, -1, -164, 0)
(5, 2| 24, -12, -164, -13)
(5, 2| 23, -13, -163, -12)
(5, 2| 25, -11, -163, -12)
(5, 2| 24, -12, -162, -11)
(5, 2| 26, -10, -162, -11)
(5, 2| 25, -11, -161, -10)
(5, 2| 27, -9, -161, -10)
(5, 2| 26, -10, -160, -9)
(5, 2| 28, -8, -160, -9)
(5, 2| 27, -9, -159, -8)
(5, 2| 29, -8, -159, -8)
(5, 2| 30, -7, -159, -8)
(5, 2| 29, -8, -158, -7)
(5, 2| 31, -6, -158, -7)
(5, 2| 30, -7, -157, -6)
(5, 2| 32, -5, -157, -6)
(5, 2| 31, -6, -156, -5)
(5, 2| 33, -4, -156, -5)
(5, 2| 32, -5, -155, -4)
(5, 2| 34, -4, -155, -4)
(5, 2| 35, -3, -155, -4)
(5, 2| 34, -4, -154, -3)
(5, 2| 36, -2, -154, -3)
(5, 2| 35, -3, -153, -2)
(5, 2| 37, -1, -153, -2)
(5, 2| 36, -2, -152, -1)
(5, 2| 38, 0, -152, -1)
(5, 2| 37, -1, -151, 0)
(6, 2| 40, -27, -151, -29)
(6, 2| 39, -29, -150, -28)
(6, 2| 41, -25, -150, -28)
(6, 2| 40, -27, -149, -27)
(6, 2| 40, -27, -148, -26)
(6, 2| 42, -23, -148, -26)
(6, 2| 41, -25, -147, -25)
(6, 2| 41, -25, -146, -24)
(6, 2| 43, -21, -146, -24)
(6, 2| 42, -23, -145, -23)
(6, 2| 42, -23, -144, -22)
(6, 2| 44, -19, -144, -22)
(6, 2| 43, -21, -143, -21)
(6, 2| 43, -21, -142, -20)
(6, 2| 45, -18, -142, -20)
(6, 2| 44, -19, -141, -19)
(6, 2| 44, -19, -140, -18)
(6, 2| 46, -16, -140, -18)
(6, 2| 45, -18, -139, -17)
(6, 2| 47, -14, -139, -17)
(6, 2| 46, -16, -138, -16)
(6, 2| 46, -16, -137, -15)
(6, 2| 48, -12, -137, -15)
(6, 2| 47, -14, -136, -14)
(6, 2| 47, -14, -135, -13)
(6, 2| 49, -10, -135, -13)
(6, 2| 48, -12, -134, -12)
(6, 2| 48, -12, -133, -11)
(6, 2| 50, -9, -133, -11)
(6, 2| 49, -10, -132, -10)
(6, 2| 49, -10, -131, -9)
(6, 2| 51, -7, -131, -9)
(6, 2| 50, -9, -130, -8)
(6, 2| 52, -5, -130, -8)
(6, 2| 51, -7, -129, -7)
(6, 2| 51, -7, -128, -6)
(6, 2| 53, -3, -128, -6)
(6, 2| 52, -5, -127, -5)
(6, 2| 52, -5, -126, -4)
(6, 2| 54, -1, -126, -4)
(6, 2| 53, -3, -125, -3)
(6, 2| 53, -3, -124, -2)
(6, 2| 55, 0, -124, -2)
(6, 2| 54, -1, -123, -1)
(6, 2| 54, -1, -122, 0)
(7, 2| 56, -40, -122, -43)
(7, 2| 55, -43, -121, -42)
(7, 2| 57, -37, -121, -42)
(7, 2| 56, -40, -120, -41)
(7, 2| 58, -35, -120, -41)
(7, 2| 57, -37, -119, -40)
(7, 2| 59, -32, -119, -40)
(7, 2| 58, -35, -118, -39)
(7, 2| 60, -30, -118, -39)
(7, 2| 59, -32, -117, -38)
(7, 2| 61, -27, -117, -38)
(7, 2| 60, -30, -116, -37)
(7, 2| 62, -25, -116, -37)
(7, 2| 61, -27, -115, -36)
(7, 2| 63, -22, -115, -36)
(7, 2| 62, -25, -114, -35)
(7, 2| 64, -20, -114, -35)
(7, 2| 63, -22, -113, -34)
(7, 2| 65, -17, -113, -34)
(7, 2| 64, -20, -112, -33)
(7, 2| 66, -15, -112, -33)
(7, 2| 65, -17, -111, -32)
(7, 2| 67, -12, -111, -32)
(7, 2| 66, -15, -110, -31)
(7, 2| 68, -10, -110, -31)
(7, 2| 67, -12, -109, -30)
(7, 2| 69, -7, -109, -30)
(7, 2| 68, -10, -108, -29)
(7, 2| 70, -5, -108, -29)
(7, 2| 69, -7, -107, -28)
(7, 2| 71, -2, -107, -28)
(7, 2| 70, -5, -106, -27)
(7, 2| 72, 0, -106, -27)
(7, 2| 71, -2, -105, -26)
(8, 2| 73, -26, -79, -28)
(8, 2| 72, -28, -78, -27)
(8, 2| 74, -24, -78, -27)
(8, 2| 73, -26, -77, -26)
(8, 2| 73, -26, -76, -25)
(8, 2| 75, -22, -76, -25)
(8, 2| 74, -24, -75, -24)
(8, 2| 74, -24, -74, -23)
(8, 2| 76, -21, -74, -23)
(8, 2| 75, -22, -73, -22)
(8, 2| 75, -22, -72, -21)
(8, 2| 77, -19, -72, -21)
(8, 2| 76, -21, -71, -20)
(8, 2| 78, -17, -71, -20)
(8, 2| 77, -19, -70, -19)
(8, 2| 77, -19, -69, -18)
(8, 2| 79, -15, -69, -18)
(8, 2| 78, -17, -68, -17)
(8, 2| 78, -17, -67, -16)
(8, 2| 80, -14, -67, -16)
(8, 2| 79, -15, -66, -15)
(8, 2| 79, -15, -65, -14)
(8, 2| 81, -12, -65, -14)
(8, 2| 80, -14, -64, -13)
(8, 2| 82, -10, -64, -13)
(8, 2| 81, -12, -63, -12)
(8, 2| 81, -12, -62, -11)
(8, 2| 83, -8, -62, -11)
(8, 2| 82, -10, -61, -10)
(8, 2| 82, -10, -60, -9)
(8, 2| 84, -7, -60, -9)
(8, 2| 83, -8, -59, -8)
(8, 2| 83, -8, -58, -7)
(8, 2| 85, -5, -58, -7)
(8, 2| 84, -7, -57, -6)
(8, 2| 86, -3, -57, -6)
(8, 2| 85, -5, -56, -5)
(8, 2| 85, -5, -55, -4)
(8, 2| 87, -1, -55, -4)
(8, 2| 86, -3, -54, -3)
(8, 2| 86, -3, -53, -2)
(8, 2| 88, 0, -53, -2)
(8, 2| 87, -1, -52, -1)
(8, 2| 87, -1, -51, 0)
(9, 2| 89, -26, -51, -28)
(9, 2| 88, -28, -50, -27)
(9, 2| 90, -24, -50, -27)
(9, 2| 89, -26, -49, -26)
(9, 2| 89, -26, -48, -25)
(9, 2| 91, -22, -48, -25)
(9, 2| 90, -24, -47, -24)
(9, 2| 90, -24, -46, -23)
(9, 2| 92, -21, -46, -23)
(9, 2| 91, -22, -45, -22)
(9, 2| 91, -22, -44, -21)
(9, 2| 93, -19, -44, -21)
(9, 2| 92, -21, -43, -20)
(9, 2| 94, -17, -43, -20)
(9, 2| 93, -19, -42, -19)
(9, 2| 93, -19, -41, -18)
(9, 2| 95, -15, -41, -18)
(9, 2| 94, -17, -40, -17)
(9, 2| 94, -17, -39, -16)
(9, 2| 96, -14, -39, -16)
(9, 2| 95, -15, -38, -15)
(9, 2| 95, -15, -37, -14)
(9, 2| 97, -12, -37, -14)
(9, 2| 96, -14, -36, -13)
(9, 2| 98, -10, -36, -13)
(9, 2| 97, -12, -35, -12)
(9, 2| 97, -12, -34, -11)
(9, 2| 99, -8, -34, -11)
(9, 2| 98, -10, -33, -10)
(9, 2| 98, -10, -32, -9)
(9, 2| 100, -7, -32, -9)
(9, 2| 99, -8, -31, -8)
(9, 2| 99, -8, -30, -7)
(9, 2| 101, -5, -30, -7)
(9, 2| 100, -7, -29, -6)
(9, 2| 102, -3, -29, -6)
(9, 2| 101, -5, -28, -5)
(9, 2| 101, -5, -27, -4)
(9, 2| 103, -1, -27, -4)
(9, 2| 102, -3, -26, -3)
(9, 2| 102, -3, -25, -2)
(9, 2| 104, 0, -25, -2)
(9, 2| 103, -1, -24, -1)
(9, 2| 103, -1, -23, 0)
(10, 2| 105, -12, -23, -13)
(10, 2| 104, -13, -22, -12)
(10, 2| 106, -11, -22, -12)
(10, 2| 105, -12, -21, -11)
(10, 2| 107, -10, -21, -11)
(10, 2| 106, -11, -20, -10)
(10, 2| 108, -9, -20, -10)
(10, 2| 107, -10, -19, -9)
(10, 2| 109, -9, -19, -9)
(10, 2| 110, -8, -19, -9)
(10, 2| 109, -9, -18, -8)
(10, 2| 111, -7, -18, -8)
(10, 2| 110, -8, -17, -7)
(10, 2| 112, -6, -17, -7)
(10, 2| 111, -7, -16, -6)
(10, 2| 113, -6, -16, -6)
(10, 2| 114, -5, -16, -6)
(10, 2| 113, -6, -15, -5)
(10, 2| 115, -4, -15, -5)
(10, 2| 114, -5, -14, -4)
(10, 2| 116, -3, -14, -4)
(10, 2| 115, -4, -13, -3)
(10, 2| 117, -3, -13, -3)
(10, 2| 118, -2, -13, -3)
(10, 2| 117, -3, -12, -2)
(10, 2| 119, -1, -12, -2)
(10, 2| 118, -2, -11, -1)
(10, 2| 120, 0, -11, -1)
(10, 2| 119, -1, -10, 0)
(11, 2| 122, -27, -10, -29)
(11, 2| 121, -29, -9, -28)
(11, 2| 123, -25, -9, -28)
(11, 2| 122, -27, -8, -27)
(11, 2| 122, -27, -7, -26)
(11, 2| 124, -23, -7, -26)
(11, 2| 123, -25, -6, -25)
(11, 2| 123, -25, -5, -24)
(11, 2| 125, -21, -5, -24)
(11, 2| 124, -23, -4, -23)
(11, 2| 124, -23, -3, -22)
(11, 2| 126, -19, -3, -22)
(11, 2| 125, -21, -2, -21)
(11, 2| 125, -21, -1, -20)
(11, 2| 127, -18, -1, -20)
(11, 2| 126, -19, 0, -19)
(11, 2| 126, -19, 1, -18)
(11, 2| 128, -16, 1, -18)
(11, 2| 127, -18, 2, -17)
(11, 2| 129, -14, 2, -17)
(11, 2| 128, -16, 3, -16)
(11, 2| 128, -16, 4, -15)
(11, 2| 130, -12, 4, -15)
(11, 2| 129, -14, 5, -14)
(11, 2| 129, -14, 6, -13)
(11, 2| 131, -10, 6, -13)
(11, 2| 130, -12, 7, -12)
(11, 2| 130, -12, 8, -11)
(11, 2| 132, -9, 8, -11)
(11, 2| 131, -10, 9, -10)
(11, 2| 131, -10, 10, -9)
(11, 2| 133, -7, 10, -9)
(11, 2| 132, -9, 11, -8)
(11, 2| 134, -5, 11, -8)
(11, 2| 133, -7, 12, -7)
(11, 2| 133, -7, 13, -6)
(11, 2| 135, -3, 13, -6)
(11, 2| 134, -5, 14, -5)
(11, 2| 134, -5, 15, -4)
(11, 2| 136, -1, 15, -4)
(11, 2| 135, -3, 16, -3)
(11, 2| 135, -3, 17, -2)
(11, 2| 137, 0, 17, -2)
(11, 2| 136, -1, 18, -1)
(11, 2| 136, -1, 19, 0)
(12, 2| 138, -26, 19, -28)
(12, 2| 137, -28, 20, -27)
(12, 2| 139, -24, 20, -27)
(12, 2| 138, -26, 21, -26)
(12, 2| 138, -26, 22, -25)
(12, 2| 140, -22, 22, -25)
(12, 2| 139, -24, 23, -24)
(12, 2| 139, -24, 24, -23)
(12, 2| 141, -21, 24, -23)
(12, 2| 140, -22, 25, -22)
(12, 2| 140, -22, 26, -21)
(12, 2| 142, -19, 26, -21)
(12, 2| 141, -21, 27, -20)
(12, 2| 143, -17, 27, -20)
(12, 2| 142, -19, 28, -19)
(12, 2| 142, -19, 29, -18)
(12, 2| 144, -15, 29, -18)
(12, 2| 143, -17, 30, -17)
(12, 2| 143, -17, 31, -16)
(12, 2| 145, -14, 31, -16)
(12, 2| 144, -15, 32, -15)
(12, 2| 144, -15, 33, -14)
(12, 2| 146, -12, 33, -14)
(12, 2| 145, -14, 34, -13)
(12, 2| 147, -10, 34, -13)
(12, 2| 146, -12, 35, -12)
(12, 2| 146, -12, 36, -11)
(12, 2| 148, -8, 36, -11)
(12, 2| 147, -10, 37, -10)
(12, 2| 147, -10, 38, -9)
(12, 2| 149, -7, 38, -9)
(12, 2| 148, -8, 39, -8)
(12, 2| 148, -8, 40, -7)
(12, 2| 150, -5, 40, -7)
(12, 2| 149, -7, 41, -6)
(12, 2| 151, -3, 41, -6)
(12, 2| 150, -5, 42, -5)
(12, 2| 150, -5, 43, -4)
(12, 2| 152, -1, 43, -4)
(12, 2| 151, -3, 44, -3)
(12, 2| 151, -3, 45, -2)
(12, 2| 153, 0, 45, -2)
(12, 2| 152, -1, 46, -1)
(12, 2| 152, -1, 47, 0)
(13, 2| 154, -26, 47, -28)
(13, 2| 153, -28, 48, -27)
(13, 2| 155, -24, 48, -27)
(13, 2| 154, -26, 49, -26)
(13, 2| 154, -26, 50, -25)
(13, 2| 156, -23, 50, -25)
(13, 2| 155, -24, 51, -24)
(13, 2| 155, -24, 52, -23)
(13, 2| 157, -21, 52, -23)
(13, 2| 156, -23, 53, -22)
(13, 2| 158, -19, 53, -22)
(13, 2| 157, -21, 54, -21)
(13, 2| 157, -21, 55, -20)
(13, 2| 159, -18, 55, -20)
(13, 2| 158, -19, 56, -19)
(13, 2| 158, -19, 57, -18)
(13, 2| 160, -16, 57, -18)
(13, 2| 159, -18, 58, -17)
(13, 2| 161, -14, 58, -17)
(13, 2| 160, -16, 59, -16)
(13, 2| 160, -16, 60, -15)
(13, 2| 162, -13, 60, -15)
(13, 2| 161, -14, 61, -14)
(13, 2| 161, -14, 62, -13)
(13, 2| 163, -11, 62, -13)
(13, 2| 162, -13, 63, -12)
(13, 2| 164, -9, 63, -12)
(13, 2| 163, -11, 64, -11)
(13, 2| 163, -11, 65, -10)
(13, 2| 165, -8, 65, -10)
(13, 2| 164, -9, 66, -9)
(13, 2| 164, -9, 67, -8)
(13, 2| 166, -6, 67, -8)
(13, 2| 165, -8, 68, -7)
(13, 2| 167, -4, 68, -7)
(13, 2| 166, -6, 69, -6)
(13, 2| 166, -6, 70, -5)
(13, 2| 168, -3, 70, -5)
(13, 2| 167, -4, 71, -4)
(13, 2| 167, -4, 72, -3)
(13, 2| 169, -1, 72, -3)
(13, 2| 168, -3, 73, -2)
(13, 2| 170, 0, 73, -2)
(13, 2| 169, -1, 74, -1)
(13, 2| 169, -1, 75, 0)
(14, 2| 171, -26, 75, -28)
(14, 2| 170, -28, 76, -27)
(14, 2| 172, -24, 76, -27)
(14, 2| 171, -26, 77, -26)
(14, 2| 171, -26, 78, -25)
(14, 2| 173, -22, 78, -25)
(14, 2| 172, -24, 79, -24)
(14, 2| 172, -24, 80, -23)
(14, 2| 174, -21, 80, -23)
(14, 2| 173, -22, 81, -22)
(14, 2| 173, -22, 82, -21)
(14, 2| 175, -19, 82, -21)
(14, 2| 174, -21, 83, -20)
(14, 2| 176, -17, 83, -20)
(14, 2| 175, -19, 84, -19)
(14, 2| 175, -19, 85, -18)
(14, 2| 177, -15, 85, -18)
(14, 2| 176, -17, 86, -17)
(14, 2| 176, -17, 87, -16)
(14, 2| 178, -14, 87, -16)
(14, 2| 177, -15, 88, -15)
(14, 2| 177, -15, 89, -14)
(14, 2| 179, -12, 89, -14)
(14, 2| 178, -14, 90, -13)
(14, 2| 180, -10, 90, -13)
(14, 2| 179, -12, 91, -12)
(14, 2| 179, -12, 92, -11)
(14, 2| 181, -8, 92, -11)
(14, 2| 180, -10, 93, -10)
(14, 2| 180, -10, 94, -9)
(14, 2| 182, -7, 94, -9)
(14, 2| 181, -8, 95, -8)
(14, 2| 181, -8, 96, -7)
(14, 2| 183, -5, 96, -7)
(14, 2| 182, -7, 97, -6)
(14, 2| 184, -3, 97, -6)
(14, 2| 183, -5, 98, -5)
(14, 2| 183, -5, 99, -4)
(14, 2| 185, -1, 99, -4)
(14, 2| 184, -3, 100, -3)
(14, 2| 184, -3, 101, -2)
(14, 2| 186, 0, 101, -2)
(14, 2| 185, -1, 102, -1)
(14, 2| 185, -1, 103, 0)
(15, 2| 187, -41, 103, -44)
(15, 2| 186, -44, 104, -43)
(15, 2| 188, -38, 104, -43)
(15, 2| 187, -41, 105, -42)
(15, 2| 189, -35, 105, -42)
(15, 2| 188, -38, 106, -41)
(15, 2| 190, -33, 106, -41)
(15, 2| 189, -35, 107, -40)
(15, 2| 191, -30, 107, -40)
(15, 2| 190, -33, 108, -39)
(15, 2| 192, -27, 108, -39)
(15, 2| 191, -30, 109, -38)
(15, 2| 193, -24, 109, -38)
(15, 2| 192, -27, 110, -37)
(15, 2| 194, -22, 110, -37)
(15, 2| 193, -24, 111, -36)
(15, 2| 195, -19, 111, -36)
(15, 2| 194, -22, 112, -35)
(15, 2| 196, -16, 112, -35)
(15, 2| 195, -19, 113, -34)
(15, 2| 197, -13, 113, -34)
(15, 2| 196, -16, 114, -33)
(15, 2| 198, -11, 114, -33)
(15, 2| 197, -13, 115, -32)
(15, 2| 199, -8, 115, -32)
(15, 2| 198, -11, 116, -31)
(15, 2| 200, -5, 116, -31)
(15, 2| 199, -8, 117, -30)
(15, 2| 201, -2, 117, -30)
(15, 2| 200, -5, 118, -29)
(15, 2| 202, 0, 118, -29)
(15, 2| 201, -2, 119, -28)
(16, 2| 203, -26, 147, -28)
(16, 2| 202, -28, 148, -27)
(16, 2| 204, -24, 148, -27)
(16, 2| 203, -26, 149, -26)
(16, 2| 203, -26, 150, -25)
(16, 2| 205, -23, 150, -25)
(16, 2| 204, -24, 151, -24)
(16, 2| 204, -24, 152, -23)
(16, 2| 206, -21, 152, -23)
(16, 2| 205, -23, 153, -22)
(16, 2| 207, -19, 153, -22)
(16, 2| 206, -21, 154, -21)
(16, 2| 206, -21, 155, -20)
(16, 2| 208, -18, 155, -20)
(16, 2| 207, -19, 156, -19)
(16, 2| 207, -19, 157, -18)
(16, 2| 209, -16, 157, -18)
(16, 2| 208, -18, 158, -17)
(16, 2| 210, -14, 158, -17)
(16, 2| 209, -16, 159, -16)
(16, 2| 209, -16, 160, -15)
(16, 2| 211, -13, 160, -15)
(16, 2| 210, -14, 161, -14)
(16, 2| 210, -14, 162, -13)
(16, 2| 212, -11, 162, -13)
(16, 2| 211, -13, 163, -12)
(16, 2| 213, -9, 163, -12)
(16, 2| 212, -11, 164, -11)
(16, 2| 212, -11, 165, -10)
(16, 2| 214, -8, 165, -10)
(16, 2| 213, -9, 166, -9)
(16, 2| 213, -9, 167, -8)
(16, 2| 215, -6, 167, -8)
(16, 2| 214, -8, 168, -7)
(16, 2| 216, -4, 168, -7)
(16, 2| 215, -6, 169, -6)
(16, 2| 215, -6, 170, -5)
(16, 2| 217, -3, 170, -5)
(16, 2| 216, -4, 171, -4)
(16, 2| 216, -4, 172, -3)
(16, 2| 218, -1, 172, -3)
(16, 2| 217, -3, 173, -2)
(16, 2| 219, 0, 173, -2)
(16, 2| 218, -1, 174, -1)
(16, 2| 218, -1, 175, 0)
(17, 2| 220, -26, 175, -28)
(17, 2| 219, -28, 176, -27)
(17, 2| 221, -24, 176, -27)
(17, 2| 220, -26, 177, -26)
(17, 2| 220, -26, 178, -25)
(17, 2| 222, -22, 178, -25)
(17, 2| 221, -24, 179, -24)
(17, 2| 221, -24, 180, -23)
(17, 2| 223, -21, 180, -23)
(17, 2| 222, -22, 181, -22)
(17, 2| 222, -22, 182, -21)
(17, 2| 224, -19, 182, -21)
(17, 2| 223, -21, 183, -20)
(17, 2| 225, -17, 183, -20)
(17, 2| 224, -19, 184, -19)
(17, 2| 224, -19, 185, -18)
(17, 2| 226, -15, 185, -18)
(17, 2| 225, -17, 186, -17)
(17, 2| 225, -17, 187, -16)
(17, 2| 227, -14, 187, -16)
(17, 2| 226, -15, 188, -15)
(17, 2| 226, -15, 189, -14)
(17, 2| 228, -12, 189, -14)
(17, 2| 227, -14, 190, -13)
(17, 2| 229, -10, 190, -13)
(17, 2| 228, -12, 191, -12)
(17, 2| 228, -12, 192, -11)
(17, 2| 230, -8, 192, -11)
(17, 2| 229, -10, 193, -10)
(17, 2| 229, -10, 194, -9)
(17, 2| 231, -7, 194, -9)
(17, 2| 230, -8, 195, -8)
(17, 2| 230, -8, 196, -7)
(17, 2| 232, -5, 196, -7)
(17, 2| 231, -7, 197, -6)
(17, 2| 233, -3, 197, -6)
(17, 2| 232, -5, 198, -5)
(17, 2| 232, -5, 199, -4)
(17, 2| 234, -1, 199, -4)
(17, 2| 233, -3, 200, -3)
(17, 2| 233, -3, 201, -2)
(17, 2| 235, 0, 201, -2)
(17, 2| 234, -1, 202, -1)
(17, 2| 234, -1, 203, 0)
(0, 3| -87, -26, -288, -28)
(0, 3| -88, -28, -287, -27)
(0, 3| -86, -24, -287, -27)
(0, 3| -87, -26, -286, -26)
(0, 3| -87, -26, -285, -25)
(0, 3| -85, -22, -285, -25)
(0, 3| -86, -24, -284, -24)
(0, 3| -86, -24, -283, -23)
(0, 3| -84, -21, -283, -23)
(0, 3| -85, -22, -282, -22)
(0, 3| -85, -22, -281, -21)
(0, 3| -83, -19, -281, -21)
(0, 3| -84, -21, -280, -20)
(0, 3| -82, -17, -280, -20)
(0, 3| -83, -19, -279, -19)
(0, 3| -83, -19, -278, -18)
(0, 3| -81, -15, -278, -18)
(0, 3| -82, -17, -277, -17)
(0, 3| -82, -17, -276, -16)
(0, 3| -80, -14, -276, -16)
(0, 3| -81, -15, -275, -15)
(0, 3| -81, -15, -274, -14)
(0, 3| -79, -12, -274, -14)
(0, 3| -80, -14, -273, -13)
(0, 3| -78, -10, -273, -13)
(0, 3| -79, -12, -272, -12)
(0, 3| -79, -12, -271, -11)
(0, 3| -77, -8, -271, -11)
(0, 3| -78, -10, -270, -10)
(0, 3| -78, -10, -269, -9)
(0, 3| -76, -7, -269, -9)
(0, 3| -77, -8, -268, -8)
(0, 3| -77, -8, -267, -7)
(0, 3| -75, -5, -267, -7)
(0, 3| -76, -7, -266, -6)
(0, 3| -74, -3, -266, -6)
(0, 3| -75, -5, -265, -5)
(0, 3| -75, -5, -264, -4)
(0, 3| -73, -1, -264, -4)
(0, 3| -74, -3, -263, -3)
(0, 3| -74, -3, -262, -2)
(0, 3| -72, 0, -262, -2)
(0, 3| -73, -1, -261, -1)
(0, 3| -73, -1, -260, 0)
(1, 3| -71, -12, -260, -13)
(1, 3| -72, -13, -259, -12)
(1, 3| -70, -11, -259, -12)
(1, 3| -71, -12, -258, -11)
(1, 3| -69, -10, -258, -11)
(1, 3| -70, -11, -257, -10)
(1, 3| -68, -9, -257, -10)
(1, 3| -69, -10, -256, -9)
(1, 3| -67, -9, -256, -9)
(1, 3| -66, -8, -256, -9)
(1, 3| -67, -9, -255, -8)
(1, 3| -65, -7, -255, -8)
(1, 3| -66, -8, -254, -7)
(1, 3| -64, -6, -254, -7)
(1, 3| -65, -7, -253, -6)
(1, 3| -63, -6, -253, -6)
(1, 3| -62, -5, -253, -6)
(1, 3| -63, -6, -252, -5)
(1, 3| -61, -4, -252, -5)
(1, 3| -62, -5, -251, -4)
(1, 3| -60, -3, -251, -4)
(1, 3| -61, -4, -250, -3)
(1, 3| -59, -3, -250, -3)
(1, 3| -58, -2, -250, -3)
(1, 3| -59, -3, -249, -2)
(1, 3| -57, -1, -249, -2)
(1, 3| -58, -2, -248, -1)
(1, 3| -56, 0, -248, -1)
(1, 3| -57, -1, -247, 0)
(2, 3| -54, -27, -247, -29)
(2, 3| -55, -29, -246, -28)
(2, 3| -53, -25, -246, -28)
(2, 3| -54, -27, -245, -27)
(2, 3| -54, -27, -244, -26)
(2, 3| -52, -23, -244, -26)
(2, 3| -53, -25, -243, -25)
(2, 3| -53, -25, -242, -24)
(2, 3| -51, -21, -242, -24)
(2, 3| -52, -23, -241, -23)
(2, 3| -52, -23, -240, -22)
(2, 3| -50, -19, -240, -22)
(2, 3| -51, -21, -239, -21)
(2, 3| -51, -21, -238, -20)
(2, 3| -49, -18, -238, -20)
(2, 3| -50, -19, -237, -19)
(2, 3| -50, -19, -236, -18)
(2, 3| -48, -16, -236, -18)
(2, 3| -49, -18, -235, -17)
(2, 3| -47, -14, -235, -17)
(2, 3| -48, -16, -234, -16)
(2, 3| -48, -16, -233, -15)
(2, 3| -46, -12, -233, -15)
(2, 3| -47, -14, -232, -14)
(2, 3| -47, -14, -231, -13)
(2, 3| -45, -10, -231, -13)
(2, 3| -46, -12, -230, -12)
(2, 3| -46, -12, -229, -11)
(2, 3| -44, -9, -229, -11)
(2, 3| -45, -10, -228, -10)
(2, 3| -45, -10, -227, -9)
(2, 3| -43, -7, -227, -9)
(2, 3| -44, -9, -226, -8)
(2, 3| -42, -5, -226, -8)
(2, 3| -43, -7, -225, -7)
(2, 3| -43, -7, -224, -6)
(2, 3| -41, -3, -224, -6)
(2, 3| -42, -5, -223, -5)
(2, 3| -42, -5, -222, -4)
(2, 3| -40, -1, -222, -4)
(2, 3| -41, -3, -221, -3)
(2, 3| -41, -3, -220, -2)
(2, 3| -39, 0, -220, -2)
(2, 3| -40, -1, -219, -1)
(2, 3| -40, -1, -218, 0)
(3, 3| -38, -40, -218, -43)
(3, 3| -39, -43, -217, -42)
(3, 3| -37, -37, -217, -42)
(3, 3| -38, -40, -216, -41)
(3, 3| -36, -34, -216, -41)
(3, 3| -37, -37, -215, -40)
(3, 3| -35, -32, -215, -40)
(3, 3| -36, -34, -214, -39)
(3, 3| -34, -29, -214, -39)
(3, 3| -35, -32, -213, -38)
(3, 3| -33, -26, -213, -38)
(3, 3| -34, -29, -212, -37)
(3, 3| -32, -24, -212, -37)
(3, 3| -33, -26, -211, -36)
(3, 3| -31, -21, -211, -36)
(3, 3| -32, -24, -210, -35)
(3, 3| -30, -18, -210, -35)
(3, 3| -31, -21, -209, -34)
(3, 3| -29, -16, -209, -34)
(3, 3| -30, -18, -208, -33)
(3, 3| -28, -13, -208, -33)
(3, 3| -29, -16, -207, -32)
(3, 3| -27, -10, -207, -32)
(3, 3| -28, -13, -206, -31)
(3, 3| -26, -8, -206, -31)
(3, 3| -27, -10, -205, -30)
(3, 3| -25, -5, -205, -30)
(3, 3| -26, -8, -204, -29)
(3, 3| -24, -2, -204, -29)
(3, 3| -25, -5, -203, -28)
(3, 3| -23, 0, -203, -28)
(3, 3| -24, -2, -202, -27)
(4, 3| -22, -26, -175, -28)
(4, 3| -23, -28, -174, -27)
(4, 3| -21, -24, -174, -27)
(4, 3| -22, -26, -173, -26)
(4, 3| -22, -26, -172, -25)
(4, 3| -20, -23, -172, -25)
(4, 3| -21, -24, -171, -24)
(4, 3| -21, -24, -170, -23)
(4, 3| -19, -21, -170, -23)
(4, 3| -20, -23, -169, -22)
(4, 3| -18, -19, -169, -22)
(4, 3| -19, -21, -168, -21)
(4, 3| -19, -21, -167, -20)
(4, 3| -17, -18, -167, -20)
(4, 3| -18, -19, -166, -19)
(4, 3| -18, -19, -165, -18)
(4, 3| -16, -16, -165, -18)
(4, 3| -17, -18, -164, -17)
(4, 3| -15, -14, -164, -17)
(4, 3| -16, -16, -163, -16)
(4, 3| -16, -16, -162, -15)
(4, 3| -14, -13, -162, -15)
(4, 3| -15, -14, -161, -14)
(4, 3| -15, -14, -160, -13)
(4, 3| -13, -11, -160, -13)
(4, 3| -14, -13, -159, -12)
(4, 3| -12, -9, -159, -12)
(4, 3| -13, -11, -158, -11)
(4, 3| -13, -11, -157, -10)
(4, 3| -11, -8, -157, -10)
(4, 3| -12, -9, -156, -9)
(4, 3| -12, -9, -155, -8)
(4, 3| -10, -6, -155, -8)
(4, 3| -11, -8, -154, -7)
(4, 3| -9, -4, -154, -7)
(4, 3| -10, -6, -153, -6)
(4, 3| -10, -6, -152, -5)
(4, 3| -8, -3, -152, -5)
(4, 3| -9, -4, -151, -4)
(4, 3| -9, -4, -150, -3)
(4, 3| -7, -1, -150, -3)
(4, 3| -8, -3, -149, -2)
(4, 3| -6, 0, -149, -2)
(4, 3| -7, -1, -148, -1)
(4, 3| -7, -1, -147, 0)
(5, 3| -5, -12, -147, -13)
(5, 3| -6, -13, -146, -12)
(5, 3| -4, -11, -146, -12)
(5, 3| -5, -12, -145, -11)
(5, 3| -3, -10, -145, -11)
(5, 3| -4, -11, -144, -10)
(5, 3| -2, -9, -144, -10)
(5, 3| -3, -10, -143, -9)
(5, 3| -1, -8, -143, -9)
(5, 3| -2, -9, -142, -8)
(5, 3| 0, -8, -142, -8)
(5, 3| 1, -7, -142, -8)
(5, 3| 0, -8, -141, -7)
(5, 3| 2, -6, -141, -7)
(5, 3| 1, -7, -140, -6)
(5, 3| 3, -5, -140, -6)
(5, 3| 2, -6, -139, -5)
(5, 3| 4, -4, -139, -5)
(5, 3| 3, -5, -138, -4)
(5, 3| 5, -4, -138, -4)
(5, 3| 6, -3, -138, -4)
(5, 3| 5, -4, -137, -3)
(5, 3| 7, -2, -137, -3)
(5, 3| 6, -3, -136, -2)
(5, 3| 8, -1, -136, -2)
(5, 3| 7, -2, -135, -1)
(5, 3| 9, 0, -135, -1)
(5, 3| 8, -1, -134, 0)
(6, 3| 11, -27, -134, -29)
(6, 3| 10, -29, -133, -28)
(6, 3| 12, -25, -133, -28)
(6, 3| 11, -27, -132, -27)
(6, 3| 11, -27, -131, -26)
(6, 3| 13, -23, -131, -26)
(6, 3| 12, -25, -130, -25)
(6, 3| 12, -25, -129, -24)
(6, 3| 14, -21, -129, -24)
(6, 3| 13, -23, -128, -23)
(6, 3| 13, -23, -127, -22)
(6, 3| 15, -19, -127, -22)
(6, 3| 14, -21, -126, -21)
(6, 3| 14, -21, -125, -20)
(6, 3| 16, -18, -125, -20)
(6, 3| 15, -19, -124, -19)
(6, 3| 15, -19, -123, -18)
(6, 3| 17, -16, -123, -18)
(6, 3| 16, -18, -122, -17)
(6, 3| 18, -14, -122, -17)
(6, 3| 17, -16, -121, -16)
(6, 3| 17, -16, -120, -15)
(6, 3| 19, -12, -120, -15)
(6, 3| 18, -14, -119, -14)
(6, 3| 18, -14, -118, -13)
(6, 3| 20, -10, -118, -13)
(6, 3| 19, -12, -117, -12)
(6, 3| 19, -12, -116, -11)
(6, 3| 21, -9, -116, -11)
(6, 3| 20, -10, -115, -10)
(6, 3| 20, -10, -114, -9)
(6, 3| 22, -7, -114, -9)
(6, 3| 21, -9, -113, -8)
(6, 3| 23, -5, -113, -8)
(6, 3| 22, -7, -112, -7)
(6, 3| 22, -7, -111, -6)
(6, 3| 24, -3, -111, -6)
(6, 3| 23, -5, -110, -5)
(6, 3| 23, -5, -109, -4)
(6, 3| 25, -1, -109, -4)
(6, 3| 24, -3, -108, -3)
(6, 3| 24, -3, -107, -2)
(6, 3| 26, 0, -107, -2)
(6, 3| 25, -1, -106, -1)
(6, 3| 25, -1, -105, 0)
(7, 3| 27, -40, -105, -43)
(7, 3| 26, -43, -104, -42)
(7, 3| 28, -37, -104, -42)
(7, 3| 27, -40, -103, -41)
(7, 3| 29, -35, -103, -41)
(7, 3| 28, -37, -102, -40)
(7, 3| 30, -32, -102, -40)
(7, 3| 29, -35, -101, -39)
(7, 3| 31, -30, -101, -39)
(7, 3| 30, -32, -100, -38)
(7, 3| 32, -27, -100, -38)
(7, 3| 31, -30, -99, -37)
(7, 3| 33, -25, -99, -37)
(7, 3| 32, -27, -98, -36)
(7, 3| 34, -22, -98, -36)
(7, 3| 33, -25, -97, -35)
(7, 3| 35, -20, -97, -35)
(7, 3| 34, -22, -96, -34)
(7, 3| 36, -17, -96, -34)
(7, 3| 35, -20, -95, -33)
(7, 3| 37, -15, -95, -33)
(7, 3| 36, -17, -94, -32)
(7, 3| 38, -12, -94, -32)
(7, 3| 37, -15, -93, -31)
(7, 3| 39, -10, -93, -31)
(7, 3| 38, -12, -92, -30)
(7, 3| 40, -7, -92, -30)
(7, 3| 39, -10, -91, -29)
(7, 3| 41, -5, -91, -29)
(7, 3| 40, -7, -90, -28)
(7, 3| 42, -2, -90, -28)
(7, 3| 41, -5, -89, -27)
(7, 3| 43, 0, -89, -27)
(7, 3| 42, -2, -88, -26)
(8, 3| 44, -26, -62, -28)
(8, 3| 43, -28, -61, -27)
(8, 3| 45, -24, -61, -27)
(8, 3| 44, -26, -60, -26)
(8, 3| 44, -26, -59, -25)
(8, 3| 46, -22, -59, -25)
(8, 3| 45, -24, -58, -24)
(8, 3| 45, -24, -57, -23)
(8, 3| 47, -21, -57, -23)
(8, 3| 46, -22, -56, -22)
(8, 3| 46, -22, -55, -21)
(8, 3| 48, -19, -55, -21)
(8, 3| 47, -21, -54, -20)
(8, 3| 49, -17, -54, -20)
(8, 3| 48, -19, -53, -19)
(8, 3| 48, -19, -52, -18)
(8, 3| 50, -15, -52, -18)
(8, 3| 49, -17, -51, -17)
(8, 3| 49, -17, -50, -16)
(8, 3| 51, -14, -50, -16)
(8, 3| 50, -15, -49, -15)
(8, 3| 50, -15, -48, -14)
(8, 3| 52, -12, -48, -14)
(8, 3| 51, -14, -47, -13)
(8, 3| 53, -10, -47, -13)
(8, 3| 52, -12, -46, -12)
(8, 3| 52, -12, -45, -11)
(8, 3| 54, -8, -45, -11)
(8, 3| 53, -10, -44, -10)
(8, 3| 53, -10, -43, -9)
(8, 3| 55, -7, -43, -9)
(8, 3| 54, -8, -42, -8)
(8, 3| 54, -8, -41, -7)
(8, 3| 56, -5, -41, -7)
(8, 3| 55, -7, -40, -6)
(8, 3| 57, -3, -40, -6)
(8, 3| 56, -5, -39, -5)
(8, 3| 56, -5, -38, -4)
(8, 3| 58, -1, -38, -4)
(8, 3| 57, -3, -37, -3)
(8, 3| 57, -3, -36, -2)
(8, 3| 59, 0, -36, -2)
(8, 3| 58, -1, -35, -1)
(8, 3| 58, -1, -34, 0)
(9, 3| 60, -26, -34, -28)
(9, 3| 59, -28, -33, -27)
(9, 3| 61, -24, -33, -27)
(9, 3| 60, -26, -32, -26)
(9, 3| 60, -26, -31, -25)
(9, 3| 62, -22, -31, -25)
(9, 3| 61, -24, -30, -24)
(9, 3| 61, -24, -29, -23)
(9, 3| 63, -21, -29, -23)
(9, 3| 62, -22, -28, -22)
(9, 3| 62, -22, -27, -21)
(9, 3| 64, -19, -27, -21)
(9, 3| 63, -21, -26, -20)
(9, 3| 65, -17, -26, -20)
(9, 3| 64, -19, -25, -19)
(9, 3| 64, -19, -24, -18)
(9, 3| 66, -15, -24, -18)
(9, 3| 65, -17, -23, -17)
(9, 3| 65, -17, -22, -16)
(9, 3| 67, -14, -22, -16)
(9, 3| 66, -15, -21, -15)
(9, 3| 66, -15, -20, -14)
(9, 3| 68, -12, -20, -14)
(9, 3| 67, -14, -19, -13)
(9, 3| 69, -10, -19, -13)
(9, 3| 68, -12, -18, -12)
(9, 3| 68, -12, -17, -11)
(9, 3| 70, -8, -17, -11)
(9, 3| 69, -10, -16, -10)
(9, 3| 69, -10, -15, -9)
(9, 3| 71, -7, -15, -9)
(9, 3| 70, -8, -14, -8)
(9, 3| 70, -8, -13, -7)
(9, 3| 72, -5, -13, -7)
(9, 3| 71, -7, -12, -6)
(9, 3| 73, -3, -12, -6)
(9, 3| 72, -5, -11, -5)
(9, 3| 72, -5, -10, -4)
(9, 3| 74, -1, -10, -4)
(9, 3| 73, -3, -9, -3)
(9, 3| 73, -3, -8, -2)
(9, 3| 75, 0, -8, -2)
(9, 3| 74, -1, -7, -1)
(9, 3| 74, -1, -6, 0)
(10, 3| 76, -26, -6, -28)
(10, 3| 75, -28, -5, -27)
(10, 3| 77, -24, -5, -27)
(10, 3| 76, -26, -4, -26)
(10, 3| 76, -26, -3, -25)
(10, 3| 78, -23, -3, -25)
(10, 3| 77, -24, -2, -24)
(10, 3| 77, -24, -1, -23)
(10, 3| 79, -21, -1, -23)
(10, 3| 78, -23, 0, -22)
(10, 3| 80, -19, 0, -22)
(10, 3| 79, -21, 1, -21)
(10, 3| 79, -21, 2, -20)
(10, 3| 81, -18, 2, -20)
(10, 3| 80, -19, 3, -19)
(10, 3| 80, -19, 4, -18)
(10, 3| 82, -16, 4, -18)
(10, 3| 81, -18, 5, -17)
(10, 3| 83, -14, 5, -17)
(10, 3| 82, -16, 6, -16)
(10, 3| 82, -16, 7, -15)
(10, 3| 84, -13, 7, -15)
(10, 3| 83, -14, 8, -14)
(10, 3| 83, -14, 9, -13)
(10, 3| 85, -11, 9, -13)
(10, 3| 84, -13, 10, -12)
(10, 3| 86, -9, 10, -12)
(10, 3| 85, -11, 11, -11)
(10, 3| 85, -11, 12, -10)
(10, 3| 87, -8, 12, -10)
(10, 3| 86, -9, 13, -9)
(10, 3| 86, -9, 14, -8)
(10, 3| 88, -6, 14, -8)
(10, 3| 87, -8, 15, -7)
(10, 3| 89, -4, 15, -7)
(10, 3| 88, -6, 16, -6)
(10, 3| 88, -6, 17, -5)
(10, 3| 90, -3, 17, -5)
(10, 3| 89, -4, 18, -4)
(10, 3| 89, -4, 19, -3)
(10, 3| 91, -1, 19, -3)
(10, 3| 90, -3, 20, -2)
(10, 3| 92, 0, 20, -2)
(10, 3| 91, -1, 21, -1)
(10, 3| 91, -1, 22, 0)
(11, 3| 93, -27, 22, -29)
(11, 3| 92, -29, 23, -28)
(11, 3| 94, -25, 23, -28)
(11, 3| 93, -27, 24, -27)
(11, 3| 93, -27, 25, -26)
(11, 3| 95, -23, 25, -26)
(11, 3| 94, -25, 26, -25)
(11, 3| 94, -25, 27, -24)
(11, 3| 96, -21, 27, -24)
(11, 3| 95, -23, 28, -23)
(11, 3| 95, -23, 29, -22)
(11, 3| 97, -19, 29, -22)
(11, 3| 96, -21, 30, -21)
(11, 3| 96, -21, 31, -20)
(11, 3| 98, -18, 31, -20)
(11, 3| 97, -19, 32, -19)
(11, 3| 97, -19, 33, -18)
(11, 3| 99, -16, 33, -18)
(11, 3| 98, -18, 34, -17)
(11, 3| 100, -14, 34, -17)
(11, 3| 99, -16, 35, -16)
(11, 3| 99, -16, 36, -15)
(11, 3| 101, -12, 36, -15)
(11, 3| 100, -14, 37, -14)
(11, 3| 100, -14, 38, -13)
(11, 3| 102, -10, 38, -13)
(11, 3| 101, -12, 39, -12)
(11, 3| 101, -12, 40, -11)
(11, 3| 103, -9, 40, -11)
(11, 3| 102, -10, 41, -10)
(11, 3| 102, -10, 42, -9)
(11, 3| 104, -7, 42, -9)
(11, 3| 103, -9, 43, -8)
(11, 3| 105, -5, 43, -8)
(11, 3| 104, -7, 44, -7)
(11, 3| 104, -7, 45, -6)
(11, 3| 106, -3, 45, -6)
(11, 3| 105, -5, 46, -5)
(11, 3| 105, -5, 47, -4)
(11, 3| 107, -1, 47, -4)
(11, 3| 106, -3, 48, -3)
(11, 3| 106, -3, 49, -2)
(11, 3| 108, 0, 49, -2)
(11, 3| 107, -1, 50, -1)
(11, 3| 107, -1, 51, 0)
(12, 3| 109, -26, 51, -28)
(12, 3| 108, -28, 52, -27)
(12, 3| 110, -24, 52, -27)
(12, 3| 109, -26, 53, -26)
(12, 3| 109, -26, 54, -25)
(12, 3| 111, -22, 54, -25)
(12, 3| 110, -24, 55, -24)
(12, 3| 110, -24, 56, -23)
(12, 3| 112, -21, 56, -23)
(12, 3| 111, -22, 57, -22)
(12, 3| 111, -22, 58, -21)
(12, 3| 113, -19, 58, -21)
(12, 3| 112, -21, 59, -20)
(12, 3| 114, -17, 59, -20)
(12, 3| 113, -19, 60, -19)
(12, 3| 113, -19, 61, -18)
(12, 3| 115, -15, 61, -18)
(12, 3| 114, -17, 62, -17)
(12, 3| 114, -17, 63, -16)
(12, 3| 116, -14, 63, -16)
(12, 3| 115, -15, 64, -15)
(12, 3| 115, -15, 65, -14)
(12, 3| 117, -12, 65, -14)
(12, 3| 116, -14, 66, -13)
(12, 3| 118, -10, 66, -13)
(12, 3| 117, -12, 67, -12)
(12, 3| 117, -12, 68, -11)
(12, 3| 119, -8, 68, -11)
(12, 3| 118, -10, 69, -10)
(12, 3| 118, -10, 70, -9)
(12, 3| 120, -7, 70, -9)
(12, 3| 119, -8, 71, -8)
(12, 3| 119, -8, 72, -7)
(12, 3| 121, -5, 72, -7)
(12, 3| 120, -7, 73, -6)
(12, 3| 122, -3, 73, -6)
(12, 3| 121, -5, 74, -5)
(12, 3| 121, -5, 75, -4)
(12, 3| 123, -1, 75, -4)
(12, 3| 122, -3, 76, -3)
(12, 3| 122, -3, 77, -2)
(12, 3| 124, 0, 77, -2)
(12, 3| 123, -1, 78, -1)
(12, 3| 123, -1, 79, 0)
(13, 3| 125, -26, 79, -28)
(13, 3| 124, -28, 80, -27)
(13, 3| 126, -24, 80, -27)
(13, 3| 125, -26, 81, -26)
(13, 3| 125, -26, 82, -25)
(13, 3| 127, -23, 82, -25)
(13, 3| 126, -24, 83, -24)
(13, 3| 126, -24, 84, -23)
(13, 3| 128, -21, 84, -23)
(13, 3| 127, -23, 85, -22)
(13, 3| 129, -19, 85, -22)
(13, 3| 128, -21, 86, -21)
(13, 3| 128, -21, 87, -20)
(13, 3| 130, -18, 87, -20)
(13, 3| 129, -19, 88, -19)
(13, 3| 129, -19, 89, -18)
(13, 3| 131, -16, 89, -18)
(13, 3| 130, -18, 90, -17)
(13, 3| 132, -14, 90, -17)
(13, 3| 131, -16, 91, -16)
(13, 3| 131, -16, 92, -15)
(13, 3| 133, -13, 92, -15)
(13, 3| 132, -14, 93, -14)
(13, 3| 132, -14, 94, -13)
(13, 3| 134, -11, 94, -13)
(13, 3| 133, -13, 95, -12)
(13, 3| 135, -9, 95, -12)
(13, 3| 134, -11, 96, -11)
(13, 3| 134, -11, 97, -10)
(13, 3| 136, -8, 97, -10)
(13, 3| 135, -9, 98, -9)
(13, 3| 135, -9, 99, -8)
(13, 3| 137, -6, 99, -8)
(13, 3| 136, -8, 100, -7)
(13, 3| 138, -4, 100, -7)
(13, 3| 137, -6, 101, -6)
(13, 3| 137, -6, 102, -5)
(13, 3| 139, -3, 102, -5)
(13, 3| 138, -4, 103, -4)
(13, 3| 138, -4, 104, -3)
(13, 3| 140, -1, 104, -3)
(13, 3| 139, -3, 105, -2)
(13, 3| 141, 0, 105, -2)
(13, 3| 140, -1, 106, -1)
(13, 3| 140, -1, 107, 0)
(14, 3| 142, -12, 107, -13)
(14, 3| 141, -13, 108, -12)
(14, 3| 143, -11, 108, -12)
(14, 3| 142, -12, 109, -11)
(14, 3| 144, -10, 109, -11)
(14, 3| 143, -11, 110, -10)
(14, 3| 145, -9, 110, -10)
(14, 3| 144, -10, 111, -9)
(14, 3| 146, -8, 111, -9)
(14, 3| 145, -9, 112, -8)
(14, 3| 147, -8, 112, -8)
(14, 3| 148, -7, 112, -8)
(14, 3| 147, -8, 113, -7)
(14, 3| 149, -6, 113, -7)
(14, 3| 148, -7, 114, -6)
(14, 3| 150, -5, 114, -6)
(14, 3| 149, -6, 115, -5)
(14, 3| 151, -4, 115, -5)
(14, 3| 150, -5, 116, -4)
(14, 3| 152, -4, 116, -4)
(14, 3| 153, -3, 116, -4)
(14, 3| 152, -4, 117, -3)
(14, 3| 154, -2, 117, -3)
(14, 3| 153, -3, 118, -2)
(14, 3| 155, -1, 118, -2)
(14, 3| 154, -2, 119, -1)
(14, 3| 156, 0, 119, -1)
(14, 3| 155, -1, 120, 0)
(15, 3| 158, -27, 120, -29)
(15, 3| 157, -29, 121, -28)
(15, 3| 159, -25, 121, -28)
(15, 3| 158, -27, 122, -27)
(15, 3| 158, -27, 123, -26)
(15, 3| 160, -23, 123, -26)
(15, 3| 159, -25, 124, -25)
(15, 3| 159, -25, 125, -24)
(15, 3| 161, -21, 125, -24)
(15, 3| 160, -23, 126, -23)
(15, 3| 160, -23, 127, -22)
(15, 3| 162, -19, 127, -22)
(15, 3| 161, -21, 128, -21)
(15, 3| 161, -21, 129, -20)
(15, 3| 163, -18, 129, -20)
(15, 3| 162, -19, 130, -19)
(15, 3| 162, -19, 131, -18)
(15, 3| 164, -16, 131, -18)
(15, 3| 163, -18, 132, -17)
(15, 3| 165, -14, 132, -17)
(15, 3| 164, -16, 133, -16)
(15, 3| 164, -16, 134, -15)
(15, 3| 166, -12, 134, -15)
(15, 3| 165, -14, 135, -14)
(15, 3| 165, -14, 136, -13)
(15, 3| 167, -10, 136, -13)
(15, 3| 166, -12, 137, -12)
(15, 3| 166, -12, 138, -11)
(15, 3| 168, -9, 138, -11)
(15, 3| 167, -10, 139, -10)
(15, 3| 167, -10, 140, -9)
(15, 3| 169, -7, 140, -9)
(15, 3| 168, -9, 141, -8)
(15, 3| 170, -5, 141, -8)
(15, 3| 169, -7, 142, -7)
(15, 3| 169, -7, 143, -6)
(15, 3| 171, -3, 143, -6)
(15, 3| 170, -5, 144, -5)
(15, 3| 170, -5, 145, -4)
(15, 3| 172, -1, 145, -4)
(15, 3| 171, -3, 146, -3)
(15, 3| 171, -3, 147, -2)
(15, 3| 173, 0, 147, -2)
(15, 3| 172, -1, 148, -1)
(15, 3| 172, -1, 149, 0)
(16, 3| 174, -40, 149, -43)
(16, 3| 173, -43, 150, -42)
(16, 3| 175, -37, 150, -42)
(16, 3| 174, -40, 151, -41)
(16, 3| 176, -35, 151, -41)
(16, 3| 175, -37, 152, -40)
(16, 3| 177, -32, 152, -40)
(16, 3| 176, -35, 153, -39)
(16, 3| 178, -30, 153, -39)
(16, 3| 177, -32, 154, -38)
(16, 3| 179, -27, 154, -38)
(16, 3| 178, -30, 155, -37)
(16, 3| 180, -25, 155, -37)
(16, 3| 179, -27, 156, -36)
(16, 3| 181, -22, 156, -36)
(16, 3| 180, -25, 157, -35)
(16, 3| 182, -20, 157, -35)
(16, 3| 181, -22, 158, -34)
(16, 3| 183, -17, 158, -34)
(16, 3| 182, -20, 159, -33)
(16, 3| 184, -15, 159, -33)
(16, 3| 183, -17, 160, -32)
(16, 3| 185, -12, 160, -32)
(16, 3| 184, -15, 161, -31)
(16, 3| 186, -10, 161, -31)
(16, 3| 185, -12, 162, -30)
(16, 3| 187, -7, 162, -30)
(16, 3| 186, -10, 163, -29)
(16, 3| 188, -5, 163, -29)
(16, 3| 187, -7, 164, -28)
(16, 3| 189, -2, 164, -28)
(16, 3| 188, -5, 165, -27)
(16, 3| 190, 0, 165, -27)
(16, 3| 189, -2, 166, -26)
(17, 3| 191, -26, 192, -28)
(17, 3| 190, -28, 193, -27)
(17, 3| 192, -24, 193, -27)
(17, 3| 191, -26, 194, -26)
(17, 3| 191, -26, 195, -25)
(17, 3| 193, -22, 195, -25)
(17, 3| 192, -24, 196, -24)
(17, 3| 192, -24, 197, -23)
(17, 3| 194, -21, 197, -23)
(17, 3| 193, -22, 198, -22)
(17, 3| 193, -22, 199, -21)
(17, 3| 195, -19, 199, -21)
(17, 3| 194, -21, 200, -20)
(17, 3| 196, -17, 200, -20)
(17, 3| 195, -19, 201, -19)
(17, 3| 195, -19, 202, -18)
(17, 3| 197, -15, 202, -18)
(17, 3| 196, -17, 203, -17)
(17, 3| 196, -17, 204, -16)
(17, 3| 198, -14, 204, -16)
(17, 3| 197, -15, 205, -15)
(17, 3| 197, -15, 206, -14)
(17, 3| 199, -12, 206, -14)
(17, 3| 198, -14, 207, -13)
(17, 3| 200, -10, 207, -13)
(17, 3| 199, -12, 208, -12)
(17, 3| 199, -12, 209, -11)
(17, 3| 201, -8, 209, -11)
(17, 3| 200, -10, 210, -10)
(17, 3| 200, -10, 211, -9)
(17, 3| 202, -7, 211, -9)
(17, 3| 201, -8, 212, -8)
(17, 3| 201, -8, 213, -7)
(17, 3| 203, -5, 213, -7)
(17, 3| 202, -7, 214, -6)
(17, 3| 204, -3, 214, -6)
(17, 3| 203, -5, 215, -5)
(17, 3| 203, -5, 216, -4)
(17, 3| 205, -1, 216, -4)
(17, 3| 204, -3, 217, -3)
(17, 3| 204, -3, 218, -2)
(17, 3| 206, 0, 218, -2)
(17, 3| 205, -1, 219, -1)
(17, 3| 205, -1, 220, 0)
(0, 4| -117, -26, -271, -28)
(0, 4| -118, -28, -270, -27)
(0, 4| -116, -24, -270, -27)
(0, 4| -117, -26, -269, -26)
(0, 4| -117, -26, -268, -25)
(0, 4| -115, -22, -268, -25)
(0, 4| -116, -24, -267, -24)
(0, 4| -116, -24, -266, -23)
(0, 4| -114, -21, -266, -23)
(0, 4| -115, -22, -265, -22)
(0, 4| -115, -22, -264, -21)
(0, 4| -113, -19, -264, -21)
(0, 4| -114, -21, -263, -20)
(0, 4| -112, -17, -263, -20)
(0, 4| -113, -19, -262, -19)
(0, 4| -113, -19, -261, -18)
(0, 4| -111, -15, -261, -18)
(0, 4| -112, -17, -260, -17)
(0, 4| -112, -17, -259, -16)
(0, 4| -110, -14, -259, -16)
(0, 4| -111, -15, -258, -15)
(0, 4| -111, -15, -257, -14)
(0, 4| -109, -12, -257, -14)
(0, 4| -110, -14, -256, -13)
(0, 4| -108, -10, -256, -13)
(0, 4| -109, -12, -255, -12)
(0, 4| -109, -12, -254, -11)
(0, 4| -107, -8, -254, -11)
(0, 4| -108, -10, -253, -10)
(0, 4| -108, -10, -252, -9)
(0, 4| -106, -7, -252, -9)
(0, 4| -107, -8, -251, -8)
(0, 4| -107, -8, -250, -7)
(0, 4| -105, -5, -250, -7)
(0, 4| -106, -7, -249, -6)
(0, 4| -104, -3, -249, -6)
(0, 4| -105, -5, -248, -5)
(0, 4| -105, -5, -247, -4)
(0, 4| -103, -1, -247, -4)
(0, 4| -104, -3, -246, -3)
(0, 4| -104, -3, -245, -2)
(0, 4| -102, 0, -245, -2)
(0, 4| -103, -1, -244, -1)
(0, 4| -103, -1, -243, 0)
(1, 4| -101, -12, -243, -13)
(1, 4| -102, -13, -242, -12)
(1, 4| -100, -11, -242, -12)
(1, 4| -101, -12, -241, -11)
(1, 4| -99, -10, -241, -11)
(1, 4| -100, -11, -240, -10)
(1, 4| -98, -9, -240, -10)
(1, 4| -99, -10, -239, -9)
(1, 4| -97, -9, -239, -9)
(1, 4| -96, -8, -239, -9)
(1, 4| -97, -9, -238, -8)
(1, 4| -95, -7, -238, -8)
(1, 4| -96, -8, -237, -7)
(1, 4| -94, -6, -237, -7)
(1, 4| -95, -7, -236, -6)
(1, 4| -93, -6, -236, -6)
(1, 4| -92, -5, -236, -6)
(1, 4| -93, -6, -235, -5)
(1, 4| -91, -4, -235, -5)
(1, 4| -92, -5, -234, -4)
(1, 4| -90, -3, -234, -4)
(1, 4| -91, -4, -233, -3)
(1, 4| -89, -3, -233, -3)
(1, 4| -88, -2, -233, -3)
(1, 4| -89, -3, -232, -2)
(1, 4| -87, -1, -232, -2)
(1, 4| -88, -2, -231, -1)
(1, 4| -86, 0, -231, -1)
(1, 4| -87, -1, -230, 0)
(2, 4| -84, -27, -230, -29)
(2, 4| -85, -29, -229, -28)
(2, 4| -83, -25, -229, -28)
(2, 4| -84, -27, -228, -27)
(2, 4| -84, -27, -227, -26)
(2, 4| -82, -23, -227, -26)
(2, 4| -83, -25, -226, -25)
(2, 4| -83, -25, -225, -24)
(2, 4| -81, -21, -225, -24)
(2, 4| -82, -23, -224, -23)
(2, 4| -82, -23, -223, -22)
(2, 4| -80, -19, -223, -22)
(2, 4| -81, -21, -222, -21)
(2, 4| -81, -21, -221, -20)
(2, 4| -79, -18, -221, -20)
(2, 4| -80, -19, -220, -19)
(2, 4| -80, -19, -219, -18)
(2, 4| -78, -16, -219, -18)
(2, 4| -79, -18, -218, -17)
(2, 4| -77, -14, -218, -17)
(2, 4| -78, -16, -217, -16)
(2, 4| -78, -16, -216, -15)
(2, 4| -76, -12, -216, -15)
(2, 4| -77, -14, -215, -14)
(2, 4| -77, -14, -214, -13)
(2, 4| -75, -10, -214, -13)
(2, 4| -76, -12, -213, -12)
(2, 4| -76, -12, -212, -11)
(2, 4| -74, -9, -212, -11)
(2, 4| -75, -10, -211, -10)
(2, 4| -75, -10, -210, -9)
(2, 4| -73, -7, -210, -9)
(2, 4| -74, -9, -209, -8)
(2, 4| -72, -5, -209, -8)
(2, 4| -73, -7, -208, -7)
(2, 4| -73, -7, -207, -6)
(2, 4| -71, -3, -207, -6)
(2, 4| -72, -5, -206, -5)
(2, 4| -72, -5, -205, -4)
(2, 4| -70, -1, -205, -4)
(2, 4| -71, -3, -204, -3)
(2, 4| -71, -3, -203, -2)
(2, 4| -69, 0, -203, -2)
(2, 4| -70, -1, -202, -1)
(2, 4| -70, -1, -201, 0)
(3, 4| -68, -40, -201, -43)
(3, 4| -69, -43, -200, -42)
(3, 4| -67, -37, -200, -42)
(3, 4| -68, -40, -199, -41)
(3, 4| -66, -34, -199, -41)
(3, 4| -67, -37, -198, -40)
(3, 4| -65, -32, -198, -40)
(3, 4| -66, -34, -197, -39)
(3, 4| -64, -29, -197, -39)
(3, 4| -65, -32, -196, -38)
(3, 4| -63, -26, -196, -38)
(3, 4| -64, -29, -195, -37)
(3, 4| -62, -24, -195, -37)
(3, 4| -63, -26, -194, -36)
(3, 4| -61, -21, -194, -36)
(3, 4| -62, -24, -193, -35)
(3, 4| -60, -18, -193, -35)
(3, 4| -61, -21, -192, -34)
(3, 4| -59, -16, -192, -34)
(3, 4| -60, -18, -191, -33)
(3, 4| -58, -13, -191, -33)
(3, 4| -59, -16, -190, -32)
(3, 4| -57, -10, -190, -32)
(3, 4| -58, -13, -189, -31)
(3, 4| -56, -8, -189, -31)
(3, 4| -57, -10, -188, -30)
(3, 4| -55, -5, -188, -30)
(3, 4| -56, -8, -187, -29)
(3, 4| -54, -2, -187, -29)
(3, 4| -55, -5, -186, -28)
(3, 4| -53, 0, -186, -28)
(3, 4| -54, -2, -185, -27)
(4, 4| -52, -26, -158, -28)
(4, 4| -53, -28, -157, -27)
(4, 4| -51, -24, -157, -27)
(4, 4| -52, -26, -156, -26)
(4, 4| -52, -26, -155, -25)
(4, 4| -50, -23, -155, -25)
(4, 4| -51, -24, -154, -24)
(4, 4| -51, -24, -153, -23)
(4, 4| -49, -21, -153, -23)
(4, 4| -50, -23, -152, -22)
(4, 4| -48, -19, -152, -22)
(4, 4| -49, -21, -151, -21)
(4, 4| -49, -21, -150, -20)
(4, 4| -47, -18, -150, -20)
(4, 4| -48, -19, -149, -19)
(4, 4| -48, -19, -148, -18)
(4, 4| -46, -16, -148, -18)
(4, 4| -47, -18, -147, -17)
(4, 4| -45, -14, -147, -17)
(4, 4| -46, -16, -146, -16)
(4, 4| -46, -16, -145, -15)
(4, 4| -44, -13, -145, -15)
(4, 4| -45, -14, -144, -14)
(4, 4| -45, -14, -143, -13)
(4, 4| -43, -11, -143, -13)
(4, 4| -44, -13, -142, -12)
(4, 4| -42, -9, -142, -12)
(4, 4| -43, -11, -141, -11)
(4, 4| -43, -11, -140, -10)
(4, 4| -41, -8, -140, -10)
(4, 4| -42, -9, -139, -9)
(4, 4| -42, -9, -138, -8)
(4, 4| -40, -6, -138, -8)
(4, 4| -41, -8, -137, -7)
(4, 4| -39, -4, -137, -7)
(4, 4| -40, -6, -136, -6)
(4, 4| -40, -6, -135, -5)
(4, 4| -38, -3, -135, -5)
(4, 4| -39, -4, -134, -4)
(4, 4| -39, -4, -133, -3)
(4, 4| -37, -1, -133, -3)
(4, 4| -38, -3, -132, -2)
(4, 4| -36, 0, -132, -2)
(4, 4| -37, -1, -131, -1)
(4, 4| -37, -1, -130, 0)
(5, 4| -35, -12, -130, -13)
(5, 4| -36, -13, -129, -12)
(5, 4| -34, -11, -129, -12)
(5, 4| -35, -12, -128, -11)
(5, 4| -33, -10, -128, -11)
(5, 4| -34, -11, -127, -10)
(5, 4| -32, -9, -127, -10)
(5, 4| -33, -10, -126, -9)
(5, 4| -31, -8, -126, -9)
(5, 4| -32, -9, -125, -8)
(5, 4| -30, -8, -125, -8)
(5, 4| -29, -7, -125, -8)
(5, 4| -30, -8, -124, -7)
(5, 4| -28, -6, -124, -7)
(5, 4| -29, -7, -123, -6)
(5, 4| -27, -5, -123, -6)
(5, 4| -28, -6, -122, -5)
(5, 4| -26, -4, -122, -5)
(5, 4| -27, -5, -121, -4)
(5, 4| -25, -4, -121, -4)
(5, 4| -24, -3, -121, -4)
(5, 4| -25, -4, -120, -3)
(5, 4| -23, -2, -120, -3)
(5, 4| -24, -3, -119, -2)
(5, 4| -22, -1, -119, -2)
(5, 4| -23, -2, -118, -1)
(5, 4| -21, 0, -118, -1)
(5, 4| -22, -1, -117, 0)
(6, 4| -19, -27, -117, -29)
(6, 4| -20, -29, -116, -28)
(6, 4| -18, -25, -116, -28)
(6, 4| -19, -27, -115, -27)
(6, 4| -19, -27, -114, -26)
(6, 4| -17, -23, -114, -26)
(6, 4| -18, -25, -113, -25)
(6, 4| -18, -25, -112, -24)
(6, 4| -16, -21, -112, -24)
(6, 4| -17, -23, -111, -23)
(6, 4| -17, -23, -110, -22)
(6, 4| -15, -19, -110, -22)
(6, 4| -16, -21, -109, -21)
(6, 4| -16, -21, -108, -20)
(6, 4| -14, -18, -108, -20)
(6, 4| -15, -19, -107, -19)
(6, 4| -15, -19, -106, -18)
(6, 4| -13, -16, -106, -18)
(6, 4| -14, -18, -105, -17)
(6, 4| -12, -14, -105, -17)
(6, 4| -13, -16, -104, -16)
(6, 4| -13, -16, -103, -15)
(6, 4| -11, -12, -103, -15)
(6, 4| -12, -14, -102, -14)
(6, 4| -12, -14, -101, -13)
(6, 4| -10, -10, -101, -13)
(6, 4| -11, -12, -100, -12)
(6, 4| -11, -12, -99, -11)
(6, 4| -9, -9, -99, -11)
(6, 4| -10, -10, -98, -10)
(6, 4| -10, -10, -97, -9)
(6, 4| -8, -7, -97, -9)
(6, 4| -9, -9, -96, -8)
(6, 4| -7, -5, -96, -8)
(6, 4| -8, -7, -95, -7)
(6, 4| -8, -7, -94, -6)
(6, 4| -6, -3, -94, -6)
(6, 4| -7, -5, -93, -5)
(6, 4| -7, -5, -92, -4)
(6, 4| -5, -1, -92, -4)
(6, 4| -6, -3, -91, -3)
(6, 4| -6, -3, -90, -2)
(6, 4| -4, 0, -90, -2)
(6, 4| -5, -1, -89, -1)
(6, 4| -5, -1, -88, 0)
(7, 4| -3, -40, -88, -43)
(7, 4| -4, -43, -87, -42)
(7, 4| -2, -37, -87, -42)
(7, 4| -3, -40, -86, -41)
(7, 4| -1, -35, -86, -41)
(7, 4| -2, -37, -85, -40)
(7, 4| 0, -32, -85, -40)
(7, 4| -1, -35, -84, -39)
(7, 4| 1, -30, -84, -39)
(7, 4| 0, -32, -83, -38)
(7, 4| 2, -27, -83, -38)
(7, 4| 1, -30, -82, -37)
(7, 4| 3, -25, -82, -37)
(7, 4| 2, -27, -81, -36)
(7, 4| 4, -22, -81, -36)
(7, 4| 3, -25, -80, -35)
(7, 4| 5, -20, -80, -35)
(7, 4| 4, -22, -79, -34)
(7, 4| 6, -17, -79, -34)
(7, 4| 5, -20, -78, -33)
(7, 4| 7, -15, -78, -33)
(7, 4| 6, -17, -77, -32)
(7, 4| 8, -12, -77, -32)
(7, 4| 7, -15, -76, -31)
(7, 4| 9, -10, -76, -31)
(7, 4| 8, -12, -75, -30)
(7, 4| 10, -7, -75, -30)
(7, 4| 9, -10, -74, -29)
(7, 4| 11, -5, -74, -29)
(7, 4| 10, -7, -73, -28)
(7, 4| 12, -2, -73, -28)
(7, 4| 11, -5, -72, -27)
(7, 4| 13, 0, -72, -27)
(7, 4| 12, -2, -71, -26)
(8, 4| 14, -26, -45, -28)
(8, 4| 13, -28, -44, -27)
(8, 4| 15, -24, -44, -27)
(8, 4| 14, -26, -43, -26)
(8, 4| 14, -26, -42, -25)
(8, 4| 16, -22, -42, -25)
(8, 4| 15, -24, -41, -24)
(8, 4| 15, -24, -40, -23)
(8, 4| 17, -21, -40, -23)
(8, 4| 16, -22, -39, -22)
(8, 4| 16, -22, -38, -21)
(8, 4| 18, -19, -38, -21)
(8, 4| 17, -21, -37, -20)
(8, 4| 19, -17, -37, -20)
(8, 4| 18, -19, -36, -19)
(8, 4| 18, -19, -35, -18)
(8, 4| 20, -15, -35, -18)
(8, 4| 19, -17, -34, -17)
(8, 4| 19, -17, -33, -16)
(8, 4| 21, -14, -33, -16)
(8, 4| 20, -15, -32, -15)
(8, 4| 20, -15, -31, -14)
(8, 4| 22, -12, -31, -14)
(8, 4| 21, -14, -30, -13)
(8, 4| 23, -10, -30, -13)
(8, 4| 22, -12, -29, -12)
(8, 4| 22, -12, -28, -11)
(8, 4| 24, -8, -28, -11)
(8, 4| 23, -10, -27, -10)
(8, 4| 23, -10, -26, -9)
(8, 4| 25, -7, -26, -9)
(8, 4| 24, -8, -25, -8)
(8, 4| 24, -8, -24, -7)
(8, 4| 26, -5, -24, -7)
(8, 4| 25, -7, -23, -6)
(8, 4| 27, -3, -23, -6)
(8, 4| 26, -5, -22, -5)
(8, 4| 26, -5, -21, -4)
(8, 4| 28, -1, -21, -4)
(8, 4| 27, -3, -20, -3)
(8, 4| 27, -3, -19, -2)
(8, 4| 29, 0, -19, -2)
(8, 4| 28, -1, -18, -1)
(8, 4| 28, -1, -17, 0)
(9, 4| 30, -26, -17, -28)
(9, 4| 29, -28, -16, -27)
(9, 4| 31, -24, -16, -27)
(9, 4| 30, -26, -15, -26)
(9, 4| 30, -26, -14, -25)
(9, 4| 32, -22, -14, -25)
(9, 4| 31, -24, -13, -24)
(9, 4| 31, -24, -12, -23)
(9, 4| 33, -21, -12, -23)
(9, 4| 32, -22, -11, -22)
(9, 4| 32, -22, -10, -21)
(9, 4| 34, -19, -10, -21)
(9, 4| 33, -21, -9, -20)
(9, 4| 35, -17, -9, -20)
(9, 4| 34, -19, -8, -19)
(9, 4| 34, -19, -7, -18)
(9, 4| 36, -15, -7, -18)
(9, 4| 35, -17, -6, -17)
(9, 4| 35, -17, -5, -16)
(9, 4| 37, -14, -5, -16)
(9, 4| 36, -15, -4, -15)
(9, 4| 36, -15, -3, -14)
(9, 4| 38, -12, -3, -14)
(9, 4| 37, -14, -2, -13)
(9, 4| 39, -10, -2, -13)
(9, 4| 38, -12, -1, -12)
(9, 4| 38, -12, 0, -11)
(9, 4| 40, -8, 0, -11)
(9, 4| 39, -10, 1, -10)
(9, 4| 39, -10, 2, -9)
(9, 4| 41, -7, 2, -9)
(9, 4| 40, -8, 3, -8)
(9, 4| 40, -8, 4, -7)
(9, 4| 42, -5, 4, -7)
(9, 4| 41, -7, 5, -6)
(9, 4| 43, -3, 5, -6)
(9, 4| 42, -5, 6, -5)
(9, 4| 42, -5, 7, -4)
(9, 4| 44, -1, 7, -4)
(9, 4| 43, -3, 8, -3)
(9, 4| 43, -3, 9, -2)
(9, 4| 45, 0, 9, -2)
(9, 4| 44, -1, 10, -1)
(9, 4| 44, -1, 11, 0)
(10, 4| 46, -26, 11, -28)
(10, 4| 45, -28, 12, -27)
(10, 4| 47, -24, 12, -27)
(10, 4| 46, -26, 13, -26)
(10, 4| 46, -26, 14, -25)
(10, 4| 48, -23, 14, -25)
(10, 4| 47, -24, 15, -24)
(10, 4| 47, -24, 16, -23)
(10, 4| 49, -21, 16, -23)
(10, 4| 48, -23, 17, -22)
(10, 4| 50, -19, 17, -22)
(10, 4| 49, -21, 18, -21)
(10, 4| 49, -21, 19, -20)
(10, 4| 51, -18, 19, -20)
(10, 4| 50, -19, 20, -19)
(10, 4| 50, -19, 21, -18)
(10, 4| 52, -16, 21, -18)
(10, 4| 51, -18, 22, -17)
(10, 4| 53, -14, 22, -17)
(10, 4| 52, -16, 23, -16)
(10, 4| 52, -16, 24, -15)
(10, 4| 54, -13, 24, -15)
(10, 4| 53, -14, 25, -14)
(10, 4| 53, -14, 26, -13)
(10, 4| 55, -11, 26, -13)
(10, 4| 54, -13, 27, -12)
(10, 4| 56, -9, 27, -12)
(10, 4| 55, -11, 28, -11)
(10, 4| 55, -11, 29, -10)
(10, 4| 57, -8, 29, -10)
(10, 4| 56, -9, 30, -9)
(10, 4| 56, -9, 31, -8)
(10, 4| 58, -6, 31, -8)
(10, 4| 57, -8, 32, -7)
(10, 4| 59, -4, 32, -7)
(10, 4| 58, -6, 33, -6)
(10, 4| 58, -6, 34, -5)
(10, 4| 60, -3, 34, -5)
(10, 4| 59, -4, 35, -4)
(10, 4| 59, -4, 36, -3)
(10, 4| 61, -1, 36, -3)
(10, 4| 60, -3, 37, -2)
(10, 4| 62, 0, 37, -2)
(10, 4| 61, -1, 38, -1)
(10, 4| 61, -1, 39, 0)
(11, 4| 63, -27, 39, -29)
(11, 4| 62, -29, 40, -28)
(11, 4| 64, -25, 40, -28)
(11, 4| 63, -27, 41, -27)
(11, 4| 63, -27, 42, -26)
(11, 4| 65, -23, 42, -26)
(11, 4| 64, -25, 43, -25)
(11, 4| 64, -25, 44, -24)
(11, 4| 66, -21, 44, -24)
(11, 4| 65, -23, 45, -23)
(11, 4| 65, -23, 46, -22)
(11, 4| 67, -19, 46, -22)
(11, 4| 66, -21, 47, -21)
(11, 4| 66, -21, 48, -20)
(11, 4| 68, -18, 48, -20)
(11, 4| 67, -19, 49, -19)
(11, 4| 67, -19, 50, -18)
(11, 4| 69, -16, 50, -18)
(11, 4| 68, -18, 51, -17)
(11, 4| 70, -14, 51, -17)
(11, 4| 69, -16, 52, -16)
(11, 4| 69, -16, 53, -15)
(11, 4| 71, -12, 53, -15)
(11, 4| 70, -14, 54, -14)
(11, 4| 70, -14, 55, -13)
(11, 4| 72, -10, 55, -13)
(11, 4| 71, -12, 56, -12)
(11, 4| 71, -12, 57, -11)
(11, 4| 73, -9, 57, -11)
(11, 4| 72, -10, 58, -10)
(11, 4| 72, -10, 59, -9)
(11, 4| 74, -7, 59, -9)
(11, 4| 73, -9, 60, -8)
(11, 4| 75, -5, 60, -8)
(11, 4| 74, -7, 61, -7)
(11, 4| 74, -7, 62, -6)
(11, 4| 76, -3, 62, -6)
(11, 4| 75, -5, 63, -5)
(11, 4| 75, -5, 64, -4)
(11, 4| 77, -1, 64, -4)
(11, 4| 76, -3, 65, -3)
(11, 4| 76, -3, 66, -2)
(11, 4| 78, 0, 66, -2)
(11, 4| 77, -1, 67, -1)
(11, 4| 77, -1, 68, 0)
(12, 4| 79, -26, 68, -28)
(12, 4| 78, -28, 69, -27)
(12, 4| 80, -24, 69, -27)
(12, 4| 79, -26, 70, -26)
(12, 4| 79, -26, 71, -25)
(12, 4| 81, -22, 71, -25)
(12, 4| 80, -24, 72, -24)
(12, 4| 80, -24, 73, -23)
(12, 4| 82, -21, 73, -23)
(12, 4| 81, -22, 74, -22)
(12, 4| 81, -22, 75, -21)
(12, 4| 83, -19, 75, -21)
(12, 4| 82, -21, 76, -20)
(12, 4| 84, -17, 76, -20)
(12, 4| 83, -19, 77, -19)
(12, 4| 83, -19, 78, -18)
(12, 4| 85, -15, 78, -18)
(12, 4| 84, -17, 79, -17)
(12, 4| 84, -17, 80, -16)
(12, 4| 86, -14, 80, -16)
(12, 4| 85, -15, 81, -15)
(12, 4| 85, -15, 82, -14)
(12, 4| 87, -12, 82, -14)
(12, 4| 86, -14, 83, -13)
(12, 4| 88, -10, 83, -13)
(12, 4| 87, -12, 84, -12)
(12, 4| 87, -12, 85, -11)
(12, 4| 89, -8, 85, -11)
(12, 4| 88, -10, 86, -10)
(12, 4| 88, -10, 87, -9)
(12, 4| 90, -7, 87, -9)
(12, 4| 89, -8, 88, -8)
(12, 4| 89, -8, 89, -7)
(12, 4| 91, -5, 89, -7)
(12, 4| 90, -7, 90, -6)
(12, 4| 92, -3, 90, -6)
(12, 4| 91, -5, 91, -5)
(12, 4| 91, -5, 92, -4)
(12, 4| 93, -1, 92, -4)
(12, 4| 92, -3, 93, -3)
(12, 4| 92, -3, 94, -2)
(12, 4| 94, 0, 94, -2)
(12, 4| 93, -1, 95, -1)
(12, 4| 93, -1, 96, 0)
(13, 4| 95, -26, 96, -28)
(13, 4| 94, -28, 97, -27)
(13, 4| 96, -24, 97, -27)
(13, 4| 95, -26, 98, -26)
(13, 4| 95, -26, 99, -25)
(13, 4| 97, -23, 99, -25)
(13, 4| 96, -24, 100, -24)
(13, 4| 96, -24, 101, -23)
(13, 4| 98, -21, 101, -23)
(13, 4| 97, -23, 102, -22)
(13, 4| 99, -19, 102, -22)
(13, 4| 98, -21, 103, -21)
(13, 4| 98, -21, 104, -20)
(13, 4| 100, -18, 104, -20)
(13, 4| 99, -19, 105, -19)
(13, 4| 99, -19, 106, -18)
(13, 4| 101, -16, 106, -18)
(13, 4| 100, -18, 107, -17)
(13, 4| 102, -14, 107, -17)
(13, 4| 101, -16, 108, -16)
(13, 4| 101, -16, 109, -15)
(13, 4| 103, -13, 109, -15)
(13, 4| 102, -14, 110, -14)
(13, 4| 102, -14, 111, -13)
(13, 4| 104, -11, 111, -13)
(13, 4| 103, -13, 112, -12)
(13, 4| 105, -9, 112, -12)
(13, 4| 104, -11, 113, -11)
(13, 4| 104, -11, 114, -10)
(13, 4| 106, -8, 114, -10)
(13, 4| 105, -9, 115, -9)
(13, 4| 105, -9, 116, -8)
(13, 4| 107, -6, 116, -8)
(13, 4| 106, -8, 117, -7)
(13, 4| 108, -4, 117, -7)
(13, 4| 107, -6, 118, -6)
(13, 4| 107, -6, 119, -5)
(13, 4| 109, -3, 119, -5)
(13, 4| 108, -4, 120, -4)
(13, 4| 108, -4, 121, -3)
(13, 4| 110, -1, 121, -3)
(13, 4| 109, -3, 122, -2)
(13, 4| 111, 0, 122, -2)
(13, 4| 110, -1, 123, -1)
(13, 4| 110, -1, 124, 0)
(14, 4| 112, -12, 124, -13)
(14, 4| 111, -13, 125, -12)
(14, 4| 113, -11, 125, -12)
(14, 4| 112, -12, 126, -11)
(14, 4| 114, -10, 126, -11)
(14, 4| 113, -11, 127, -10)
(14, 4| 115, -9, 127, -10)
(14, 4| 114, -10, 128, -9)
(14, 4| 116, -8, 128, -9)
(14, 4| 115, -9, 129, -8)
(14, 4| 117, -8, 129, -8)
(14, 4| 118, -7, 129, -8)
(14, 4| 117, -8, 130, -7)
(14, 4| 119, -6, 130, -7)
(14, 4| 118, -7, 131, -6)
(14, 4| 120, -5, 131, -6)
(14, 4| 119, -6, 132, -5)
(14, 4| 121, -4, 132, -5)
(14, 4| 120, -5, 133, -4)
(14, 4| 122, -4, 133, -4)
(14, 4| 123, -3, 133, -4)
(14, 4| 122, -4, 134, -3)
(14, 4| 124, -2, 134, -3)
(14, 4| 123, -3, 135, -2)
(14, 4| 125, -1, 135, -2)
(14, 4| 124, -2, 136, -1)
(14, 4| 126, 0, 136, -1)
(14, 4| 125, -1, 137, 0)
(15, 4| 128, -27, 137, -29)
(15, 4| 127, -29, 138, -28)
(15, 4| 129, -25, 138, -28)
(15, 4| 128, -27, 139, -27)
(15, 4| 128, -27, 140, -26)
(15, 4| 130, -23, 140, -26)
(15, 4| 129, -25, 141, -25)
(15, 4| 129, -25, 142, -24)
(15, 4| 131, -21, 142, -24)
(15, 4| 130, -23, 143, -23)
(15, 4| 130, -23, 144, -22)
(15, 4| 132, -19, 144, -22)
(15, 4| 131, -21, 145, -21)
(15, 4| 131, -21, 146, -20)
(15, 4| 133, -18, 146, -20)
(15, 4| 132, -19, 147, -19)
(15, 4| 132, -19, 148, -18)
(15, 4| 134, -16, 148, -18)
(15, 4| 133, -18, 149, -17)
(15, 4| 135, -14, 149, -17)
(15, 4| 134, -16, 150, -16)
(15, 4| 134, -16, 151, -15)
(15, 4| 136, -12, 151, -15)
(15, 4| 135, -14, 152, -14)
(15, 4| 135, -14, 153, -13)
(15, 4| 137, -10, 153, -13)
(15, 4| 136, -12, 154, -12)
(15, 4| 136, -12, 155, -11)
(15, 4| 138, -9, 155, -11)
(15, 4| 137, -10, 156, -10)
(15, 4| 137, -10, 157, -9)
(15, 4| 139, -7, 157, -9)
(15, 4| 138, -9, 158, -8)
(15, 4| 140, -5, 158, -8)
(15, 4| 139, -7, 159, -7)
(15, 4| 139, -7, 160, -6)
(15, 4| 141, -3, 160, -6)
(15, 4| 140, -5, 161, -5)
(15, 4| 140, -5, 162, -4)
(15, 4| 142, -1, 162, -4)
(15, 4| 141, -3, 163, -3)
(15, 4| 141, -3, 164, -2)
(15, 4| 143, 0, 164, -2)
(15, 4| 142, -1, 165, -1)
(15, 4| 142, -1, 166, 0)
(16, 4| 144, -40, 166, -43)
(16, 4| 143, -43, 167, -42)
(16, 4| 145, -37, 167, -42)
(16, 4| 144, -40, 168, -41)
(16, 4| 146, -35, 168, -41)
(16, 4| 145, -37, 169, -40)
(16, 4| 147, -32, 169, -40)
(16, 4| 146, -35, 170, -39)
(16, 4| 148, -30, 170, -39)
(16, 4| 147, -32, 171, -38)
(16, 4| 149, -27, 171, -38)
(16, 4| 148, -30, 172, -37)
(16, 4| 150, -25, 172, -37)
(16, 4| 149, -27, 173, -36)
(16, 4| 151, -22, 173, -36)
(16, 4| 150, -25, 174, -35)
(16, 4| 152, -20, 174, -35)
(16, 4| 151, -22, 175, -34)
(16, 4| 153, -17, 175, -34)
(16, 4| 152, -20, 176, -33)
(16, 4| 154, -15, 176, -33)
(16, 4| 153, -17, 177, -32)
(16, 4| 155, -12, 177, -32)
(16, 4| 154, -15, 178, -31)
(16, 4| 156, -10, 178, -31)
(16, 4| 155, -12, 179, -30)
(16, 4| 157, -7, 179, -30)
(16, 4| 156, -10, 180, -29)
(16, 4| 158, -5, 180, -29)
(16, 4| 157, -7, 181, -28)
(16, 4| 159, -2, 181, -28)
(16, 4| 158, -5, 182, -27)
(16, 4| 160, 0, 182, -27)
(16, 4| 159, -2, 183, -26)
(17, 4| 161, -26, 209, -28)
(17, 4| 160, -28, 210, -27)
(17, 4| 162, -24, 210, -27)
(17, 4| 161, -26, 211, -26)
(17, 4| 161, -26, 212, -25)
(17, 4| 163, -22, 212, -25)
(17, 4| 162, -24, 213, -24)
(17, 4| 162, -24, 214, -23)
(17, 4| 164, -21, 214, -23)
(17, 4| 163, -22, 215, -22)
(17, 4| 163, -22, 216, -21)
(17, 4| 165, -19, 216, -21)
(17, 4| 164, -21, 217, -20)
(17, 4| 166, -17, 217, -20)
(17, 4| 165, -19, 218, -19)
(17, 4| 165, -19, 219, -18)
(17, 4| 167, -15, 219, -18)
(17, 4| 166, -17, 220, -17)
(17, 4| 166, -17, 221, -16)
(17, 4| 168, -14, 221, -16)
(17, 4| 167, -15, 222, -15)
(17, 4| 167, -15, 223, -14)
(17, 4| 169, -12, 223, -14)
(17, 4| 168, -14, 224, -13)
(17, 4| 170, -10, 224, -13)
(17, 4| 169, -12, 225, -12)
(17, 4| 169, -12, 226, -11)
(17, 4| 171, -8, 226, -11)
(17, 4| 170, -10, 227, -10)
(17, 4| 170, -10, 228, -9)
(17, 4| 172, -7, 228, -9)
(17, 4| 171, -8, 229, -8)
(17, 4| 171, -8, 230, -7)
(17, 4| 173, -5, 230, -7)
(17, 4| 172, -7, 231, -6)
(17, 4| 174, -3, 231, -6)
(17, 4| 173, -5, 232, -5)
(17, 4| 173, -5, 233, -4)
(17, 4| 175, -1, 233, -4)
(17, 4| 174, -3, 234, -3)
(17, 4| 174, -3, 235, -2)
(17, 4| 176, 0, 235, -2)
(17, 4| 175, -1, 236, -1)
(17, 4| 175, -1, 237, 0)
(0, 5| -146, -26, -254, -28)
(0, 5| -147, -28, -253, -27)
(0, 5| -145, -24, -253, -27)
(0, 5| -146, -26, -252, -26)
(0, 5| -146, -26, -251, -25)
(0, 5| -144, -22, -251, -25)
(0, 5| -145, -24, -250, -24)
(0, 5| -145, -24, -249, -23)
(0, 5| -143, -21, -249, -23)
(0, 5| -144, -22, -248, -22)
(0, 5| -144, -22, -247, -21)
(0, 5| -142, -19, -247, -21)
(0, 5| -143, -21, -246, -20)
(0, 5| -141, -17, -246, -20)
(0, 5| -142, -19, -245, -19)
(0, 5| -142, -19, -244, -18)
(0, 5| -140, -15, -244, -18)
(0, 5| -141, -17, -243, -17)
(0, 5| -141, -17, -242, -16)
(0, 5| -139, -14, -242, -16)
(0, 5| -140, -15, -241, -15)
(0, 5| -140, -15, -240, -14)
(0, 5| -138, -12, -240, -14)
(0, 5| -139, -14, -239, -13)
(0, 5| -137, -10, -239, -13)
(0, 5| -138, -12, -238, -12)
(0, 5| -138, -12, -237, -11)
(0, 5| -136, -8, -237, -11)
(0, 5| -137, -10, -236, -10)
(0, 5| -137, -10, -235, -9)
(0, 5| -135, -7, -235, -9)
(0, 5| -136, -8, -234, -8)
(0, 5| -136, -8, -233, -7)
(0, 5| -134, -5, -233, -7)
(0, 5| -135, -7, -232, -6)
(0, 5| -133, -3, -232, -6)
(0, 5| -134, -5, -231, -5)
(0, 5| -134, -5, -230, -4)
(0, 5| -132, -1, -230, -4)
(0, 5| -133, -3, -229, -3)
(0, 5| -133, -3, -228, -2)
(0, 5| -131, 0, -228, -2)
(0, 5| -132, -1, -227, -1)
(0, 5| -132, -1, -226, 0)
(1, 5| -130, -12, -226, -13)
(1, 5| -131, -13, -225, -12)
(1, 5| -129, -11, -225, -12)
(1, 5| -130, -12, -224, -11)
(1, 5| -128, -10, -224, -11)
(1, 5| -129, -11, -223, -10)
(1, 5| -127, -9, -223, -10)
(1, 5| -128, -10, -222, -9)
(1, 5| -126, -9, -222, -9)
(1, 5| -125, -8, -222, -9)
(1, 5| -126, -9, -221, -8)
(1, 5| -124, -7, -221, -8)
(1, 5| -125, -8, -220, -7)
(1, 5| -123, -6, -220, -7)
(1, 5| -124, -7, -219, -6)
(1, 5| -122, -6, -219, -6)
(1, 5| -121, -5, -219, -6)
(1, 5| -122, -6, -218, -5)
(1, 5| -120, -4, -218, -5)
(1, 5| -121, -5, -217, -4)
(1, 5| -119, -3, -217, -4)
(1, 5| -120, -4, -216, -3)
(1, 5| -118, -3, -216, -3)
(1, 5| -117, -2, -216, -3)
(1, 5| -118, -3, -215, -2)
(1, 5| -116, -1, -215, -2)
(1, 5| -117, -2, -214, -1)
(1, 5| -115, 0, -214, -1)
(1, 5| -116, -1, -213, 0)
(2, 5| -113, -27, -213, -29)
(2, 5| -114, -29, -212, -28)
(2, 5| -112, -25, -212, -28)
(2, 5| -113, -27, -211, -27)
(2, 5| -113, -27, -210, -26)
(2, 5| -111, -23, -210, -26)
(2, 5| -112, -25, -209, -25)
(2, 5| -112, -25, -208, -24)
(2, 5| -110, -21, -208, -24)
(2, 5| -111, -23, -207, -23)
(2, 5| -111, -23, -206, -22)
(2, 5| -109, -19, -206, -22)
(2, 5| -110, -21, -205, -21)
(2, 5| -110, -21, -204, -20)
(2, 5| -108, -18, -204, -20)
(2, 5| -109, -19, -203, -19)
(2, 5| -109, -19, -202, -18)
(2, 5| -107, -16, -202, -18)
(2, 5| -108, -18, -201, -17)
(2, 5| -106, -14, -201, -17)
(2, 5| -107, -16, -200, -16)
(2, 5| -107, -16, -199, -15)
(2, 5| -105, -12, -199, -15)
(2, 5| -106, -14, -198, -14)
(2, 5| -106, -14, -197, -13)
(2, 5| -104, -10, -197, -13)
(2, 5| -105, -12, -196, -12)
(2, 5| -105, -12, -195, -11)
(2, 5| -103, -9, -195, -11)
(2, 5| -104, -10, -194, -10)
(2, 5| -104, -10, -193, -9)
(2, 5| -102, -7, -193, -9)
(2, 5| -103, -9, -192, -8)
(2, 5| -101, -5, -192, -8)
(2, 5| -102, -7, -191, -7)
(2, 5| -102, -7, -190, -6)
(2, 5| -100, -3, -190, -6)
(2, 5| -101, -5, -189, -5)
(2, 5| -101, -5, -188, -4)
(2, 5| -99, -1, -188, -4)
(2, 5| -100, -3, -187, -3)
(2, 5| -100, -3, -186, -2)
(2, 5| -98, 0, -186, -2)
(2, 5| -99, -1, -185, -1)
(2, 5| -99, -1, -184, 0)
(3, 5| -97, -26, -184, -28)
(3, 5| -98, -28, -183, -27)
(3, 5| -96, -24, -183, -27)
(3, 5| -97, -26, -182, -26)
(3, 5| -97, -26, -181, -25)
(3, 5| -95, -22, -181, -25)
(3, 5| -96, -24, -180, -24)
(3, 5| -96, -24, -179, -23)
(3, 5| -94, -21, -179, -23)
(3, 5| -95, -22, -178, -22)
(3, 5| -95, -22, -177, -21)
(3, 5| -93, -19, -177, -21)
(3, 5| -94, -21, -176, -20)
(3, 5| -92, -17, -176, -20)
(3, 5| -93, -19, -175, -19)
(3, 5| -93, -19, -174, -18)
(3, 5| -91, -15, -174, -18)
(3, 5| -92, -17, -173, -17)
(3, 5| -92, -17, -172, -16)
(3, 5| -90, -14, -172, -16)
(3, 5| -91, -15, -171, -15)
(3, 5| -91, -15, -170, -14)
(3, 5| -89, -12, -170, -14)
(3, 5| -90, -14, -169, -13)
(3, 5| -88, -10, -169, -13)
(3, 5| -89, -12, -168, -12)
(3, 5| -89, -12, -167, -11)
(3, 5| -87, -8, -167, -11)
(3, 5| -88, -10, -166, -10)
(3, 5| -88, -10, -165, -9)
(3, 5| -86, -7, -165, -9)
(3, 5| -87, -8, -164, -8)
(3, 5| -87, -8, -163, -7)
(3, 5| -85, -5, -163, -7)
(3, 5| -86, -7, -162, -6)
(3, 5| -84, -3, -162, -6)
(3, 5| -85, -5, -161, -5)
(3, 5| -85, -5, -160, -4)
(3, 5| -83, -1, -160, -4)
(3, 5| -84, -3, -159, -3)
(3, 5| -84, -3, -158, -2)
(3, 5| -82, 0, -158, -2)
(3, 5| -83, -1, -157, -1)
(3, 5| -83, -1, -156, 0)
(4, 5| -81, -26, -156, -28)
(4, 5| -82, -28, -155, -27)
(4, 5| -80, -24, -155, -27)
(4, 5| -81, -26, -154, -26)
(4, 5| -81, -26, -153, -25)
(4, 5| -79, -23, -153, -25)
(4, 5| -80, -24, -152, -24)
(4, 5| -80, -24, -151, -23)
(4, 5| -78, -21, -151, -23)
(4, 5| -79, -23, -150, -22)
(4, 5| -77, -19, -150, -22)
(4, 5| -78, -21, -149, -21)
(4, 5| -78, -21, -148, -20)
(4, 5| -76, -18, -148, -20)
(4, 5| -77, -19, -147, -19)
(4, 5| -77, -19, -146, -18)
(4, 5| -75, -16, -146, -18)
(4, 5| -76, -18, -145, -17)
(4, 5| -74, -14, -145, -17)
(4, 5| -75, -16, -144, -16)
(4, 5| -75, -16, -143, -15)
(4, 5| -73, -13, -143, -15)
(4, 5| -74, -14, -142, -14)
(4, 5| -74, -14, -141, -13)
(4, 5| -72, -11, -141, -13)
(4, 5| -73, -13, -140, -12)
(4, 5| -71, -9, -140, -12)
(4, 5| -72, -11, -139, -11)
(4, 5| -72, -11, -138, -10)
(4, 5| -70, -8, -138, -10)
(4, 5| -71, -9, -137, -9)
(4, 5| -71, -9, -136, -8)
(4, 5| -69, -6, -136, -8)
(4, 5| -70, -8, -135, -7)
(4, 5| -68, -4, -135, -7)
(4, 5| -69, -6, -134, -6)
(4, 5| -69, -6, -133, -5)
(4, 5| -67, -3, -133, -5)
(4, 5| -68, -4, -132, -4)
(4, 5| -68, -4, -131, -3)
(4, 5| -66, -1, -131, -3)
(4, 5| -67, -3, -130, -2)
(4, 5| -65, 0, -130, -2)
(4, 5| -66, -1, -129, -1)
(4, 5| -66, -1, -128, 0)
(5, 5| -64, -26, -128, -28)
(5, 5| -65, -28, -127, -27)
(5, 5| -63, -24, -127, -27)
(5, 5| -64, -26, -126, -26)
(5, 5| -64, -26, -125, -25)
(5, 5| -62, -22, -125, -25)
(5, 5| -63, -24, -124, -24)
(5, 5| -63, -24, -123, -23)
(5, 5| -61, -21, -123, -23)
(5, 5| -62, -22, -122, -22)
(5, 5| -62, -22, -121, -21)
(5, 5| -60, -19, -121, -21)
(5, 5| -61, -21, -120, -20)
(5, 5| -59, -17, -120, -20)
(5, 5| -60, -19, -119, -19)
(5, 5| -60, -19, -118, -18)
(5, 5| -58, -15, -118, -18)
(5, 5| -59, -17, -117, -17)
(5, 5| -59, -17, -116, -16)
(5, 5| -57, -14, -116, -16)
(5, 5| -58, -15, -115, -15)
(5, 5| -58, -15, -114, -14)
(5, 5| -56, -12, -114, -14)
(5, 5| -57, -14, -113, -13)
(5, 5| -55, -10, -113, -13)
(5, 5| -56, -12, -112, -12)
(5, 5| -56, -12, -111, -11)
(5, 5| -54, -8, -111, -11)
(5, 5| -55, -10, -110, -10)
(5, 5| -55, -10, -109, -9)
(5, 5| -53, -7, -109, -9)
(5, 5| -54, -8, -108, -8)
(5, 5| -54, -8, -107, -7)
(5, 5| -52, -5, -107, -7)
(5, 5| -53, -7, -106, -6)
(5, 5| -51, -3, -106, -6)
(5, 5| -52, -5, -105, -5)
(5, 5| -52, -5, -104, -4)
(5, 5| -50, -1, -104, -4)
(5, 5| -51, -3, -103, -3)
(5, 5| -51, -3, -102, -2)
(5, 5| -49, 0, -102, -2)
(5, 5| -50, -1, -101, -1)
(5, 5| -50, -1, -100, 0)
(6, 5| -48, -27, -100, -29)
(6, 5| -49, -29, -99, -28)
(6, 5| -47, -25, -99, -28)
(6, 5| -48, -27, -98, -27)
(6, 5| -48, -27, -97, -26)
(6, 5| -46, -23, -97, -26)
(6, 5| -47, -25, -96, -25)
(6, 5| -47, -25, -95, -24)
(6, 5| -45, -21, -95, -24)
(6, 5| -46, -23, -94, -23)
(6, 5| -46, -23, -93, -22)
(6, 5| -44, -19, -93, -22)
(6, 5| -45, -21, -92, -21)
(6, 5| -45, -21, -91, -20)
(6, 5| -43, -18, -91, -20)
(6, 5| -44, -19, -90, -19)
(6, 5| -44, -19, -89, -18)
(6, 5| -42, -16, -89, -18)
(6, 5| -43, -18, -88, -17)
(6, 5| -41, -14, -88, -17)
(6, 5| -42, -16, -87, -16)
(6, 5| -42, -16, -86, -15)
(6, 5| -40, -12, -86, -15)
(6, 5| -41, -14, -85, -14)
(6, 5| -41, -14, -84, -13)
(6, 5| -39, -10, -84, -13)
(6, 5| -40, -12, -83, -12)
(6, 5| -40, -12, -82, -11)
(6, 5| -38, -9, -82, -11)
(6, 5| -39, -10, -81, -10)
(6, 5| -39, -10, -80, -9)
(6, 5| -37, -7, -80, -9)
(6, 5| -38, -9, -79, -8)
(6, 5| -36, -5, -79, -8)
(6, 5| -37, -7, -78, -7)
(6, 5| -37, -7, -77, -6)
(6, 5| -35, -3, -77, -6)
(6, 5| -36, -5, -76, -5)
(6, 5| -36, -5, -75, -4)
(6, 5| -34, -1, -75, -4)
(6, 5| -35, -3, -74, -3)
(6, 5| -35, -3, -73, -2)
(6, 5| -33, 0, -73, -2)
(6, 5| -34, -1, -72, -1)
(6, 5| -34, -1, -71, 0)
(7, 5| -32, -40, -71, -43)
(7, 5| -33, -43, -70, -42)
(7, 5| -31, -37, -70, -42)
(7, 5| -32, -40, -69, -41)
(7, 5| -30, -35, -69, -41)
(7, 5| -31, -37, -68, -40)
(7, 5| -29, -32, -68, -40)
(7, 5| -30, -35, -67, -39)
(7, 5| -28, -30, -67, -39)
(7, 5| -29, -32, -66, -38)
(7, 5| -27, -27, -66, -38)
(7, 5| -28, -30, -65, -37)
(7, 5| -26, -25, -65, -37)
(7, 5| -27, -27, -64, -36)
(7, 5| -25, -22, -64, -36)
(7, 5| -26, -25, -63, -35)
(7, 5| -24, -20, -63, -35)
(7, 5| -25, -22, -62, -34)
(7, 5| -23, -17, -62, -34)
(7, 5| -24, -20, -61, -33)
(7, 5| -22, -15, -61, -33)
(7, 5| -23, -17, -60, -32)
(7, 5| -21, -12, -60, -32)
(7, 5| -22, -15, -59, -31)
(7, 5| -20, -10, -59, -31)
(7, 5| -21, -12, -58, -30)
(7, 5| -19, -7, -58, -30)
(7, 5| -20, -10, -57, -29)
(7, 5| -18, -5, -57, -29)
(7, 5| -19, -7, -56, -28)
(7, 5| -17, -2, -56, -28)
(7, 5| -18, -5, -55, -27)
(7, 5| -16, 0, -55, -27)
(7, 5| -17, -2, -54, -26)
(8, 5| -15, -26, -28, -28)
(8, 5| -16, -28, -27, -27)
(8, 5| -14, -24, -27, -27)
(8, 5| -15, -26, -26, -26)
(8, 5| -15, -26, -25, -25)
(8, 5| -13, -22, -25, -25)
(8, 5| -14, -24, -24, -24)
(8, 5| -14, -24, -23, -23)
(8, 5| -12, -21, -23, -23)
(8, 5| -13, -22, -22, -22)
(8, 5| -13, -22, -21, -21)
(8, 5| -11, -19, -21, -21)
(8, 5| -12, -21, -20, -20)
(8, 5| -10, -17, -20, -20)
(8, 5| -11, -19, -19, -19)
(8, 5| -11, -19, -18, -18)
(8, 5| -9, -15, -18, -18)
(8, 5| -10, -17, -17, -17)
(8, 5| -10, -17, -16, -16)
(8, 5| -8, -14, -16, -16)
(8, 5| -9, -15, -15, -15)
(8, 5| -9, -15, -14, -14)
(8, 5| -7, -12, -14, -14)
(8, 5| -8, -14, -13, -13)
(8, 5| -6, -10, -13, -13)
(8, 5| -7, -12, -12, -12)
(8, 5| -7, -12, -11, -11)
(8, 5| -5, -8, -11, -11)
(8, 5| -6, -10, -10, -10)
(8, 5| -6, -10, -9, -9)
(8, 5| -4, -7, -9, -9)
(8, 5| -5, -8, -8, -8)
(8, 5| -5, -8, -7, -7)
(8, 5| -3, -5, -7, -7)
(8, 5| -4, -7, -6, -6)
(8, 5| -2, -3, -6, -6)
(8, 5| -3, -5, -5, -5)
(8, 5| -3, -5, -4, -4)
(8, 5| -1, -1, -4, -4)
(8, 5| -2, -3, -3, -3)
(8, 5| -2, -3, -2, -2)
(8, 5| 0, 0, -2, -2)
(8, 5| -1, -1, -1, -1)
(8, 5| -1, -1, 0, 0)
(9, 5| 1, -26, 0, -28)
(9, 5| 0, -28, 1, -27)
(9, 5| 2, -24, 1, -27)
(9, 5| 1, -26, 2, -26)
(9, 5| 1, -26, 3, -25)
(9, 5| 3, -22, 3, -25)
(9, 5| 2, -24, 4, -24)
(9, 5| 2, -24, 5, -23)
(9, 5| 4, -21, 5, -23)
(9, 5| 3, -22, 6, -22)
(9, 5| 3, -22, 7, -21)
(9, 5| 5, -19, 7, -21)
(9, 5| 4, -21, 8, -20)
(9, 5| 6, -17, 8, -20)
(9, 5| 5, -19, 9, -19)
(9, 5| 5, -19, 10, -18)
(9, 5| 7, -15, 10, -18)
(9, 5| 6, -17, 11, -17)
(9, 5| 6, -17, 12, -16)
(9, 5| 8, -14, 12, -16)
(9, 5| 7, -15, 13, -15)
(9, 5| 7, -15, 14, -14)
(9, 5| 9, -12, 14, -14)
(9, 5| 8, -14, 15, -13)
(9, 5| 10, -10, 15, -13)
(9, 5| 9, -12, 16, -12)
(9, 5| 9, -12, 17, -11)
(9, 5| 11, -8, 17, -11)
(9, 5| 10, -10, 18, -10)
(9, 5| 10, -10, 19, -9)
(9, 5| 12, -7, 19, -9)
(9, 5| 11, -8, 20, -8)
(9, 5| 11, -8, 21, -7)
(9, 5| 13, -5, 21, -7)
(9, 5| 12, -7, 22, -6)
(9, 5| 14, -3, 22, -6)
(9, 5| 13, -5, 23, -5)
(9, 5| 13, -5, 24, -4)
(9, 5| 15, -1, 24, -4)
(9, 5| 14, -3, 25, -3)
(9, 5| 14, -3, 26, -2)
(9, 5| 16, 0, 26, -2)
(9, 5| 15, -1, 27, -1)
(9, 5| 15, -1, 28, 0)
(10, 5| 17, -26, 28, -28)
(10, 5| 16, -28, 29, -27)
(10, 5| 18, -24, 29, -27)
(10, 5| 17, -26, 30, -26)
(10, 5| 17, -26, 31, -25)
(10, 5| 19, -23, 31, -25)
(10, 5| 18, -24, 32, -24)
(10, 5| 18, -24, 33, -23)
(10, 5| 20, -21, 33, -23)
(10, 5| 19, -23, 34, -22)
(10, 5| 21, -19, 34, -22)
(10, 5| 20, -21, 35, -21)
(10, 5| 20, -21, 36, -20)
(10, 5| 22, -18, 36, -20)
(10, 5| 21, -19, 37, -19)
(10, 5| 21, -19, 38, -18)
(10, 5| 23, -16, 38, -18)
(10, 5| 22, -18, 39, -17)
(10, 5| 24, -14, 39, -17)
(10, 5| 23, -16, 40, -16)
(10, 5| 23, -16, 41, -15)
(10, 5| 25, -13, 41, -15)
(10, 5| 24, -14, 42, -14)
(10, 5| 24, -14, 43, -13)
(10, 5| 26, -11, 43, -13)
(10, 5| 25, -13, 44, -12)
(10, 5| 27, -9, 44, -12)
(10, 5| 26, -11, 45, -11)
(10, 5| 26, -11, 46, -10)
(10, 5| 28, -8, 46, -10)
(10, 5| 27, -9, 47, -9)
(10, 5| 27, -9, 48, -8)
(10, 5| 29, -6, 48, -8)
(10, 5| 28, -8, 49, -7)
(10, 5| 30, -4, 49, -7)
(10, 5| 29, -6, 50, -6)
(10, 5| 29, -6, 51, -5)
(10, 5| 31, -3, 51, -5)
(10, 5| 30, -4, 52, -4)
(10, 5| 30, -4, 53, -3)
(10, 5| 32, -1, 53, -3)
(10, 5| 31, -3, 54, -2)
(10, 5| 33, 0, 54, -2)
(10, 5| 32, -1, 55, -1)
(10, 5| 32, -1, 56, 0)
(11, 5| 34, -13, 56, -14)
(11, 5| 33, -14, 57, -13)
(11, 5| 35, -12, 57, -13)
(11, 5| 34, -13, 58, -12)
(11, 5| 36, -11, 58, -12)
(11, 5| 35, -12, 59, -11)
(11, 5| 37, -10, 59, -11)
(11, 5| 36, -11, 60, -10)
(11, 5| 38, -9, 60, -10)
(11, 5| 37, -10, 61, -9)
(11, 5| 39, -8, 61, -9)
(11, 5| 38, -9, 62, -8)
(11, 5| 40, -7, 62, -8)
(11, 5| 39, -8, 63, -7)
(11, 5| 41, -7, 63, -7)
(11, 5| 42, -6, 63, -7)
(11, 5| 41, -7, 64, -6)
(11, 5| 43, -5, 64, -6)
(11, 5| 42, -6, 65, -5)
(11, 5| 44, -4, 65, -5)
(11, 5| 43, -5, 66, -4)
(11, 5| 45, -3, 66, -4)
(11, 5| 44, -4, 67, -3)
(11, 5| 46, -2, 67, -3)
(11, 5| 45, -3, 68, -2)
(11, 5| 47, -1, 68, -2)
(11, 5| 46, -2, 69, -1)
(11, 5| 48, 0, 69, -1)
(11, 5| 47, -1, 70, 0)
(12, 5| 50, -26, 70, -28)
(12, 5| 49, -28, 71, -27)
(12, 5| 51, -24, 71, -27)
(12, 5| 50, -26, 72, -26)
(12, 5| 50, -26, 73, -25)
(12, 5| 52, -22, 73, -25)
(12, 5| 51, -24, 74, -24)
(12, 5| 51, -24, 75, -23)
(12, 5| 53, -21, 75, -23)
(12, 5| 52, -22, 76, -22)
(12, 5| 52, -22, 77, -21)
(12, 5| 54, -19, 77, -21)
(12, 5| 53, -21, 78, -20)
(12, 5| 55, -17, 78, -20)
(12, 5| 54, -19, 79, -19)
(12, 5| 54, -19, 80, -18)
(12, 5| 56, -15, 80, -18)
(12, 5| 55, -17, 81, -17)
(12, 5| 55, -17, 82, -16)
(12, 5| 57, -14, 82, -16)
(12, 5| 56, -15, 83, -15)
(12, 5| 56, -15, 84, -14)
(12, 5| 58, -12, 84, -14)
(12, 5| 57, -14, 85, -13)
(12, 5| 59, -10, 85, -13)
(12, 5| 58, -12, 86, -12)
(12, 5| 58, -12, 87, -11)
(12, 5| 60, -8, 87, -11)
(12, 5| 59, -10, 88, -10)
(12, 5| 59, -10, 89, -9)
(12, 5| 61, -7, 89, -9)
(12, 5| 60, -8, 90, -8)
(12, 5| 60, -8, 91, -7)
(12, 5| 62, -5, 91, -7)
(12, 5| 61, -7, 92, -6)
(12, 5| 63, -3, 92, -6)
(12, 5| 62, -5, 93, -5)
(12, 5| 62, -5, 94, -4)
(12, 5| 64, -1, 94, -4)
(12, 5| 63, -3, 95, -3)
(12, 5| 63, -3, 96, -2)
(12, 5| 65, 0, 96, -2)
(12, 5| 64, -1, 97, -1)
(12, 5| 64, -1, 98, 0)
(13, 5| 66, -26, 98, -28)
(13, 5| 65, -28, 99, -27)
(13, 5| 67, -24, 99, -27)
(13, 5| 66, -26, 100, -26)
(13, 5| 66, -26, 101, -25)
(13, 5| 68, -23, 101, -25)
(13, 5| 67, -24, 102, -24)
(13, 5| 67, -24, 103, -23)
(13, 5| 69, -21, 103, -23)
(13, 5| 68, -23, 104, -22)
(13, 5| 70, -19, 104, -22)
(13, 5| 69, -21, 105, -21)
(13, 5| 69, -21, 106, -20)
(13, 5| 71, -18, 106, -20)
(13, 5| 70, -19, 107, -19)
(13, 5| 70, -19, 108, -18)
(13, 5| 72, -16, 108, -18)
(13, 5| 71, -18, 109, -17)
(13, 5| 73, -14, 109, -17)
(13, 5| 72, -16, 110, -16)
(13, 5| 72, -16, 111, -15)
(13, 5| 74, -13, 111, -15)
(13, 5| 73, -14, 112, -14)
(13, 5| 73, -14, 113, -13)
(13, 5| 75, -11, 113, -13)
(13, 5| 74, -13, 114, -12)
(13, 5| 76, -9, 114, -12)
(13, 5| 75, -11, 115, -11)
(13, 5| 75, -11, 116, -10)
(13, 5| 77, -8, 116, -10)
(13, 5| 76, -9, 117, -9)
(13, 5| 76, -9, 118, -8)
(13, 5| 78, -6, 118, -8)
(13, 5| 77, -8, 119, -7)
(13, 5| 79, -4, 119, -7)
(13, 5| 78, -6, 120, -6)
(13, 5| 78, -6, 121, -5)
(13, 5| 80, -3, 121, -5)
(13, 5| 79, -4, 122, -4)
(13, 5| 79, -4, 123, -3)
(13, 5| 81, -1, 123, -3)
(13, 5| 80, -3, 124, -2)
(13, 5| 82, 0, 124, -2)
(13, 5| 81, -1, 125, -1)
(13, 5| 81, -1, 126, 0)
(14, 5| 83, -26, 126, -28)
(14, 5| 82, -28, 127, -27)
(14, 5| 84, -24, 127, -27)
(14, 5| 83, -26, 128, -26)
(14, 5| 83, -26, 129, -25)
(14, 5| 85, -22, 129, -25)
(14, 5| 84, -24, 130, -24)
(14, 5| 84, -24, 131, -23)
(14, 5| 86, -21, 131, -23)
(14, 5| 85, -22, 132, -22)
(14, 5| 85, -22, 133, -21)
(14, 5| 87, -19, 133, -21)
(14, 5| 86, -21, 134, -20)
(14, 5| 88, -17, 134, -20)
(14, 5| 87, -19, 135, -19)
(14, 5| 87, -19, 136, -18)
(14, 5| 89, -15, 136, -18)
(14, 5| 88, -17, 137, -17)
(14, 5| 88, -17, 138, -16)
(14, 5| 90, -14, 138, -16)
(14, 5| 89, -15, 139, -15)
(14, 5| 89, -15, 140, -14)
(14, 5| 91, -12, 140, -14)
(14, 5| 90, -14, 141, -13)
(14, 5| 92, -10, 141, -13)
(14, 5| 91, -12, 142, -12)
(14, 5| 91, -12, 143, -11)
(14, 5| 93, -8, 143, -11)
(14, 5| 92, -10, 144, -10)
(14, 5| 92, -10, 145, -9)
(14, 5| 94, -7, 145, -9)
(14, 5| 93, -8, 146, -8)
(14, 5| 93, -8, 147, -7)
(14, 5| 95, -5, 147, -7)
(14, 5| 94, -7, 148, -6)
(14, 5| 96, -3, 148, -6)
(14, 5| 95, -5, 149, -5)
(14, 5| 95, -5, 150, -4)
(14, 5| 97, -1, 150, -4)
(14, 5| 96, -3, 151, -3)
(14, 5| 96, -3, 152, -2)
(14, 5| 98, 0, 152, -2)
(14, 5| 97, -1, 153, -1)
(14, 5| 97, -1, 154, 0)
(15, 5| 99, -41, 154, -44)
(15, 5| 98, -44, 155, -43)
(15, 5| 100, -38, 155, -43)
(15, 5| 99, -41, 156, -42)
(15, 5| 101, -35, 156, -42)
(15, 5| 100, -38, 157, -41)
(15, 5| 102, -33, 157, -41)
(15, 5| 101, -35, 158, -40)
(15, 5| 103, -30, 158, -40)
(15, 5| 102, -33, 159, -39)
(15, 5| 104, -27, 159, -39)
(15, 5| 103, -30, 160, -38)
(15, 5| 105, -24, 160, -38)
(15, 5| 104, -27, 161, -37)
(15, 5| 106, -22, 161, -37)
(15, 5| 105, -24, 162, -36)
(15, 5| 107, -19, 162, -36)
(15, 5| 106, -22, 163, -35)
(15, 5| 108, -16, 163, -35)
(15, 5| 107, -19, 164, -34)
(15, 5| 109, -13, 164, -34)
(15, 5| 108, -16, 165, -33)
(15, 5| 110, -11, 165, -33)
(15, 5| 109, -13, 166, -32)
(15, 5| 111, -8, 166, -32)
(15, 5| 110, -11, 167, -31)
(15, 5| 112, -5, 167, -31)
(15, 5| 111, -8, 168, -30)
(15, 5| 113, -2, 168, -30)
(15, 5| 112, -5, 169, -29)
(15, 5| 114, 0, 169, -29)
(15, 5| 113, -2, 170, -28)
(16, 5| 115, -26, 198, -28)
(16, 5| 114, -28, 199, -27)
(16, 5| 116, -24, 199, -27)
(16, 5| 115, -26, 200, -26)
(16, 5| 115, -26, 201, -25)
(16, 5| 117, -23, 201, -25)
(16, 5| 116, -24, 202, -24)
(16, 5| 116, -24, 203, -23)
(16, 5| 118, -21, 203, -23)
(16, 5| 117, -23, 204, -22)
(16, 5| 119, -19, 204, -22)
(16, 5| 118, -21, 205, -21)
(16, 5| 118, -21, 206, -20)
(16, 5| 120, -18, 206, -20)
(16, 5| 119, -19, 207, -19)
(16, 5| 119, -19, 208, -18)
(16, 5| 121, -16, 208, -18)
(16, 5| 120, -18, 209, -17)
(16, 5| 122, -14, 209, -17)
(16, 5| 121, -16, 210, -16)
(16, 5| 121, -16, 211, -15)
(16, 5| 123, -13, 211, -15)
(16, 5| 122, -14, 212, -14)
(16, 5| 122, -14, 213, -13)
(16, 5| 124, -11, 213, -13)
(16, 5| 123, -13, 214, -12)
(16, 5| 125, -9, 214, -12)
(16, 5| 124, -11, 215, -11)
(16, 5| 124, -11, 216, -10)
(16, 5| 126, -8, 216, -10)
(16, 5| 125, -9, 217, -9)
(16, 5| 125, -9, 218, -8)
(16, 5| 127, -6, 218, -8)
(16, 5| 126, -8, 219, -7)
(16, 5| 128, -4, 219, -7)
(16, 5| 127, -6, 220, -6)
(16, 5| 127, -6, 221, -5)
(16, 5| 129, -3, 221, -5)
(16, 5| 128, -4, 222, -4)
(16, 5| 128, -4, 223, -3)
(16, 5| 130, -1, 223, -3)
(16, 5| 129, -3, 224, -2)
(16, 5| 131, 0, 224, -2)
(16, 5| 130, -1, 225, -1)
(16, 5| 130, -1, 226, 0)
(17, 5| 132, -26, 226, -28)
(17, 5| 131, -28, 227, -27)
(17, 5| 133, -24, 227, -27)
(17, 5| 132, -26, 228, -26)
(17, 5| 132, -26, 229, -25)
(17, 5| 134, -22, 229, -25)
(17, 5| 133, -24, 230, -24)
(17, 5| 133, -24, 231, -23)
(17, 5| 135, -21, 231, -23)
(17, 5| 134, -22, 232, -22)
(17, 5| 134, -22, 233, -21)
(17, 5| 136, -19, 233, -21)
(17, 5| 135, -21, 234, -20)
(17, 5| 137, -17, 234, -20)
(17, 5| 136, -19, 235, -19)
(17, 5| 136, -19, 236, -18)
(17, 5| 138, -15, 236, -18)
(17, 5| 137, -17, 237, -17)
(17, 5| 137, -17, 238, -16)
(17, 5| 139, -14, 238, -16)
(17, 5| 138, -15, 239, -15)
(17, 5| 138, -15, 240, -14)
(17, 5| 140, -12, 240, -14)
(17, 5| 139, -14, 241, -13)
(17, 5| 141, -10, 241, -13)
(17, 5| 140, -12, 242, -12)
(17, 5| 140, -12, 243, -11)
(17, 5| 142, -8, 243, -11)
(17, 5| 141, -10, 244, -10)
(17, 5| 141, -10, 245, -9)
(17, 5| 143, -7, 245, -9)
(17, 5| 142, -8, 246, -8)
(17, 5| 142, -8, 247, -7)
(17, 5| 144, -5, 247, -7)
(17, 5| 143, -7, 248, -6)
(17, 5| 145, -3, 248, -6)
(17, 5| 144, -5, 249, -5)
(17, 5| 144, -5, 250, -4)
(17, 5| 146, -1, 250, -4)
(17, 5| 145, -3, 251, -3)
(17, 5| 145, -3, 252, -2)
(17, 5| 147, 0, 252, -2)
(17, 5| 146, -1, 253, -1)
(17, 5| 146, -1, 254, 0)
(0, 6| -175, -26, -237, -28)
(0, 6| -176, -28, -236, -27)
(0, 6| -174, -24, -236, -27)
(0, 6| -175, -26, -235, -26)
(0, 6| -175, -26, -234, -25)
(0, 6| -173, -22, -234, -25)
(0, 6| -174, -24, -233, -24)
(0, 6| -174, -24, -232, -23)
(0, 6| -172, -21, -232, -23)
(0, 6| -173, -22, -231, -22)
(0, 6| -173, -22, -230, -21)
(0, 6| -171, -19, -230, -21)
(0, 6| -172, -21, -229, -20)
(0, 6| -170, -17, -229, -20)
(0, 6| -171, -19, -228, -19)
(0, 6| -171, -19, -227, -18)
(0, 6| -169, -15, -227, -18)
(0, 6| -170, -17, -226, -17)
(0, 6| -170, -17, -225, -16)
(0, 6| -168, -14, -225, -16)
(0, 6| -169, -15, -224, -15)
(0, 6| -169, -15, -223, -14)
(0, 6| -167, -12, -223, -14)
(0, 6| -168, -14, -222, -13)
(0, 6| -166, -10, -222, -13)
(0, 6| -167, -12, -221, -12)
(0, 6| -167, -12, -220, -11)
(0, 6| -165, -8, -220, -11)
(0, 6| -166, -10, -219, -10)
(0, 6| -166, -10, -218, -9)
(0, 6| -164, -7, -218, -9)
(0, 6| -165, -8, -217, -8)
(0, 6| -165, -8, -216, -7)
(0, 6| -163, -5, -216, -7)
(0, 6| -164, -7, -215, -6)
(0, 6| -162, -3, -215, -6)
(0, 6| -163, -5, -214, -5)
(0, 6| -163, -5, -213, -4)
(0, 6| -161, -1, -213, -4)
(0, 6| -162, -3, -212, -3)
(0, 6| -162, -3, -211, -2)
(0, 6| -160, 0, -211, -2)
(0, 6| -161, -1, -210, -1)
(0, 6| -161, -1, -209, 0)
(1, 6| -159, -26, -209, -28)
(1, 6| -160, -28, -208, -27)
(1, 6| -158, -24, -208, -27)
(1, 6| -159, -26, -207, -26)
(1, 6| -159, -26, -206, -25)
(1, 6| -157, -23, -206, -25)
(1, 6| -158, -24, -205, -24)
(1, 6| -158, -24, -204, -23)
(1, 6| -156, -21, -204, -23)
(1, 6| -157, -23, -203, -22)
(1, 6| -155, -19, -203, -22)
(1, 6| -156, -21, -202, -21)
(1, 6| -156, -21, -201, -20)
(1, 6| -154, -18, -201, -20)
(1, 6| -155, -19, -200, -19)
(1, 6| -155, -19, -199, -18)
(1, 6| -153, -16, -199, -18)
(1, 6| -154, -18, -198, -17)
(1, 6| -152, -14, -198, -17)
(1, 6| -153, -16, -197, -16)
(1, 6| -153, -16, -196, -15)
(1, 6| -151, -13, -196, -15)
(1, 6| -152, -14, -195, -14)
(1, 6| -152, -14, -194, -13)
(1, 6| -150, -11, -194, -13)
(1, 6| -151, -13, -193, -12)
(1, 6| -149, -9, -193, -12)
(1, 6| -150, -11, -192, -11)
(1, 6| -150, -11, -191, -10)
(1, 6| -148, -8, -191, -10)
(1, 6| -149, -9, -190, -9)
(1, 6| -149, -9, -189, -8)
(1, 6| -147, -6, -189, -8)
(1, 6| -148, -8, -188, -7)
(1, 6| -146, -4, -188, -7)
(1, 6| -147, -6, -187, -6)
(1, 6| -147, -6, -186, -5)
(1, 6| -145, -3, -186, -5)
(1, 6| -146, -4, -185, -4)
(1, 6| -146, -4, -184, -3)
(1, 6| -144, -1, -184, -3)
(1, 6| -145, -3, -183, -2)
(1, 6| -143, 0, -183, -2)
(1, 6| -144, -1, -182, -1)
(1, 6| -144, -1, -181, 0)
(2, 6| -142, -13, -181, -14)
(2, 6| -143, -14, -180, -13)
(2, 6| -141, -12, -180, -13)
(2, 6| -142, -13, -179, -12)
(2, 6| -140, -11, -179, -12)
(2, 6| -141, -12, -178, -11)
(2, 6| -139, -10, -178, -11)
(2, 6| -140, -11, -177, -10)
(2, 6| -138, -9, -177, -10)
(2, 6| -139, -10, -176, -9)
(2, 6| -137, -8, -176, -9)
(2, 6| -138, -9, -175, -8)
(2, 6| -136, -7, -175, -8)
(2, 6| -137, -8, -174, -7)
(2, 6| -135, -7, -174, -7)
(2, 6| -134, -6, -174, -7)
(2, 6| -135, -7, -173, -6)
(2, 6| -133, -5, -173, -6)
(2, 6| -134, -6, -172, -5)
(2, 6| -132, -4, -172, -5)
(2, 6| -133, -5, -171, -4)
(2, 6| -131, -3, -171, -4)
(2, 6| -132, -4, -170, -3)
(2, 6| -130, -2, -170, -3)
(2, 6| -131, -3, -169, -2)
(2, 6| -129, -1, -169, -2)
(2, 6| -130, -2, -168, -1)
(2, 6| -128, 0, -168, -1)
(2, 6| -129, -1, -167, 0)
(3, 6| -126, -26, -167, -28)
(3, 6| -127, -28, -166, -27)
(3, 6| -125, -24, -166, -27)
(3, 6| -126, -26, -165, -26)
(3, 6| -126, -26, -164, -25)
(3, 6| -124, -22, -164, -25)
(3, 6| -125, -24, -163, -24)
(3, 6| -125, -24, -162, -23)
(3, 6| -123, -21, -162, -23)
(3, 6| -124, -22, -161, -22)
(3, 6| -124, -22, -160, -21)
(3, 6| -122, -19, -160, -21)
(3, 6| -123, -21, -159, -20)
(3, 6| -121, -17, -159, -20)
(3, 6| -122, -19, -158, -19)
(3, 6| -122, -19, -157, -18)
(3, 6| -120, -15, -157, -18)
(3, 6| -121, -17, -156, -17)
(3, 6| -121, -17, -155, -16)
(3, 6| -119, -14, -155, -16)
(3, 6| -120, -15, -154, -15)
(3, 6| -120, -15, -153, -14)
(3, 6| -118, -12, -153, -14)
(3, 6| -119, -14, -152, -13)
(3, 6| -117, -10, -152, -13)
(3, 6| -118, -12, -151, -12)
(3, 6| -118, -12, -150, -11)
(3, 6| -116, -8, -150, -11)
(3, 6| -117, -10, -149, -10)
(3, 6| -117, -10, -148, -9)
(3, 6| -115, -7, -148, -9)
(3, 6| -116, -8, -147, -8)
(3, 6| -116, -8, -146, -7)
(3, 6| -114, -5, -146, -7)
(3, 6| -115, -7, -145, -6)
(3, 6| -113, -3, -145, -6)
(3, 6| -114, -5, -144, -5)
(3, 6| -114, -5, -143, -4)
(3, 6| -112, -1, -143, -4)
(3, 6| -113, -3, -142, -3)
(3, 6| -113, -3, -141, -2)
(3, 6| -111, 0, -141, -2)
(3, 6| -112, -1, -140, -1)
(3, 6| -112, -1, -139, 0)
(4, 6| -110, -26, -139, -28)
(4, 6| -111, -28, -138, -27)
(4, 6| -109, -24, -138, -27)
(4, 6| -110, -26, -137, -26)
(4, 6| -110, -26, -136, -25)
(4, 6| -108, -23, -136, -25)
(4, 6| -109, -24, -135, -24)
(4, 6| -109, -24, -134, -23)
(4, 6| -107, -21, -134, -23)
(4, 6| -108, -23, -133, -22)
(4, 6| -106, -19, -133, -22)
(4, 6| -107, -21, -132, -21)
(4, 6| -107, -21, -131, -20)
(4, 6| -105, -18, -131, -20)
(4, 6| -106, -19, -130, -19)
(4, 6| -106, -19, -129, -18)
(4, 6| -104, -16, -129, -18)
(4, 6| -105, -18, -128, -17)
(4, 6| -103, -14, -128, -17)
(4, 6| -104, -16, -127, -16)
(4, 6| -104, -16, -126, -15)
(4, 6| -102, -13, -126, -15)
(4, 6| -103, -14, -125, -14)
(4, 6| -103, -14, -124, -13)
(4, 6| -101, -11, -124, -13)
(4, 6| -102, -13, -123, -12)
(4, 6| -100, -9, -123, -12)
(4, 6| -101, -11, -122, -11)
(4, 6| -101, -11, -121, -10)
(4, 6| -99, -8, -121, -10)
(4, 6| -100, -9, -120, -9)
(4, 6| -100, -9, -119, -8)
(4, 6| -98, -6, -119, -8)
(4, 6| -99, -8, -118, -7)
(4, 6| -97, -4, -118, -7)
(4, 6| -98, -6, -117, -6)
(4, 6| -98, -6, -116, -5)
(4, 6| -96, -3, -116, -5)
(4, 6| -97, -4, -115, -4)
(4, 6| -97, -4, -114, -3)
(4, 6| -95, -1, -114, -3)
(4, 6| -96, -3, -113, -2)
(4, 6| -94, 0, -113, -2)
(4, 6| -95, -1, -112, -1)
(4, 6| -95, -1, -111, 0)
(5, 6| -93, -26, -111, -28)
(5, 6| -94, -28, -110, -27)
(5, 6| -92, -24, -110, -27)
(5, 6| -93, -26, -109, -26)
(5, 6| -93, -26, -108, -25)
(5, 6| -91, -22, -108, -25)
(5, 6| -92, -24, -107, -24)
(5, 6| -92, -24, -106, -23)
(5, 6| -90, -21, -106, -23)
(5, 6| -91, -22, -105, -22)
(5, 6| -91, -22, -104, -21)
(5, 6| -89, -19, -104, -21)
(5, 6| -90, -21, -103, -20)
(5, 6| -88, -17, -103, -20)
(5, 6| -89, -19, -102, -19)
(5, 6| -89, -19, -101, -18)
(5, 6| -87, -15, -101, -18)
(5, 6| -88, -17, -100, -17)
(5, 6| -88, -17, -99, -16)
(5, 6| -86, -14, -99, -16)
(5, 6| -87, -15, -98, -15)
(5, 6| -87, -15, -97, -14)
(5, 6| -85, -12, -97, -14)
(5, 6| -86, -14, -96, -13)
(5, 6| -84, -10, -96, -13)
(5, 6| -85, -12, -95, -12)
(5, 6| -85, -12, -94, -11)
(5, 6| -83, -8, -94, -11)
(5, 6| -84, -10, -93, -10)
(5, 6| -84, -10, -92, -9)
(5, 6| -82, -7, -92, -9)
(5, 6| -83, -8, -91, -8)
(5, 6| -83, -8, -90, -7)
(5, 6| -81, -5, -90, -7)
(5, 6| -82, -7, -89, -6)
(5, 6| -80, -3, -89, -6)
(5, 6| -81, -5, -88, -5)
(5, 6| -81, -5, -87, -4)
(5, 6| -79, -1, -87, -4)
(5, 6| -80, -3, -86, -3)
(5, 6| -80, -3, -85, -2)
(5, 6| -78, 0, -85, -2)
(5, 6| -79, -1, -84, -1)
(5, 6| -79, -1, -83, 0)
(6, 6| -77, -27, -83, -29)
(6, 6| -78, -29, -82, -28)
(6, 6| -76, -25, -82, -28)
(6, 6| -77, -27, -81, -27)
(6, 6| -77, -27, -80, -26)
(6, 6| -75, -23, -80, -26)
(6, 6| -76, -25, -79, -25)
(6, 6| -76, -25, -78, -24)
(6, 6| -74, -21, -78, -24)
(6, 6| -75, -23, -77, -23)
(6, 6| -75, -23, -76, -22)
(6, 6| -73, -19, -76, -22)
(6, 6| -74, -21, -75, -21)
(6, 6| -74, -21, -74, -20)
(6, 6| -72, -18, -74, -20)
(6, 6| -73, -19, -73, -19)
(6, 6| -73, -19, -72, -18)
(6, 6| -71, -16, -72, -18)
(6, 6| -72, -18, -71, -17)
(6, 6| -70, -14, -71, -17)
(6, 6| -71, -16, -70, -16)
(6, 6| -71, -16, -69, -15)
(6, 6| -69, -12, -69, -15)
(6, 6| -70, -14, -68, -14)
(6, 6| -70, -14, -67, -13)
(6, 6| -68, -10, -67, -13)
(6, 6| -69, -12, -66, -12)
(6, 6| -69, -12, -65, -11)
(6, 6| -67, -9, -65, -11)
(6, 6| -68, -10, -64, -10)
(6, 6| -68, -10, -63, -9)
(6, 6| -66, -7, -63, -9)
(6, 6| -67, -9, -62, -8)
(6, 6| -65, -5, -62, -8)
(6, 6| -66, -7, -61, -7)
(6, 6| -66, -7, -60, -6)
(6, 6| -64, -3, -60, -6)
(6, 6| -65, -5, -59, -5)
(6, 6| -65, -5, -58, -4)
(6, 6| -63, -1, -58, -4)
(6, 6| -64, -3, -57, -3)
(6, 6| -64, -3, -56, -2)
(6, 6| -62, 0, -56, -2)
(6, 6| -63, -1, -55, -1)
(6, 6| -63, -1, -54, 0)
(7, 6| -61, -40, -54, -43)
(7, 6| -62, -43, -53, -42)
(7, 6| -60, -37, -53, -42)
(7, 6| -61, -40, -52, -41)
(7, 6| -59, -35, -52, -41)
(7, 6| -60, -37, -51, -40)
(7, 6| -58, -32, -51, -40)
(7, 6| -59, -35, -50, -39)
(7, 6| -57, -30, -50, -39)
(7, 6| -58, -32, -49, -38)
(7, 6| -56, -27, -49, -38)
(7, 6| -57, -30, -48, -37)
(7, 6| -55, -25, -48, -37)
(7, 6| -56, -27, -47, -36)
(7, 6| -54, -22, -47, -36)
(7, 6| -55, -25, -46, -35)
(7, 6| -53, -20, -46, -35)
(7, 6| -54, -22, -45, -34)
(7, 6| -52, -17, -45, -34)
(7, 6| -53, -20, -44, -33)
(7, 6| -51, -15, -44, -33)
(7, 6| -52, -17, -43, -32)
(7, 6| -50, -12, -43, -32)
(7, 6| -51, -15, -42, -31)
(7, 6| -49, -10, -42, -31)
(7, 6| -50, -12, -41, -30)
(7, 6| -48, -7, -41, -30)
(7, 6| -49, -10, -40, -29)
(7, 6| -47, -5, -40, -29)
(7, 6| -48, -7, -39, -28)
(7, 6| -46, -2, -39, -28)
(7, 6| -47, -5, -38, -27)
(7, 6| -45, 0, -38, -27)
(7, 6| -46, -2, -37, -26)
(8, 6| -44, -26, -11, -28)
(8, 6| -45, -28, -10, -27)
(8, 6| -43, -24, -10, -27)
(8, 6| -44, -26, -9, -26)
(8, 6| -44, -26, -8, -25)
(8, 6| -42, -22, -8, -25)
(8, 6| -43, -24, -7, -24)
(8, 6| -43, -24, -6, -23)
(8, 6| -41, -21, -6, -23)
(8, 6| -42, -22, -5, -22)
(8, 6| -42, -22, -4, -21)
(8, 6| -40, -19, -4, -21)
(8, 6| -41, -21, -3, -20)
(8, 6| -39, -17, -3, -20)
(8, 6| -40, -19, -2, -19)
(8, 6| -40, -19, -1, -18)
(8, 6| -38, -15, -1, -18)
(8, 6| -39, -17, 0, -17)
(8, 6| -39, -17, 1, -16)
(8, 6| -37, -14, 1, -16)
(8, 6| -38, -15, 2, -15)
(8, 6| -38, -15, 3, -14)
(8, 6| -36, -12, 3, -14)
(8, 6| -37, -14, 4, -13)
(8, 6| -35, -10, 4, -13)
(8, 6| -36, -12, 5, -12)
(8, 6| -36, -12, 6, -11)
(8, 6| -34, -8, 6, -11)
(8, 6| -35, -10, 7, -10)
(8, 6| -35, -10, 8, -9)
(8, 6| -33, -7, 8, -9)
(8, 6| -34, -8, 9, -8)
(8, 6| -34, -8, 10, -7)
(8, 6| -32, -5, 10, -7)
(8, 6| -33, -7, 11, -6)
(8, 6| -31, -3, 11, -6)
(8, 6| -32, -5, 12, -5)
(8, 6| -32, -5, 13, -4)
(8, 6| -30, -1, 13, -4)
(8, 6| -31, -3, 14, -3)
(8, 6| -31, -3, 15, -2)
(8, 6| -29, 0, 15, -2)
(8, 6| -30, -1, 16, -1)
(8, 6| -30, -1, 17, 0)
(9, 6| -28, -26, 17, -28)
(9, 6| -29, -28, 18, -27)
(9, 6| -27, -24, 18, -27)
(9, 6| -28, -26, 19, -26)
(9, 6| -28, -26, 20, -25)
(9, 6| -26, -22, 20, -25)
(9, 6| -27, -24, 21, -24)
(9, 6| -27, -24, 22, -23)
(9, 6| -25, -21, 22, -23)
(9, 6| -26, -22, 23, -22)
(9, 6| -26, -22, 24, -21)
(9, 6| -24, -19, 24, -21)
(9, 6| -25, -21, 25, -20)
(9, 6| -23, -17, 25, -20)
(9, 6| -24, -19, 26, -19)
(9, 6| -24, -19, 27, -18)
(9, 6| -22, -15, 27, -18)
(9, 6| -23, -17, 28, -17)
(9, 6| -23, -17, 29, -16)
(9, 6| -21, -14, 29, -16)
(9, 6| -22, -15, 30, -15)
(9, 6| -22, -15, 31, -14)
(9, 6| -20, -12, 31, -14)
(9, 6| -21, -14, 32, -13)
(9, 6| -19, -10, 32, -13)
(9, 6| -20, -12, 33, -12)
(9, 6| -20, -12, 34, -11)
(9, 6| -18, -8, 34, -11)
(9, 6| -19, -10, 35, -10)
(9, 6| -19, -10, 36, -9)
(9, 6| -17, -7, 36, -9)
(9, 6| -18, -8, 37, -8)
(9, 6| -18, -8, 38, -7)
(9, 6| -16, -5, 38, -7)
(9, 6| -17, -7, 39, -6)
(9, 6| -15, -3, 39, -6)
(9, 6| -16, -5, 40, -5)
(9, 6| -16, -5, 41, -4)
(9, 6| -14, -1, 41, -4)
(9, 6| -15, -3, 42, -3)
(9, 6| -15, -3, 43, -2)
(9, 6| -13, 0, 43, -2)
(9, 6| -14, -1, 44, -1)
(9, 6| -14, -1, 45, 0)
(10, 6| -12, -12, 45, -13)
(10, 6| -13, -13, 46, -12)
(10, 6| -11, -11, 46, -12)
(10, 6| -12, -12, 47, -11)
(10, 6| -10, -10, 47, -11)
(10, 6| -11, -11, 48, -10)
(10, 6| -9, -9, 48, -10)
(10, 6| -10, -10, 49, -9)
(10, 6| -8, -9, 49, -9)
(10, 6| -7, -8, 49, -9)
(10, 6| -8, -9, 50, -8)
(10, 6| -6, -7, 50, -8)
(10, 6| -7, -8, 51, -7)
(10, 6| -5, -6, 51, -7)
(10, 6| -6, -7, 52, -6)
(10, 6| -4, -6, 52, -6)
(10, 6| -3, -5, 52, -6)
(10, 6| -4, -6, 53, -5)
(10, 6| -2, -4, 53, -5)
(10, 6| -3, -5, 54, -4)
(10, 6| -1, -3, 54, -4)
(10, 6| -2, -4, 55, -3)
(10, 6| 0, -3, 55, -3)
(10, 6| 1, -2, 55, -3)
(10, 6| 0, -3, 56, -2)
(10, 6| 2, -1, 56, -2)
(10, 6| 1, -2, 57, -1)
(10, 6| 3, 0, 57, -1)
(10, 6| 2, -1, 58, 0)
(11, 6| 5, -27, 58, -29)
(11, 6| 4, -29, 59, -28)
(11, 6| 6, -25, 59, -28)
(11, 6| 5, -27, 60, -27)
(11, 6| 5, -27, 61, -26)
(11, 6| 7, -23, 61, -26)
(11, 6| 6, -25, 62, -25)
(11, 6| 6, -25, 63, -24)
(11, 6| 8, -21, 63, -24)
(11, 6| 7, -23, 64, -23)
(11, 6| 7, -23, 65, -22)
(11, 6| 9, -19, 65, -22)
(11, 6| 8, -21, 66, -21)
(11, 6| 8, -21, 67, -20)
(11, 6| 10, -18, 67, -20)
(11, 6| 9, -19, 68, -19)
(11, 6| 9, -19, 69, -18)
(11, 6| 11, -16, 69, -18)
(11, 6| 10, -18, 70, -17)
(11, 6| 12, -14, 70, -17)
(11, 6| 11, -16, 71, -16)
(11, 6| 11, -16, 72, -15)
(11, 6| 13, -12, 72, -15)
(11, 6| 12, -14, 73, -14)
(11, 6| 12, -14, 74, -13)
(11, 6| 14, -10, 74, -13)
(11, 6| 13, -12, 75, -12)
(11, 6| 13, -12, 76, -11)
(11, 6| 15, -9, 76, -11)
(11, 6| 14, -10, 77, -10)
(11, 6| 14, -10, 78, -9)
(11, 6| 16, -7, 78, -9)
(11, 6| 15, -9, 79, -8)
(11, 6| 17, -5, 79, -8)
(11, 6| 16, -7, 80, -7)
(11, 6| 16, -7, 81, -6)
(11, 6| 18, -3, 81, -6)
(11, 6| 17, -5, 82, -5)
(11, 6| 17, -5, 83, -4)
(11, 6| 19, -1, 83, -4)
(11, 6| 18, -3, 84, -3)
(11, 6| 18, -3, 85, -2)
(11, 6| 20, 0, 85, -2)
(11, 6| 19, -1, 86, -1)
(11, 6| 19, -1, 87, 0)
(12, 6| 21, -40, 87, -43)
(12, 6| 20, -43, 88, -42)
(12, 6| 22, -37, 88, -42)
(12, 6| 21, -40, 89, -41)
(12, 6| 23, -34, 89, -41)
(12, 6| 22, -37, 90, -40)
(12, 6| 24, -32, 90, -40)
(12, 6| 23, -34, 91, -39)
(12, 6| 25, -29, 91, -39)
(12, 6| 24, -32, 92, -38)
(12, 6| 26, -26, 92, -38)
(12, 6| 25, -29, 93, -37)
(12, 6| 27, -24, 93, -37)
(12, 6| 26, -26, 94, -36)
(12, 6| 28, -21, 94, -36)
(12, 6| 27, -24, 95, -35)
(12, 6| 29, -18, 95, -35)
(12, 6| 28, -21, 96, -34)
(12, 6| 30, -16, 96, -34)
(12, 6| 29, -18, 97, -33)
(12, 6| 31, -13, 97, -33)
(12, 6| 30, -16, 98, -32)
(12, 6| 32, -10, 98, -32)
(12, 6| 31, -13, 99, -31)
(12, 6| 33, -8, 99, -31)
(12, 6| 32, -10, 100, -30)
(12, 6| 34, -5, 100, -30)
(12, 6| 33, -8, 101, -29)
(12, 6| 35, -2, 101, -29)
(12, 6| 34, -5, 102, -28)
(12, 6| 36, 0, 102, -28)
(12, 6| 35, -2, 103, -27)
(13, 6| 37, -26, 130, -28)
(13, 6| 36, -28, 131, -27)
(13, 6| 38, -24, 131, -27)
(13, 6| 37, -26, 132, -26)
(13, 6| 37, -26, 133, -25)
(13, 6| 39, -23, 133, -25)
(13, 6| 38, -24, 134, -24)
(13, 6| 38, -24, 135, -23)
(13, 6| 40, -21, 135, -23)
(13, 6| 39, -23, 136, -22)
(13, 6| 41, -19, 136, -22)
(13, 6| 40, -21, 137, -21)
(13, 6| 40, -21, 138, -20)
(13, 6| 42, -18, 138, -20)
(13, 6| 41, -19, 139, -19)
(13, 6| 41, -19, 140, -18)
(13, 6| 43, -16, 140, -18)
(13, 6| 42, -18, 141, -17)
(13, 6| 44, -14, 141, -17)
(13, 6| 43, -16, 142, -16)
(13, 6| 43, -16, 143, -15)
(13, 6| 45, -13, 143, -15)
(13, 6| 44, -14, 144, -14)
(13, 6| 44, -14, 145, -13)
(13, 6| 46, -11, 145, -13)
(13, 6| 45, -13, 146, -12)
(13, 6| 47, -9, 146, -12)
(13, 6| 46, -11, 147, -11)
(13, 6| 46, -11, 148, -10)
(13, 6| 48, -8, 148, -10)
(13, 6| 47, -9, 149, -9)
(13, 6| 47, -9, 150, -8)
(13, 6| 49, -6, 150, -8)
(13, 6| 48, -8, 151, -7)
(13, 6| 50, -4, 151, -7)
(13, 6| 49, -6, 152, -6)
(13, 6| 49, -6, 153, -5)
(13, 6| 51, -3, 153, -5)
(13, 6| 50, -4, 154, -4)
(13, 6| 50, -4, 155, -3)
(13, 6| 52, -1, 155, -3)
(13, 6| 51, -3, 156, -2)
(13, 6| 53, 0, 156, -2)
(13, 6| 52, -1, 157, -1)
(13, 6| 52, -1, 158, 0)
(14, 6| 54, -26, 158, -28)
(14, 6| 53, -28, 159, -27)
(14, 6| 55, -24, 159, -27)
(14, 6| 54, -26, 160, -26)
(14, 6| 54, -26, 161, -25)
(14, 6| 56, -22, 161, -25)
(14, 6| 55, -24, 162, -24)
(14, 6| 55, -24, 163, -23)
(14, 6| 57, -21, 163, -23)
(14, 6| 56, -22, 164, -22)
(14, 6| 56, -22, 165, -21)
(14, 6| 58, -19, 165, -21)
(14, 6| 57, -21, 166, -20)
(14, 6| 59, -17, 166, -20)
(14, 6| 58, -19, 167, -19)
(14, 6| 58, -19, 168, -18)
(14, 6| 60, -15, 168, -18)
(14, 6| 59, -17, 169, -17)
(14, 6| 59, -17, 170, -16)
(14, 6| 61, -14, 170, -16)
(14, 6| 60, -15, 171, -15)
(14, 6| 60, -15, 172, -14)
(14, 6| 62, -12, 172, -14)
(14, 6| 61, -14, 173, -13)
(14, 6| 63, -10, 173, -13)
(14, 6| 62, -12, 174, -12)
(14, 6| 62, -12, 175, -11)
(14, 6| 64, -8, 175, -11)
(14, 6| 63, -10, 176, -10)
(14, 6| 63, -10, 177, -9)
(14, 6| 65, -7, 177, -9)
(14, 6| 64, -8, 178, -8)
(14, 6| 64, -8, 179, -7)
(14, 6| 66, -5, 179, -7)
(14, 6| 65, -7, 180, -6)
(14, 6| 67, -3, 180, -6)
(14, 6| 66, -5, 181, -5)
(14, 6| 66, -5, 182, -4)
(14, 6| 68, -1, 182, -4)
(14, 6| 67, -3, 183, -3)
(14, 6| 67, -3, 184, -2)
(14, 6| 69, 0, 184, -2)
(14, 6| 68, -1, 185, -1)
(14, 6| 68, -1, 186, 0)
(15, 6| 70, -27, 186, -29)
(15, 6| 69, -29, 187, -28)
(15, 6| 71, -25, 187, -28)
(15, 6| 70, -27, 188, -27)
(15, 6| 70, -27, 189, -26)
(15, 6| 72, -23, 189, -26)
(15, 6| 71, -25, 190, -25)
(15, 6| 71, -25, 191, -24)
(15, 6| 73, -21, 191, -24)
(15, 6| 72, -23, 192, -23)
(15, 6| 72, -23, 193, -22)
(15, 6| 74, -19, 193, -22)
(15, 6| 73, -21, 194, -21)
(15, 6| 73, -21, 195, -20)
(15, 6| 75, -18, 195, -20)
(15, 6| 74, -19, 196, -19)
(15, 6| 74, -19, 197, -18)
(15, 6| 76, -16, 197, -18)
(15, 6| 75, -18, 198, -17)
(15, 6| 77, -14, 198, -17)
(15, 6| 76, -16, 199, -16)
(15, 6| 76, -16, 200, -15)
(15, 6| 78, -12, 200, -15)
(15, 6| 77, -14, 201, -14)
(15, 6| 77, -14, 202, -13)
(15, 6| 79, -10, 202, -13)
(15, 6| 78, -12, 203, -12)
(15, 6| 78, -12, 204, -11)
(15, 6| 80, -9, 204, -11)
(15, 6| 79, -10, 205, -10)
(15, 6| 79, -10, 206, -9)
(15, 6| 81, -7, 206, -9)
(15, 6| 80, -9, 207, -8)
(15, 6| 82, -5, 207, -8)
(15, 6| 81, -7, 208, -7)
(15, 6| 81, -7, 209, -6)
(15, 6| 83, -3, 209, -6)
(15, 6| 82, -5, 210, -5)
(15, 6| 82, -5, 211, -4)
(15, 6| 84, -1, 211, -4)
(15, 6| 83, -3, 212, -3)
(15, 6| 83, -3, 213, -2)
(15, 6| 85, 0, 213, -2)
(15, 6| 84, -1, 214, -1)
(15, 6| 84, -1, 215, 0)
(16, 6| 86, -26, 215, -28)
(16, 6| 85, -28, 216, -27)
(16, 6| 87, -24, 216, -27)
(16, 6| 86, -26, 217, -26)
(16, 6| 86, -26, 218, -25)
(16, 6| 88, -23, 218, -25)
(16, 6| 87, -24, 219, -24)
(16, 6| 87, -24, 220, -23)
(16, 6| 89, -21, 220, -23)
(16, 6| 88, -23, 221, -22)
(16, 6| 90, -19, 221, -22)
(16, 6| 89, -21, 222, -21)
(16, 6| 89, -21, 223, -20)
(16, 6| 91, -18, 223, -20)
(16, 6| 90, -19, 224, -19)
(16, 6| 90, -19, 225, -18)
(16, 6| 92, -16, 225, -18)
(16, 6| 91, -18, 226, -17)
(16, 6| 93, -14, 226, -17)
(16, 6| 92, -16, 227, -16)
(16, 6| 92, -16, 228, -15)
(16, 6| 94, -13, 228, -15)
(16, 6| 93, -14, 229, -14)
(16, 6| 93, -14, 230, -13)
(16, 6| 95, -11, 230, -13)
(16, 6| 94, -13, 231, -12)
(16, 6| 96, -9, 231, -12)
(16, 6| 95, -11, 232, -11)
(16, 6| 95, -11, 233, -10)
(16, 6| 97, -8, 233, -10)
(16, 6| 96, -9, 234, -9)
(16, 6| 96, -9, 235, -8)
(16, 6| 98, -6, 235, -8)
(16, 6| 97, -8, 236, -7)
(16, 6| 99, -4, 236, -7)
(16, 6| 98, -6, 237, -6)
(16, 6| 98, -6, 238, -5)
(16, 6| 100, -3, 238, -5)
(16, 6| 99, -4, 239, -4)
(16, 6| 99, -4, 240, -3)
(16, 6| 101, -1, 240, -3)
(16, 6| 100, -3, 241, -2)
(16, 6| 102, 0, 241, -2)
(16, 6| 101, -1, 242, -1)
(16, 6| 101, -1, 243, 0)
(17, 6| 103, -26, 243, -28)
(17, 6| 102, -28, 244, -27)
(17, 6| 104, -24, 244, -27)
(17, 6| 103, -26, 245, -26)
(17, 6| 103, -26, 246, -25)
(17, 6| 105, -22, 246, -25)
(17, 6| 104, -24, 247, -24)
(17, 6| 104, -24, 248, -23)
(17, 6| 106, -21, 248, -23)
(17, 6| 105, -22, 249, -22)
(17, 6| 105, -22, 250, -21)
(17, 6| 107, -19, 250, -21)
(17, 6| 106, -21, 251, -20)
(17, 6| 108, -17, 251, -20)
(17, 6| 107, -19, 252, -19)
(17, 6| 107, -19, 253, -18)
(17, 6| 109, -15, 253, -18)
(17, 6| 108, -17, 254, -17)
(17, 6| 108, -17, 255, -16)
(17, 6| 110, -14, 255, -16)
(17, 6| 109, -15, 256, -15)
(17, 6| 109, -15, 257, -14)
(17, 6| 111, -12, 257, -14)
(17, 6| 110, -14, 258, -13)
(17, 6| 112, -10, 258, -13)
(17, 6| 111, -12, 259, -12)
(17, 6| 111, -12, 260, -11)
(17, 6| 113, -8, 260, -11)
(17, 6| 112, -10, 261, -10)
(17, 6| 112, -10, 262, -9)
(17, 6| 114, -7, 262, -9)
(17, 6| 113, -8, 263, -8)
(17, 6| 113, -8, 264, -7)
(17, 6| 115, -5, 264, -7)
(17, 6| 114, -7, 265, -6)
(17, 6| 116, -3, 265, -6)
(17, 6| 115, -5, 266, -5)
(17, 6| 115, -5, 267, -4)
(17, 6| 117, -1, 267, -4)
(17, 6| 116, -3, 268, -3)
(17, 6| 116, -3, 269, -2)
(17, 6| 118, 0, 269, -2)
(17, 6| 117, -1, 270, -1)
(17, 6| 117, -1, 271, 0)
(0, 7| -205, -26, -220, -28)
(0, 7| -206, -28, -219, -27)
(0, 7| -204, -24, -219, -27)
(0, 7| -205, -26, -218, -26)
(0, 7| -205, -26, -217, -25)
(0, 7| -203, -22, -217, -25)
(0, 7| -204, -24, -216, -24)
(0, 7| -204, -24, -215, -23)
(0, 7| -202, -21, -215, -23)
(0, 7| -203, -22, -214, -22)
(0, 7| -203, -22, -213, -21)
(0, 7| -201, -19, -213, -21)
(0, 7| -202, -21, -212, -20)
(0, 7| -200, -17, -212, -20)
(0, 7| -201, -19, -211, -19)
(0, 7| -201, -19, -210, -18)
(0, 7| -199, -15, -210, -18)
(0, 7| -200, -17, -209, -17)
(0, 7| -200, -17, -208, -16)
(0, 7| -198, -14, -208, -16)
(0, 7| -199, -15, -207, -15)
(0, 7| -199, -15, -206, -14)
(0, 7| -197, -12, -206, -14)
(0, 7| -198, -14, -205, -13)
(0, 7| -196, -10, -205, -13)
(0, 7| -197, -12, -204, -12)
(0, 7| -197, -12, -203, -11)
(0, 7| -195, -8, -203, -11)
(0, 7| -196, -10, -202, -10)
(0, 7| -196, -10, -201, -9)
(0, 7| -194, -7, -201, -9)
(0, 7| -195, -8, -200, -8)
(0, 7| -195, -8, -199, -7)
(0, 7| -193, -5, -199, -7)
(0, 7| -194, -7, -198, -6)
(0, 7| -192, -3, -198, -6)
(0, 7| -193, -5, -197, -5)
(0, 7| -193, -5, -196, -4)
(0, 7| -191, -1, -196, -4)
(0, 7| -192, -3, -195, -3)
(0, 7| -192, -3, -194, -2)
(0, 7| -190, 0, -194, -2)
(0, 7| -191, -1, -193, -1)
(0, 7| -191, -1, -192, 0)
(1, 7| -189, -26, -192, -28)
(1, 7| -190, -28, -191, -27)
(1, 7| -188, -24, -191, -27)
(1, 7| -189, -26, -190, -26)
(1, 7| -189, -26, -189, -25)
(1, 7| -187, -23, -189, -25)
(1, 7| -188, -24, -188, -24)
(1, 7| -188, -24, -187, -23)
(1, 7| -186, -21, -187, -23)
(1, 7| -187, -23, -186, -22)
(1, 7| -185, -19, -186, -22)
(1, 7| -186, -21, -185, -21)
(1, 7| -186, -21, -184, -20)
(1, 7| -184, -18, -184, -20)
(1, 7| -185, -19, -183, -19)
(1, 7| -185, -19, -182, -18)
(1, 7| -183, -16, -182, -18)
(1, 7| -184, -18, -181, -17)
(1, 7| -182, -14, -181, -17)
(1, 7| -183, -16, -180, -16)
(1, 7| -183, -16, -179, -15)
(1, 7| -181, -13, -179, -15)
(1, 7| -182, -14, -178, -14)
(1, 7| -182, -14, -177, -13)
(1, 7| -180, -11, -177, -13)
(1, 7| -181, -13, -176, -12)
(1, 7| -179, -9, -176, -12)
(1, 7| -180, -11, -175, -11)
(1, 7| -180, -11, -174, -10)
(1, 7| -178, -8, -174, -10)
(1, 7| -179, -9, -173, -9)
(1, 7| -179, -9, -172, -8)
(1, 7| -177, -6, -172, -8)
(1, 7| -178, -8, -171, -7)
(1, 7| -176, -4, -171, -7)
(1, 7| -177, -6, -170, -6)
(1, 7| -177, -6, -169, -5)
(1, 7| -175, -3, -169, -5)
(1, 7| -176, -4, -168, -4)
(1, 7| -176, -4, -167, -3)
(1, 7| -174, -1, -167, -3)
(1, 7| -175, -3, -166, -2)
(1, 7| -173, 0, -166, -2)
(1, 7| -174, -1, -165, -1)
(1, 7| -174, -1, -164, 0)
(2, 7| -172, -27, -164, -29)
(2, 7| -173, -29, -163, -28)
(2, 7| -171, -25, -163, -28)
(2, 7| -172, -27, -162, -27)
(2, 7| -172, -27, -161, -26)
(2, 7| -170, -23, -161, -26)
(2, 7| -171, -25, -160, -25)
(2, 7| -171, -25, -159, -24)
(2, 7| -169, -21, -159, -24)
(2, 7| -170, -23, -158, -23)
(2, 7| -170, -23, -157, -22)
(2, 7| -168, -19, -157, -22)
(2, 7| -169, -21, -156, -21)
(2, 7| -169, -21, -155, -20)
(2, 7| -167, -18, -155, -20)
(2, 7| -168, -19, -154, -19)
(2, 7| -168, -19, -153, -18)
(2, 7| -166, -16, -153, -18)
(2, 7| -167, -18, -152, -17)
(2, 7| -165, -14, -152, -17)
(2, 7| -166, -16, -151, -16)
(2, 7| -166, -16, -150, -15)
(2, 7| -164, -12, -150, -15)
(2, 7| -165, -14, -149, -14)
(2, 7| -165, -14, -148, -13)
(2, 7| -163, -10, -148, -13)
(2, 7| -164, -12, -147, -12)
(2, 7| -164, -12, -146, -11)
(2, 7| -162, -9, -146, -11)
(2, 7| -163, -10, -145, -10)
(2, 7| -163, -10, -144, -9)
(2, 7| -161, -7, -144, -9)
(2, 7| -162, -9, -143, -8)
(2, 7| -160, -5, -143, -8)
(2, 7| -161, -7, -142, -7)
(2, 7| -161, -7, -141, -6)
(2, 7| -159, -3, -141, -6)
(2, 7| -160, -5, -140, -5)
(2, 7| -160, -5, -139, -4)
(2, 7| -158, -1, -139, -4)
(2, 7| -159, -3, -138, -3)
(2, 7| -159, -3, -137, -2)
(2, 7| -157, 0, -137, -2)
(2, 7| -158, -1, -136, -1)
(2, 7| -158, -1, -135, 0)
(3, 7| -156, -26, -135, -28)
(3, 7| -157, -28, -134, -27)
(3, 7| -155, -24, -134, -27)
(3, 7| -156, -26, -133, -26)
(3, 7| -156, -26, -132, -25)
(3, 7| -154, -22, -132, -25)
(3, 7| -155, -24, -131, -24)
(3, 7| -155, -24, -130, -23)
(3, 7| -153, -21, -130, -23)
(3, 7| -154, -22, -129, -22)
(3, 7| -154, -22, -128, -21)
(3, 7| -152, -19, -128, -21)
(3, 7| -153, -21, -127, -20)
(3, 7| -151, -17, -127, -20)
(3, 7| -152, -19, -126, -19)
(3, 7| -152, -19, -125, -18)
(3, 7| -150, -15, -125, -18)
(3, 7| -151, -17, -124, -17)
(3, 7| -151, -17, -123, -16)
(3, 7| -149, -14, -123, -16)
(3, 7| -150, -15, -122, -15)
(3, 7| -150, -15, -121, -14)
(3, 7| -148, -12, -121, -14)
(3, 7| -149, -14, -120, -13)
(3, 7| -147, -10, -120, -13)
(3, 7| -148, -12, -119, -12)
(3, 7| -148, -12, -118, -11)
(3, 7| -146, -8, -118, -11)
(3, 7| -147, -10, -117, -10)
(3, 7| -147, -10, -116, -9)
(3, 7| -145, -7, -116, -9)
(3, 7| -146, -8, -115, -8)
(3, 7| -146, -8, -114, -7)
(3, 7| -144, -5, -114, -7)
(3, 7| -145, -7, -113, -6)
(3, 7| -143, -3, -113, -6)
(3, 7| -144, -5, -112, -5)
(3, 7| -144, -5, -111, -4)
(3, 7| -142, -1, -111, -4)
(3, 7| -143, -3, -110, -3)
(3, 7| -143, -3, -109, -2)
(3, 7| -141, 0, -109, -2)
(3, 7| -142, -1, -108, -1)
(3, 7| -142, -1, -107, 0)
(4, 7| -140, -26, -107, -28)
(4, 7| -141, -28, -106, -27)
(4, 7| -139, -24, -106, -27)
(4, 7| -140, -26, -105, -26)
(4, 7| -140, -26, -104, -25)
(4, 7| -138, -23, -104, -25)
(4, 7| -139, -24, -103, -24)
(4, 7| -139, -24, -102, -23)
(4, 7| -137, -21, -102, -23)
(4, 7| -138, -23, -101, -22)
(4, 7| -136, -19, -101, -22)
(4, 7| -137, -21, -100, -21)
(4, 7| -137, -21, -99, -20)
(4, 7| -135, -18, -99, -20)
(4, 7| -136, -19, -98, -19)
(4, 7| -136, -19, -97, -18)
(4, 7| -134, -16, -97, -18)
(4, 7| -135, -18, -96, -17)
(4, 7| -133, -14, -96, -17)
(4, 7| -134, -16, -95, -16)
(4, 7| -134, -16, -94, -15)
(4, 7| -132, -13, -94, -15)
(4, 7| -133, -14, -93, -14)
(4, 7| -133, -14, -92, -13)
(4, 7| -131, -11, -92, -13)
(4, 7| -132, -13, -91, -12)
(4, 7| -130, -9, -91, -12)
(4, 7| -131, -11, -90, -11)
(4, 7| -131, -11, -89, -10)
(4, 7| -129, -8, -89, -10)
(4, 7| -130, -9, -88, -9)
(4, 7| -130, -9, -87, -8)
(4, 7| -128, -6, -87, -8)
(4, 7| -129, -8, -86, -7)
(4, 7| -127, -4, -86, -7)
(4, 7| -128, -6, -85, -6)
(4, 7| -128, -6, -84, -5)
(4, 7| -126, -3, -84, -5)
(4, 7| -127, -4, -83, -4)
(4, 7| -127, -4, -82, -3)
(4, 7| -125, -1, -82, -3)
(4, 7| -126, -3, -81, -2)
(4, 7| -124, 0, -81, -2)
(4, 7| -125, -1, -80, -1)
(4, 7| -125, -1, -79, 0)
(5, 7| -123, -12, -79, -13)
(5, 7| -124, -13, -78, -12)
(5, 7| -122, -11, -78, -12)
(5, 7| -123, -12, -77, -11)
(5, 7| -121, -10, -77, -11)
(5, 7| -122, -11, -76, -10)
(5, 7| -120, -9, -76, -10)
(5, 7| -121, -10, -75, -9)
(5, 7| -119, -8, -75, -9)
(5, 7| -120, -9, -74, -8)
(5, 7| -118, -8, -74, -8)
(5, 7| -117, -7, -74, -8)
(5, 7| -118, -8, -73, -7)
(5, 7| -116, -6, -73, -7)
(5, 7| -117, -7, -72, -6)
(5, 7| -115, -5, -72, -6)
(5, 7| -116, -6, -71, -5)
(5, 7| -114, -4, -71, -5)
(5, 7| -115, -5, -70, -4)
(5, 7| -113, -4, -70, -4)
(5, 7| -112, -3, -70, -4)
(5, 7| -113, -4, -69, -3)
(5, 7| -111, -2, -69, -3)
(5, 7| -112, -3, -68, -2)
(5, 7| -110, -1, -68, -2)
(5, 7| -111, -2, -67, -1)
(5, 7| -109, 0, -67, -1)
(5, 7| -110, -1, -66, 0)
(6, 7| -107, -27, -66, -29)
(6, 7| -108, -29, -65, -28)
(6, 7| -106, -25, -65, -28)
(6, 7| -107, -27, -64, -27)
(6, 7| -107, -27, -63, -26)
(6, 7| -105, -23, -63, -26)
(6, 7| -106, -25, -62, -25)
(6, 7| -106, -25, -61, -24)
(6, 7| -104, -21, -61, -24)
(6, 7| -105, -23, -60, -23)
(6, 7| -105, -23, -59, -22)
(6, 7| -103, -19, -59, -22)
(6, 7| -104, -21, -58, -21)
(6, 7| -104, -21, -57, -20)
(6, 7| -102, -18, -57, -20)
(6, 7| -103, -19, -56, -19)
(6, 7| -103, -19, -55, -18)
(6, 7| -101, -16, -55, -18)
(6, 7| -102, -18, -54, -17)
(6, 7| -100, -14, -54, -17)
(6, 7| -101, -16, -53, -16)
(6, 7| -101, -16, -52, -15)
(6, 7| -99, -12, -52, -15)
(6, 7| -100, -14, -51, -14)
(6, 7| -100, -14, -50, -13)
(6, 7| -98, -10, -50, -13)
(6, 7| -99, -12, -49, -12)
(6, 7| -99, -12, -48, -11)
(6, 7| -97, -9, -48, -11)
(6, 7| -98, -10, -47, -10)
(6, 7| -98, -10, -46, -9)
(6, 7| -96, -7, -46, -9)
(6, 7| -97, -9, -45, -8)
(6, 7| -95, -5, -45, -8)
(6, 7| -96, -7, -44, -7)
(6, 7| -96, -7, -43, -6)
(6, 7| -94, -3, -43, -6)
(6, 7| -95, -5, -42, -5)
(6, 7| -95, -5, -41, -4)
(6, 7| -93, -1, -41, -4)
(6, 7| -94, -3, -40, -3)
(6, 7| -94, -3, -39, -2)
(6, 7| -92, 0, -39, -2)
(6, 7| -93, -1, -38, -1)
(6, 7| -93, -1, -37, 0)
(7, 7| -91, -40, -37, -43)
(7, 7| -92, -43, -36, -42)
(7, 7| -90, -37, -36, -42)
(7, 7| -91, -40, -35, -41)
(7, 7| -89, -35, -35, -41)
(7, 7| -90, -37, -34, -40)
(7, 7| -88, -32, -34, -40)
(7, 7| -89, -35, -33, -39)
(7, 7| -87, -30, -33, -39)
(7, 7| -88, -32, -32, -38)
(7, 7| -86, -27, -32, -38)
(7, 7| -87, -30, -31, -37)
(7, 7| -85, -25, -31, -37)
(7, 7| -86, -27, -30, -36)
(7, 7| -84, -22, -30, -36)
(7, 7| -85, -25, -29, -35)
(7, 7| -83, -20, -29, -35)
(7, 7| -84, -22, -28, -34)
(7, 7| -82, -17, -28, -34)
(7, 7| -83, -20, -27, -33)
(7, 7| -81, -15, -27, -33)
(7, 7| -82, -17, -26, -32)
(7, 7| -80, -12, -26, -32)
(7, 7| -81, -15, -25, -31)
(7, 7| -79, -10, -25, -31)
(7, 7| -80, -12, -24, -30)
(7, 7| -78, -7, -24, -30)
(7, 7| -79, -10, -23, -29)
(7, 7| -77, -5, -23, -29)
(7, 7| -78, -7, -22, -28)
(7, 7| -76, -2, -22, -28)
(7, 7| -77, -5, -21, -27)
(7, 7| -75, 0, -21, -27)
(7, 7| -76, -2, -20, -26)
(8, 7| -74, -26, 6, -28)
(8, 7| -75, -28, 7, -27)
(8, 7| -73, -24, 7, -27)
(8, 7| -74, -26, 8, -26)
(8, 7| -74, -26, 9, -25)
(8, 7| -72, -22, 9, -25)
(8, 7| -73, -24, 10, -24)
(8, 7| -73, -24, 11, -23)
(8, 7| -71, -21, 11, -23)
(8, 7| -72, -22, 12, -22)
(8, 7| -72, -22, 13, -21)
(8, 7| -70, -19, 13, -21)
(8, 7| -71, -21, 14, -20)
(8, 7| -69, -17, 14, -20)
(8, 7| -70, -19, 15, -19)
(8, 7| -70, -19, 16, -18)
(8, 7| -68, -15, 16, -18)
(8, 7| -69, -17, 17, -17)
(8, 7| -69, -17, 18, -16)
(8, 7| -67, -14, 18, -16)
(8, 7| -68, -15, 19, -15)
(8, 7| -68, -15, 20, -14)
(8, 7| -66, -12, 20, -14)
(8, 7| -67, -14, 21, -13)
(8, 7| -65, -10, 21, -13)
(8, 7| -66, -12, 22, -12)
(8, 7| -66, -12, 23, -11)
(8, 7| -64, -8, 23, -11)
(8, 7| -65, -10, 24, -10)
(8, 7| -65, -10, 25, -9)
(8, 7| -63, -7, 25, -9)
(8, 7| -64, -8, 26, -8)
(8, 7| -64, -8, 27, -7)
(8, 7| -62, -5, 27, -7)
(8, 7| -63, -7, 28, -6)
(8, 7| -61, -3, 28, -6)
(8, 7| -62, -5, 29, -5)
(8, 7| -62, -5, 30, -4)
(8, 7| -60, -1, 30, -4)
(8, 7| -61, -3, 31, -3)
(8, 7| -61, -3, 32, -2)
(8, 7| -59, 0, 32, -2)
(8, 7| -60, -1, 33, -1)
(8, 7| -60, -1, 34, 0)
(9, 7| -58, -26, 34, -28)
(9, 7| -59, -28, 35, -27)
(9, 7| -57, -24, 35, -27)
(9, 7| -58, -26, 36, -26)
(9, 7| -58, -26, 37, -25)
(9, 7| -56, -22, 37, -25)
(9, 7| -57, -24, 38, -24)
(9, 7| -57, -24, 39, -23)
(9, 7| -55, -21, 39, -23)
(9, 7| -56, -22, 40, -22)
(9, 7| -56, -22, 41, -21)
(9, 7| -54, -19, 41, -21)
(9, 7| -55, -21, 42, -20)
(9, 7| -53, -17, 42, -20)
(9, 7| -54, -19, 43, -19)
(9, 7| -54, -19, 44, -18)
(9, 7| -52, -15, 44, -18)
(9, 7| -53, -17, 45, -17)
(9, 7| -53, -17, 46, -16)
(9, 7| -51, -14, 46, -16)
(9, 7| -52, -15, 47, -15)
(9, 7| -52, -15, 48, -14)
(9, 7| -50, -12, 48, -14)
(9, 7| -51, -14, 49, -13)
(9, 7| -49, -10, 49, -13)
(9, 7| -50, -12, 50, -12)
(9, 7| -50, -12, 51, -11)
(9, 7| -48, -8, 51, -11)
(9, 7| -49, -10, 52, -10)
(9, 7| -49, -10, 53, -9)
(9, 7| -47, -7, 53, -9)
(9, 7| -48, -8, 54, -8)
(9, 7| -48, -8, 55, -7)
(9, 7| -46, -5, 55, -7)
(9, 7| -47, -7, 56, -6)
(9, 7| -45, -3, 56, -6)
(9, 7| -46, -5, 57, -5)
(9, 7| -46, -5, 58, -4)
(9, 7| -44, -1, 58, -4)
(9, 7| -45, -3, 59, -3)
(9, 7| -45, -3, 60, -2)
(9, 7| -43, 0, 60, -2)
(9, 7| -44, -1, 61, -1)
(9, 7| -44, -1, 62, 0)
(10, 7| -42, -12, 62, -13)
(10, 7| -43, -13, 63, -12)
(10, 7| -41, -11, 63, -12)
(10, 7| -42, -12, 64, -11)
(10, 7| -40, -10, 64, -11)
(10, 7| -41, -11, 65, -10)
(10, 7| -39, -9, 65, -10)
(10, 7| -40, -10, 66, -9)
(10, 7| -38, -9, 66, -9)
(10, 7| -37, -8, 66, -9)
(10, 7| -38, -9, 67, -8)
(10, 7| -36, -7, 67, -8)
(10, 7| -37, -8, 68, -7)
(10, 7| -35, -6, 68, -7)
(10, 7| -36, -7, 69, -6)
(10, 7| -34, -6, 69, -6)
(10, 7| -33, -5, 69, -6)
(10, 7| -34, -6, 70, -5)
(10, 7| -32, -4, 70, -5)
(10, 7| -33, -5, 71, -4)
(10, 7| -31, -3, 71, -4)
(10, 7| -32, -4, 72, -3)
(10, 7| -30, -3, 72, -3)
(10, 7| -29, -2, 72, -3)
(10, 7| -30, -3, 73, -2)
(10, 7| -28, -1, 73, -2)
(10, 7| -29, -2, 74, -1)
(10, 7| -27, 0, 74, -1)
(10, 7| -28, -1, 75, 0)
(11, 7| -25, -27, 75, -29)
(11, 7| -26, -29, 76, -28)
(11, 7| -24, -25, 76, -28)
(11, 7| -25, -27, 77, -27)
(11, 7| -25, -27, 78, -26)
(11, 7| -23, -23, 78, -26)
(11, 7| -24, -25, 79, -25)
(11, 7| -24, -25, 80, -24)
(11, 7| -22, -21, 80, -24)
(11, 7| -23, -23, 81, -23)
(11, 7| -23, -23, 82, -22)
(11, 7| -21, -19, 82, -22)
(11, 7| -22, -21, 83, -21)
(11, 7| -22, -21, 84, -20)
(11, 7| -20, -18, 84, -20)
(11, 7| -21, -19, 85, -19)
(11, 7| -21, -19, 86, -18)
(11, 7| -19, -16, 86, -18)
(11, 7| -20, -18, 87, -17)
(11, 7| -18, -14, 87, -17)
(11, 7| -19, -16, 88, -16)
(11, 7| -19, -16, 89, -15)
(11, 7| -17, -12, 89, -15)
(11, 7| -18, -14, 90, -14)
(11, 7| -18, -14, 91, -13)
(11, 7| -16, -10, 91, -13)
(11, 7| -17, -12, 92, -12)
(11, 7| -17, -12, 93, -11)
(11, 7| -15, -9, 93, -11)
(11, 7| -16, -10, 94, -10)
(11, 7| -16, -10, 95, -9)
(11, 7| -14, -7, 95, -9)
(11, 7| -15, -9, 96, -8)
(11, 7| -13, -5, 96, -8)
(11, 7| -14, -7, 97, -7)
(11, 7| -14, -7, 98, -6)
(11, 7| -12, -3, 98, -6)
(11, 7| -13, -5, 99, -5)
(11, 7| -13, -5, 100, -4)
(11, 7| -11, -1, 100, -4)
(11, 7| -12, -3, 101, -3)
(11, 7| -12, -3, 102, -2)
(11, 7| -10, 0, 102, -2)
(11, 7| -11, -1, 103, -1)
(11, 7| -11, -1, 104, 0)
(12, 7| -9, -40, 104, -43)
(12, 7| -10, -43, 105, -42)
(12, 7| -8, -37, 105, -42)
(12, 7| -9, -40, 106, -41)
(12, 7| -7, -34, 106, -41)
(12, 7| -8, -37, 107, -40)
(12, 7| -6, -32, 107, -40)
(12, 7| -7, -34, 108, -39)
(12, 7| -5, -29, 108, -39)
(12, 7| -6, -32, 109, -38)
(12, 7| -4, -26, 109, -38)
(12, 7| -5, -29, 110, -37)
(12, 7| -3, -24, 110, -37)
(12, 7| -4, -26, 111, -36)
(12, 7| -2, -21, 111, -36)
(12, 7| -3, -24, 112, -35)
(12, 7| -1, -18, 112, -35)
(12, 7| -2, -21, 113, -34)
(12, 7| 0, -16, 113, -34)
(12, 7| -1, -18, 114, -33)
(12, 7| 1, -13, 114, -33)
(12, 7| 0, -16, 115, -32)
(12, 7| 2, -10, 115, -32)
(12, 7| 1, -13, 116, -31)
(12, 7| 3, -8, 116, -31)
(12, 7| 2, -10, 117, -30)
(12, 7| 4, -5, 117, -30)
(12, 7| 3, -8, 118, -29)
(12, 7| 5, -2, 118, -29)
(12, 7| 4, -5, 119, -28)
(12, 7| 6, 0, 119, -28)
(12, 7| 5, -2, 120, -27)
(0, 0| 1, 16, -26, -339, -311, -28)
(0, 0| 0, 16, -28, -338, -311, -27)
(0, 0| 2, 16, -24, -338, -311, -27)
(0, 0| 1, 16, -26, -337, -311, -26)
(0, 0| 1, 16, -26, -336, -311, -25)
(0, 0| 3, 16, -22, -336, -311, -25)
(0, 0| 2, 16, -24, -335, -311, -24)
(0, 0| 2, 16, -24, -334, -311, -23)
(0, 0| 4, 16, -21, -334, -311, -23)
(0, 0| 3, 16, -22, -333, -311, -22)
(0, 0| 3, 16, -22, -332, -311, -21)
(0, 0| 5, 16, -19, -332, -311, -21)
(0, 0| 4, 16, -21, -331, -311, -20)
(0, 0| 6, 16, -17, -331, -311, -20)
(0, 0| 5, 16, -19, -330, -311, -19)
(0, 0| 5, 16, -19, -329, -311, -18)
(0, 0| 7, 16, -15, -329, -311, -18)
(0, 0| 6, 16, -17, -328, -311, -17)
(0, 0| 6, 16, -17, -327, -311, -16)
(0, 0| 8, 16, -14, -327, -311, -16)
(0, 0| 7, 16, -15, -326, -311, -15)
(0, 0| 7, 16, -15, -325, -311, -14)
(0, 0| 9, 16, -12, -325, -311, -14)
(0, 0| 8, 16, -14, -324, -311, -13)
(0, 0| 10, 16, -10, -324, -311, -13)
(0, 0| 9, 16, -12, -323, -311, -12)
(0, 0| 9, 16, -12, -322, -311, -11)
(0, 0| 11, 16, -8, -322, -311, -11)
(0, 0| 10, 16, -10, -321, -311, -10)
(0, 0| 10, 16, -10, -320, -311, -9)
(0, 0| 12, 16, -7, -320, -311, -9)
(0, 0| 11, 16, -8, -319, -311, -8)
(0, 0| 11, 16, -8, -318, -311, -7)
(0, 0| 13, 16, -5, -318, -311, -7)
(0, 0| 12, 16, -7, -317, -311, -6)
(0, 0| 14, 16, -3, -317, -311, -6)
(0, 0| 13, 16, -5, -316, -311, -5)
(0, 0| 13, 16, -5, -315, -311, -4)
(0, 0| 15, 16, -1, -315, -311, -4)
(0, 0| 14, 16, -3, -314, -311, -3)
(0, 0| 14, 16, -3, -313, -311, -2)
(0, 0| 16, 16, 0, -313, -311, -2)
(0, 0| 15, 16, -1, -312, -311, -1)
(0, 0| 15, 16, -1, -311, -311, 0)
(0, 0| 1, 16, -26, -339, -311, -28)
(0, 0| 0, 16, -28, -338, -311, -27)
(0, 0| 2, 16, -24, -338, -311, -27)
(0, 0| 1, 16, -26, -337, -311, -26)
(0, 0| 1, 16, -26, -336, -311, -25)
(0, 0| 3, 16, -22, -336, -311, -25)
(0, 0| 2, 16, -24, -335, -311, -24)
(0, 0| 2, 16, -24, -334, -311, -23)
(0, 0| 4, 16, -21, -334, -311, -23)
(0, 0| 3, 16, -22, -333, -311, -22)
(0, 0| 3, 16, -22, -332, -311, -21)
(0, 0| 5, 16, -19, -332, -311, -21)
(0, 0| 4, 16, -21, -331, -311, -20)
(0, 0| 6, 16, -17, -331, -311, -20)
(0, 0| 5, 16, -19, -330, -311, -19)
(0, 0| 5, 16, -19, -329, -311, -18)
(0, 0| 7, 16, -15, -329, -311, -18)
(0, 0| 6, 16, -17, -328, -311, -17)
(0, 0| 6, 16, -17, -327, -311, -16)
(0, 0| 8, 16, -14, -327, -311, -16)
(0, 0| 7, 16, -15, -326, -311, -15)
(0, 0| 7, 16, -15, -325, -311, -14)
(0, 0| 9, 16, -12, -325, -311, -14)
(0, 0| 8, 16, -14, -324, -311, -13)
(0, 0| 10, 16, -10, -324, -311, -13)
(0, 0| 9, 16, -12, -323, -311, -12)
(0, 0| 9, 16, -12, -322, -311, -11)
(0, 0| 11, 16, -8, -322, -311, -11)
(0, 0| 10, 16, -10, -321, -311, -10)
(0, 0| 10, 16, -10, -320, -311, -9)
(0, 0| 12, 16, -7, -320, -311, -9)
(0, 0| 11, 16, -8, -319, -311, -8)
(0, 0| 11, 16, -8, -318, -311, -7)
(0, 0| 13, 16, -5, -318, -311, -7)
(0, 0| 12, 16, -7, -317, -311, -6)
(0, 0| 14, 16, -3, -317, -311, -6)
(0, 0| 13, 16, -5, -316, -311, -5)
(0, 0| 13, 16, -5, -315, -311, -4)
(0, 0| 15, 16, -1, -315, -311, -4)
(0, 0| 14, 16, -3, -314, -311, -3)
(0, 0| 14, 16, -3, -313, -311, -2)
(0, 0| 16, 16, 0, -313, -311, -2)
(0, 0| 15, 16, -1, -312, -311, -1)
(0, 0| 15, 16, -1, -311, -311, 0)
(1, 0| 17, 33, -26, -311, -283, -28)
(1, 0| 16, 33, -28, -310, -283, -27)
(1, 0| 18, 33, -24, -310, -283, -27)
(1, 0| 17, 33, -26, -309, -283, -26)
(1, 0| 17, 33, -26, -308, -283, -25)
(1, 0| 19, 33, -23, -308, -283, -25)
(1, 0| 18, 33, -24, -307, -283, -24)
(1, 0| 18, 33, -24, -306, -283, -23)
(1, 0| 20, 33, -21, -306, -283, -23)
(1, 0| 19, 33, -23, -305, -283, -22)
(1, 0| 21, 33, -19, -305, -283, -22)
(1, 0| 20, 33, -21, -304, -283, -21)
(1, 0| 20, 33, -21, -303, -283, -20)
(1, 0| 22, 33, -18, -303, -283, -20)
(1, 0| 21, 33, -19, -302, -283, -19)
(1, 0| 21, 33, -19, -301, -283, -18)
(1, 0| 23, 33, -16, -301, -283, -18)
(1, 0| 22, 33, -18, -300, -283, -17)
(1, 0| 24, 33, -14, -300, -283, -17)
(1, 0| 23, 33, -16, -299, -283, -16)
(1, 0| 23, 33, -16, -298, -283, -15)
(1, 0| 25, 33, -13, -298, -283, -15)
(1, 0| 24, 33, -14, -297, -283, -14)
(1, 0| 24, 33, -14, -296, -283, -13)
(1, 0| 26, 33, -11, -296, -283, -13)
(1, 0| 25, 33, -13, -295, -283, -12)
(1, 0| 27, 33, -9, -295, -283, -12)
(1, 0| 26, 33, -11, -294, -283, -11)
(1, 0| 26, 33, -11, -293, -283, -10)
(1, 0| 28, 33, -8, -293, -283, -10)
(1, 0| 27, 33, -9, -292, -283, -9)
(1, 0| 27, 33, -9, -291, -283, -8)
(1, 0| 29, 33, -6, -291, -283, -8)
(1, 0| 28, 33, -8, -290, -283, -7)
(1, 0| 30, 33, -4, -290, -283, -7)
(1, 0| 29, 33, -6, -289, -283, -6)
(1, 0| 29, 33, -6, -288, -283, -5)
(1, 0| 31, 33, -3, -288, -283, -5)
(1, 0| 30, 33, -4, -287, -283, -4)
(1, 0| 30, 33, -4, -286, -283, -3)
(1, 0| 32, 33, -1, -286, -283, -3)
(1, 0| 31, 33, -3, -285, -283, -2)
(1, 0| 33, 33, 0, -285, -283, -2)
(1, 0| 32, 33, -1, -284, -283, -1)
(1, 0| 32, 33, -1, -283, -283, 0)
(2, 0| 34, 49, -27, -283, -254, -29)
(2, 0| 33, 49, -29, -282, -254, -28)
(2, 0| 35, 49, -25, -282, -254, -28)
(2, 0| 34, 49, -27, -281, -254, -27)
(2, 0| 34, 49, -27, -280, -254, -26)
(2, 0| 36, 49, -23, -280, -254, -26)
(2, 0| 35, 49, -25, -279, -254, -25)
(2, 0| 35, 49, -25, -278, -254, -24)
(2, 0| 37, 49, -21, -278, -254, -24)
(2, 0| 36, 49, -23, -277, -254, -23)
(2, 0| 36, 49, -23, -276, -254, -22)
(2, 0| 38, 49, -19, -276, -254, -22)
(2, 0| 37, 49, -21, -275, -254, -21)
(2, 0| 37, 49, -21, -274, -254, -20)
(2, 0| 39, 49, -18, -274, -254, -20)
(2, 0| 38, 49, -19, -273, -254, -19)
(2, 0| 38, 49, -19, -272, -254, -18)
(2, 0| 40, 49, -16, -272, -254, -18)
(2, 0| 39, 49, -18, -271, -254, -17)
(2, 0| 41, 49, -14, -271, -254, -17)
(2, 0| 40, 49, -16, -270, -254, -16)
(2, 0| 40, 49, -16, -269, -254, -15)
(2, 0| 42, 49, -12, -269, -254, -15)
(2, 0| 41, 49, -14, -268, -254, -14)
(2, 0| 41, 49, -14, -267, -254, -13)
(2, 0| 43, 49, -10, -267, -254, -13)
(2, 0| 42, 49, -12, -266, -254, -12)
(2, 0| 42, 49, -12, -265, -254, -11)
(2, 0| 44, 49, -9, -265, -254, -11)
(2, 0| 43, 49, -10, -264, -254, -10)
(2, 0| 43, 49, -10, -263, -254, -9)
(2, 0| 45, 49, -7, -263, -254, -9)
(2, 0| 44, 49, -9, -262, -254, -8)
(2, 0| 46, 49, -5, -262, -254, -8)
(2, 0| 45, 49, -7, -261, -254, -7)
(2, 0| 45, 49, -7, -260, -254, -6)
(2, 0| 47, 49, -3, -260, -254, -6)
(2, 0| 46, 49, -5, -259, -254, -5)
(2, 0| 46, 49, -5, -258, -254, -4)
(2, 0| 48, 49, -1, -258, -254, -4)
(2, 0| 47, 49, -3, -257, -254, -3)
(2, 0| 47, 49, -3, -256, -254, -2)
(2, 0| 49, 49, 0, -256, -254, -2)
(2, 0| 48, 49, -1, -255, -254, -1)
(2, 0| 48, 49, -1, -254, -254, 0)
(3, 0| 50, 65, -26, -254, -226, -28)
(3, 0| 49, 65, -28, -253, -226, -27)
(3, 0| 51, 65, -24, -253, -226, -27)
(3, 0| 50, 65, -26, -252, -226, -26)
(3, 0| 50, 65, -26, -251, -226, -25)
(3, 0| 52, 65, -22, -251, -226, -25)
(3, 0| 51, 65, -24, -250, -226, -24)
(3, 0| 51, 65, -24, -249, -226, -23)
(3, 0| 53, 65, -21, -249, -226, -23)
(3, 0| 52, 65, -22, -248, -226, -22)
(3, 0| 52, 65, -22, -247, -226, -21)
(3, 0| 54, 65, -19, -247, -226, -21)
(3, 0| 53, 65, -21, -246, -226, -20)
(3, 0| 55, 65, -17, -246, -226, -20)
(3, 0| 54, 65, -19, -245, -226, -19)
(3, 0| 54, 65, -19, -244, -226, -18)
(3, 0| 56, 65, -15, -244, -226, -18)
(3, 0| 55, 65, -17, -243, -226, -17)
(3, 0| 55, 65, -17, -242, -226, -16)
(3, 0| 57, 65, -14, -242, -226, -16)
(3, 0| 56, 65, -15, -241, -226, -15)
(3, 0| 56, 65, -15, -240, -226, -14)
(3, 0| 58, 65, -12, -240, -226, -14)
(3, 0| 57, 65, -14, -239, -226, -13)
(3, 0| 59, 65, -10, -239, -226, -13)
(3, 0| 58, 65, -12, -238, -226, -12)
(3, 0| 58, 65, -12, -237, -226, -11)
(3, 0| 60, 65, -8, -237, -226, -11)
(3, 0| 59, 65, -10, -236, -226, -10)
(3, 0| 59, 65, -10, -235, -226, -9)
(3, 0| 61, 65, -7, -235, -226, -9)
(3, 0| 60, 65, -8, -234, -226, -8)
(3, 0| 60, 65, -8, -233, -226, -7)
(3, 0| 62, 65, -5, -233, -226, -7)
(3, 0| 61, 65, -7, -232, -226, -6)
(3, 0| 63, 65, -3, -232, -226, -6)
(3, 0| 62, 65, -5, -231, -226, -5)
(3, 0| 62, 65, -5, -230, -226, -4)
(3, 0| 64, 65, -1, -230, -226, -4)
(3, 0| 63, 65, -3, -229, -226, -3)
(3, 0| 63, 65, -3, -228, -226, -2)
(3, 0| 65, 65, 0, -228, -226, -2)
(3, 0| 64, 65, -1, -227, -226, -1)
(3, 0| 64, 65, -1, -226, -226, 0)
(4, 0| 66, 82, -26, -226, -198, -28)
(4, 0| 65, 82, -28, -225, -198, -27)
(4, 0| 67, 82, -24, -225, -198, -27)
(4, 0| 66, 82, -26, -224, -198, -26)
(4, 0| 66, 82, -26, -223, -198, -25)
(4, 0| 68, 82, -23, -223, -198, -25)
(4, 0| 67, 82, -24, -222, -198, -24)
(4, 0| 67, 82, -24, -221, -198, -23)
(4, 0| 69, 82, -21, -221, -198, -23)
(4, 0| 68, 82, -23, -220, -198, -22)
(4, 0| 70, 82, -19, -220, -198, -22)
(4, 0| 69, 82, -21, -219, -198, -21)
(4, 0| 69, 82, -21, -218, -198, -20)
(4, 0| 71, 82, -18, -218, -198, -20)
(4, 0| 70, 82, -19, -217, -198, -19)
(4, 0| 70, 82, -19, -216, -198, -18)
(4, 0| 72, 82, -16, -216, -198, -18)
(4, 0| 71, 82, -18, -215, -198, -17)
(4, 0| 73, 82, -14, -215, -198, -17)
(4, 0| 72, 82, -16, -214, -198, -16)
(4, 0| 72, 82, -16, -213, -198, -15)
(4, 0| 74, 82, -13, -213, -198, -15)
(4, 0| 73, 82, -14, -212, -198, -14)
(4, 0| 73, 82, -14, -211, -198, -13)
(4, 0| 75, 82, -11, -211, -198, -13)
(4, 0| 74, 82, -13, -210, -198, -12)
(4, 0| 76, 82, -9, -210, -198, -12)
(4, 0| 75, 82, -11, -209, -198, -11)
(4, 0| 75, 82, -11, -208, -198, -10)
(4, 0| 77, 82, -8, -208, -198, -10)
(4, 0| 76, 82, -9, -207, -198, -9)
(4, 0| 76, 82, -9, -206, -198, -8)
(4, 0| 78, 82, -6, -206, -198, -8)
(4, 0| 77, 82, -8, -205, -198, -7)
(4, 0| 79, 82, -4, -205, -198, -7)
(4, 0| 78, 82, -6, -204, -198, -6)
(4, 0| 78, 82, -6, -203, -198, -5)
(4, 0| 80, 82, -3, -203, -198, -5)
(4, 0| 79, 82, -4, -202, -198, -4)
(4, 0| 79, 82, -4, -201, -198, -3)
(4, 0| 81, 82, -1, -201, -198, -3)
(4, 0| 80, 82, -3, -200, -198, -2)
(4, 0| 82, 82, 0, -200, -198, -2)
(4, 0| 81, 82, -1, -199, -198, -1)
(4, 0| 81, 82, -1, -198, -198, 0)
(5, 0| 83, 98, -26, -198, -170, -28)
(5, 0| 82, 98, -28, -197, -170, -27)
(5, 0| 84, 98, -24, -197, -170, -27)
(5, 0| 83, 98, -26, -196, -170, -26)
(5, 0| 83, 98, -26, -195, -170, -25)
(5, 0| 85, 98, -22, -195, -170, -25)
(5, 0| 84, 98, -24, -194, -170, -24)
(5, 0| 84, 98, -24, -193, -170, -23)
(5, 0| 86, 98, -21, -193, -170, -23)
(5, 0| 85, 98, -22, -192, -170, -22)
(5, 0| 85, 98, -22, -191, -170, -21)
(5, 0| 87, 98, -19, -191, -170, -21)
(5, 0| 86, 98, -21, -190, -170, -20)
(5, 0| 88, 98, -17, -190, -170, -20)
(5, 0| 87, 98, -19, -189, -170, -19)
(5, 0| 87, 98, -19, -188, -170, -18)
(5, 0| 89, 98, -15, -188, -170, -18)
(5, 0| 88, 98, -17, -187, -170, -17)
(5, 0| 88, 98, -17, -186, -170, -16)
(5, 0| 90, 98, -14, -186, -170, -16)
(5, 0| 89, 98, -15, -185, -170, -15)
(5, 0| 89, 98, -15, -184, -170, -14)
(5, 0| 91, 98, -12, -184, -170, -14)
(5, 0| 90, 98, -14, -183, -170, -13)
(5, 0| 92, 98, -10, -183, -170, -13)
(5, 0| 91, 98, -12, -182, -170, -12)
(5, 0| 91, 98, -12, -181, -170, -11)
(5, 0| 93, 98, -8, -181, -170, -11)
(5, 0| 92, 98, -10, -180, -170, -10)
(5, 0| 92, 98, -10, -179, -170, -9)
(5, 0| 94, 98, -7, -179, -170, -9)
(5, 0| 93, 98, -8, -178, -170, -8)
(5, 0| 93, 98, -8, -177, -170, -7)
(5, 0| 95, 98, -5, -177, -170, -7)
(5, 0| 94, 98, -7, -176, -170, -6)
(5, 0| 96, 98, -3, -176, -170, -6)
(5, 0| 95, 98, -5, -175, -170, -5)
(5, 0| 95, 98, -5, -174, -170, -4)
(5, 0| 97, 98, -1, -174, -170, -4)
(5, 0| 96, 98, -3, -173, -170, -3)
(5, 0| 96, 98, -3, -172, -170, -2)
(5, 0| 98, 98, 0, -172, -170, -2)
(5, 0| 97, 98, -1, -171, -170, -1)
(5, 0| 97, 98, -1, -170, -170, 0)
(6, 0| 99, 114, -27, -170, -141, -29)
(6, 0| 98, 114, -29, -169, -141, -28)
(6, 0| 100, 114, -25, -169, -141, -28)
(6, 0| 99, 114, -27, -168, -141, -27)
(6, 0| 99, 114, -27, -167, -141, -26)
(6, 0| 101, 114, -23, -167, -141, -26)
(6, 0| 100, 114, -25, -166, -141, -25)
(6, 0| 100, 114, -25, -165, -141, -24)
(6, 0| 102, 114, -21, -165, -141, -24)
(6, 0| 101, 114, -23, -164, -141, -23)
(6, 0| 101, 114, -23, -163, -141, -22)
(6, 0| 103, 114, -19, -163, -141, -22)
(6, 0| 102, 114, -21, -162, -141, -21)
(6, 0| 102, 114, -21, -161, -141, -20)
(6, 0| 104, 114, -18, -161, -141, -20)
(6, 0| 103, 114, -19, -160, -141, -19)
(6, 0| 103, 114, -19, -159, -141, -18)
(6, 0| 105, 114, -16, -159, -141, -18)
(6, 0| 104, 114, -18, -158, -141, -17)
(6, 0| 106, 114, -14, -158, -141, -17)
(6, 0| 105, 114, -16, -157, -141, -16)
(6, 0| 105, 114, -16, -156, -141, -15)
(6, 0| 107, 114, -12, -156, -141, -15)
(6, 0| 106, 114, -14, -155, -141, -14)
(6, 0| 106, 114, -14, -154, -141, -13)
(6, 0| 108, 114, -10, -154, -141, -13)
(6, 0| 107, 114, -12, -153, -141, -12)
(6, 0| 107, 114, -12, -152, -141, -11)
(6, 0| 109, 114, -9, -152, -141, -11)
(6, 0| 108, 114, -10, -151, -141, -10)
(6, 0| 108, 114, -10, -150, -141, -9)
(6, 0| 110, 114, -7, -150, -141, -9)
(6, 0| 109, 114, -9, -149, -141, -8)
(6, 0| 111, 114, -5, -149, -141, -8)
(6, 0| 110, 114, -7, -148, -141, -7)
(6, 0| 110, 114, -7, -147, -141, -6)
(6, 0| 112, 114, -3, -147, -141, -6)
(6, 0| 111, 114, -5, -146, -141, -5)
(6, 0| 111, 114, -5, -145, -141, -4)
(6, 0| 113, 114, -1, -145, -141, -4)
(6, 0| 112, 114, -3, -144, -141, -3)
(6, 0| 112, 114, -3, -143, -141, -2)
(6, 0| 114, 114, 0, -143, -141, -2)
(6, 0| 113, 114, -1, -142, -141, -1)
(6, 0| 113, 114, -1, -141, -141, 0)
(7, 0| 115, 131, -26, -141, -113, -28)
(7, 0| 114, 131, -28, -140, -113, -27)
(7, 0| 116, 131, -24, -140, -113, -27)
(7, 0| 115, 131, -26, -139, -113, -26)
(7, 0| 115, 131, -26, -138, -113, -25)
(7, 0| 117, 131, -23, -138, -113, -25)
(7, 0| 116, 131, -24, -137, -113, -24)
(7, 0| 116, 131, -24, -136, -113, -23)
(7, 0| 118, 131, -21, -136, -113, -23)
(7, 0| 117, 131, -23, -135, -113, -22)
(7, 0| 119, 131, -19, -135, -113, -22)
(7, 0| 118, 131, -21, -134, -113, -21)
(7, 0| 118, 131, -21, -133, -113, -20)
(7, 0| 120, 131, -18, -133, -113, -20)
(7, 0| 119, 131, -19, -132, -113, -19)
(7, 0| 119, 131, -19, -131, -113, -18)
(7, 0| 121, 131, -16, -131, -113, -18)
(7, 0| 120, 131, -18, -130, -113, -17)
(7, 0| 122, 131, -14, -130, -113, -17)
(7, 0| 121, 131, -16, -129, -113, -16)
(7, 0| 121, 131, -16, -128, -113, -15)
(7, 0| 123, 131, -13, -128, -113, -15)
(7, 0| 122, 131, -14, -127, -113, -14)
(7, 0| 122, 131, -14, -126, -113, -13)
(7, 0| 124, 131, -11, -126, -113, -13)
(7, 0| 123, 131, -13, -125, -113, -12)
(7, 0| 125, 131, -9, -125, -113, -12)
(7, 0| 124, 131, -11, -124, -113, -11)
(7, 0| 124, 131, -11, -123, -113, -10)
(7, 0| 126, 131, -8, -123, -113, -10)
(7, 0| 125, 131, -9, -122, -113, -9)
(7, 0| 125, 131, -9, -121, -113, -8)
(7, 0| 127, 131, -6, -121, -113, -8)
(7, 0| 126, 131, -8, -120, -113, -7)
(7, 0| 128, 131, -4, -120, -113, -7)
(7, 0| 127, 131, -6, -119, -113, -6)
(7, 0| 127, 131, -6, -118, -113, -5)
(7, 0| 129, 131, -3, -118, -113, -5)
(7, 0| 128, 131, -4, -117, -113, -4)
(7, 0| 128, 131, -4, -116, -113, -3)
(7, 0| 130, 131, -1, -116, -113, -3)
(7, 0| 129, 131, -3, -115, -113, -2)
(7, 0| 131, 131, 0, -115, -113, -2)
(7, 0| 130, 131, -1, -114, -113, -1)
(7, 0| 130, 131, -1, -113, -113, 0)
(8, 0| 132, 147, -26, -113, -85, -28)
(8, 0| 131, 147, -28, -112, -85, -27)
(8, 0| 133, 147, -24, -112, -85, -27)
(8, 0| 132, 147, -26, -111, -85, -26)
(8, 0| 132, 147, -26, -110, -85, -25)
(8, 0| 134, 147, -22, -110, -85, -25)
(8, 0| 133, 147, -24, -109, -85, -24)
(8, 0| 133, 147, -24, -108, -85, -23)
(8, 0| 135, 147, -21, -108, -85, -23)
(8, 0| 134, 147, -22, -107, -85, -22)
(8, 0| 134, 147, -22, -106, -85, -21)
(8, 0| 136, 147, -19, -106, -85, -21)
(8, 0| 135, 147, -21, -105, -85, -20)
(8, 0| 137, 147, -17, -105, -85, -20)
(8, 0| 136, 147, -19, -104, -85, -19)
(8, 0| 136, 147, -19, -103, -85, -18)
(8, 0| 138, 147, -15, -103, -85, -18)
(8, 0| 137, 147, -17, -102, -85, -17)
(8, 0| 137, 147, -17, -101, -85, -16)
(8, 0| 139, 147, -14, -101, -85, -16)
(8, 0| 138, 147, -15, -100, -85, -15)
(8, 0| 138, 147, -15, -99, -85, -14)
(8, 0| 140, 147, -12, -99, -85, -14)
(8, 0| 139, 147, -14, -98, -85, -13)
(8, 0| 141, 147, -10, -98, -85, -13)
(8, 0| 140, 147, -12, -97, -85, -12)
(8, 0| 140, 147, -12, -96, -85, -11)
(8, 0| 142, 147, -8, -96, -85, -11)
(8, 0| 141, 147, -10, -95, -85, -10)
(8, 0| 141, 147, -10, -94, -85, -9)
(8, 0| 143, 147, -7, -94, -85, -9)
(8, 0| 142, 147, -8, -93, -85, -8)
(8, 0| 142, 147, -8, -92, -85, -7)
(8, 0| 144, 147, -5, -92, -85, -7)
(8, 0| 143, 147, -7, -91, -85, -6)
(8, 0| 145, 147, -3, -91, -85, -6)
(8, 0| 144, 147, -5, -90, -85, -5)
(8, 0| 144, 147, -5, -89, -85, -4)
(8, 0| 146, 147, -1, -89, -85, -4)
(8, 0| 145, 147, -3, -88, -85, -3)
(8, 0| 145, 147, -3, -87, -85, -2)
(8, 0| 147, 147, 0, -87, -85, -2)
(8, 0| 146, 147, -1, -86, -85, -1)
(8, 0| 146, 147, -1, -85, -85, 0)
(9, 0| 148, 163, -26, -85, -57, -28)
(9, 0| 147, 163, -28, -84, -57, -27)
(9, 0| 149, 163, -24, -84, -57, -27)
(9, 0| 148, 163, -26, -83, -57, -26)
(9, 0| 148, 163, -26, -82, -57, -25)
(9, 0| 150, 163, -22, -82, -57, -25)
(9, 0| 149, 163, -24, -81, -57, -24)
(9, 0| 149, 163, -24, -80, -57, -23)
(9, 0| 151, 163, -21, -80, -57, -23)
(9, 0| 150, 163, -22, -79, -57, -22)
(9, 0| 150, 163, -22, -78, -57, -21)
(9, 0| 152, 163, -19, -78, -57, -21)
(9, 0| 151, 163, -21, -77, -57, -20)
(9, 0| 153, 163, -17, -77, -57, -20)
(9, 0| 152, 163, -19, -76, -57, -19)
(9, 0| 152, 163, -19, -75, -57, -18)
(9, 0| 154, 163, -15, -75, -57, -18)
(9, 0| 153, 163, -17, -74, -57, -17)
(9, 0| 153, 163, -17, -73, -57, -16)
(9, 0| 155, 163, -14, -73, -57, -16)
(9, 0| 154, 163, -15, -72, -57, -15)
(9, 0| 154, 163, -15, -71, -57, -14)
(9, 0| 156, 163, -12, -71, -57, -14)
(9, 0| 155, 163, -14, -70, -57, -13)
(9, 0| 157, 163, -10, -70, -57, -13)
(9, 0| 156, 163, -12, -69, -57, -12)
(9, 0| 156, 163, -12, -68, -57, -11)
(9, 0| 158, 163, -8, -68, -57, -11)
(9, 0| 157, 163, -10, -67, -57, -10)
(9, 0| 157, 163, -10, -66, -57, -9)
(9, 0| 159, 163, -7, -66, -57, -9)
(9, 0| 158, 163, -8, -65, -57, -8)
(9, 0| 158, 163, -8, -64, -57, -7)
(9, 0| 160, 163, -5, -64, -57, -7)
(9, 0| 159, 163, -7, -63, -57, -6)
(9, 0| 161, 163, -3, -63, -57, -6)
(9, 0| 160, 163, -5, -62, -57, -5)
(9, 0| 160, 163, -5, -61, -57, -4)
(9, 0| 162, 163, -1, -61, -57, -4)
(9, 0| 161, 163, -3, -60, -57, -3)
(9, 0| 161, 163, -3, -59, -57, -2)
(9, 0| 163, 163, 0, -59, -57, -2)
(9, 0| 162, 163, -1, -58, -57, -1)
(9, 0| 162, 163, -1, -57, -57, 0)
(10, 0| 164, 180, -26, -57, -29, -28)
(10, 0| 163, 180, -28, -56, -29, -27)
(10, 0| 165, 180, -24, -56, -29, -27)
(10, 0| 164, 180, -26, -55, -29, -26)
(10, 0| 164, 180, -26, -54, -29, -25)
(10, 0| 166, 180, -23, -54, -29, -25)
(10, 0| 165, 180, -24, -53, -29, -24)
(10, 0| 165, 180, -24, -52, -29, -23)
(10, 0| 167, 180, -21, -52, -29, -23)
(10, 0| 166, 180, -23, -51, -29, -22)
(10, 0| 168, 180, -19, -51, -29, -22)
(10, 0| 167, 180, -21, -50, -29, -21)
(10, 0| 167, 180, -21, -49, -29, -20)
(10, 0| 169, 180, -18, -49, -29, -20)
(10, 0| 168, 180, -19, -48, -29, -19)
(10, 0| 168, 180, -19, -47, -29, -18)
(10, 0| 170, 180, -16, -47, -29, -18)
(10, 0| 169, 180, -18, -46, -29, -17)
(10, 0| 171, 180, -14, -46, -29, -17)
(10, 0| 170, 180, -16, -45, -29, -16)
(10, 0| 170, 180, -16, -44, -29, -15)
(10, 0| 172, 180, -13, -44, -29, -15)
(10, 0| 171, 180, -14, -43, -29, -14)
(10, 0| 171, 180, -14, -42, -29, -13)
(10, 0| 173, 180, -11, -42, -29, -13)
(10, 0| 172, 180, -13, -41, -29, -12)
(10, 0| 174, 180, -9, -41, -29, -12)
(10, 0| 173, 180, -11, -40, -29, -11)
(10, 0| 173, 180, -11, -39, -29, -10)
(10, 0| 175, 180, -8, -39, -29, -10)
(10, 0| 174, 180, -9, -38, -29, -9)
(10, 0| 174, 180, -9, -37, -29, -8)
(10, 0| 176, 180, -6, -37, -29, -8)
(10, 0| 175, 180, -8, -36, -29, -7)
(10, 0| 177, 180, -4, -36, -29, -7)
(10, 0| 176, 180, -6, -35, -29, -6)
(10, 0| 176, 180, -6, -34, -29, -5)
(10, 0| 178, 180, -3, -34, -29, -5)
(10, 0| 177, 180, -4, -33, -29, -4)
(10, 0| 177, 180, -4, -32, -29, -3)
(10, 0| 179, 180, -1, -32, -29, -3)
(10, 0| 178, 180, -3, -31, -29, -2)
(10, 0| 180, 180, 0, -31, -29, -2)
(10, 0| 179, 180, -1, -30, -29, -1)
(10, 0| 179, 180, -1, -29, -29, 0)
(11, 0| 181, 196, -27, -29, 0, -29)
(11, 0| 180, 196, -29, -28, 0, -28)
(11, 0| 182, 196, -25, -28, 0, -28)
(11, 0| 181, 196, -27, -27, 0, -27)
(11, 0| 181, 196, -27, -26, 0, -26)
(11, 0| 183, 196, -23, -26, 0, -26)
(11, 0| 182, 196, -25, -25, 0, -25)
(11, 0| 182, 196, -25, -24, 0, -24)
(11, 0| 184, 196, -21, -24, 0, -24)
(11, 0| 183, 196, -23, -23, 0, -23)
(11, 0| 183, 196, -23, -22, 0, -22)
(11, 0| 185, 196, -19, -22, 0, -22)
(11, 0| 184, 196, -21, -21, 0, -21)
(11, 0| 184, 196, -21, -20, 0, -20)
(11, 0| 186, 196, -18, -20, 0, -20)
(11, 0| 185, 196, -19, -19, 0, -19)
(11, 0| 185, 196, -19, -18, 0, -18)
(11, 0| 187, 196, -16, -18, 0, -18)
(11, 0| 186, 196, -18, -17, 0, -17)
(11, 0| 188, 196, -14, -17, 0, -17)
(11, 0| 187, 196, -16, -16, 0, -16)
(11, 0| 187, 196, -16, -15, 0, -15)
(11, 0| 189, 196, -12, -15, 0, -15)
(11, 0| 188, 196, -14, -14, 0, -14)
(11, 0| 188, 196, -14, -13, 0, -13)
(11, 0| 190, 196, -10, -13, 0, -13)
(11, 0| 189, 196, -12, -12, 0, -12)
(11, 0| 189, 196, -12, -11, 0, -11)
(11, 0| 191, 196, -9, -11, 0, -11)
(11, 0| 190, 196, -10, -10, 0, -10)
(11, 0| 190, 196, -10, -9, 0, -9)
(11, 0| 192, 196, -7, -9, 0, -9)
(11, 0| 191, 196, -9, -8, 0, -8)
(11, 0| 193, 196, -5, -8, 0, -8)
(11, 0| 192, 196, -7, -7, 0, -7)
(11, 0| 192, 196, -7, -6, 0, -6)
(11, 0| 194, 196, -3, -6, 0, -6)
(11, 0| 193, 196, -5, -5, 0, -5)
(11, 0| 193, 196, -5, -4, 0, -4)
(11, 0| 195, 196, -1, -4, 0, -4)
(11, 0| 194, 196, -3, -3, 0, -3)
(11, 0| 194, 196, -3, -2, 0, -2)
(11, 0| 196, 196, 0, -2, 0, -2)
(11, 0| 195, 196, -1, -1, 0, -1)
(11, 0| 195, 196, -1, 0, 0, 0)
(12, 0| 197, 212, -26, 0, 28, -28)
(12, 0| 196, 212, -28, 1, 28, -27)
(12, 0| 198, 212, -24, 1, 28, -27)
(12, 0| 197, 212, -26, 2, 28, -26)
(12, 0| 197, 212, -26, 3, 28, -25)
(12, 0| 199, 212, -22, 3, 28, -25)
(12, 0| 198, 212, -24, 4, 28, -24)
(12, 0| 198, 212, -24, 5, 28, -23)
(12, 0| 200, 212, -21, 5, 28, -23)
(12, 0| 199, 212, -22, 6, 28, -22)
(12, 0| 199, 212, -22, 7, 28, -21)
(12, 0| 201, 212, -19, 7, 28, -21)
(12, 0| 200, 212, -21, 8, 28, -20)
(12, 0| 202, 212, -17, 8, 28, -20)
(12, 0| 201, 212, -19, 9, 28, -19)
(12, 0| 201, 212, -19, 10, 28, -18)
(12, 0| 203, 212, -15, 10, 28, -18)
(12, 0| 202, 212, -17, 11, 28, -17)
(12, 0| 202, 212, -17, 12, 28, -16)
(12, 0| 204, 212, -14, 12, 28, -16)
(12, 0| 203, 212, -15, 13, 28, -15)
(12, 0| 203, 212, -15, 14, 28, -14)
(12, 0| 205, 212, -12, 14, 28, -14)
(12, 0| 204, 212, -14, 15, 28, -13)
(12, 0| 206, 212, -10, 15, 28, -13)
(12, 0| 205, 212, -12, 16, 28, -12)
(12, 0| 205, 212, -12, 17, 28, -11)
(12, 0| 207, 212, -8, 17, 28, -11)
(12, 0| 206, 212, -10, 18, 28, -10)
(12, 0| 206, 212, -10, 19, 28, -9)
(12, 0| 208, 212, -7, 19, 28, -9)
(12, 0| 207, 212, -8, 20, 28, -8)
(12, 0| 207, 212, -8, 21, 28, -7)
(12, 0| 209, 212, -5, 21, 28, -7)
(12, 0| 208, 212, -7, 22, 28, -6)
(12, 0| 210, 212, -3, 22, 28, -6)
(12, 0| 209, 212, -5, 23, 28, -5)
(12, 0| 209, 212, -5, 24, 28, -4)
(12, 0| 211, 212, -1, 24, 28, -4)
(12, 0| 210, 212, -3, 25, 28, -3)
(12, 0| 210, 212, -3, 26, 28, -2)
(12, 0| 212, 212, 0, 26, 28, -2)
(12, 0| 211, 212, -1, 27, 28, -1)
(12, 0| 211, 212, -1, 28, 28, 0)
(13, 0| 213, 229, -26, 28, 56, -28)
(13, 0| 212, 229, -28, 29, 56, -27)
(13, 0| 214, 229, -24, 29, 56, -27)
(13, 0| 213, 229, -26, 30, 56, -26)
(13, 0| 213, 229, -26, 31, 56, -25)
(13, 0| 215, 229, -23, 31, 56, -25)
(13, 0| 214, 229, -24, 32, 56, -24)
(13, 0| 214, 229, -24, 33, 56, -23)
(13, 0| 216, 229, -21, 33, 56, -23)
(13, 0| 215, 229, -23, 34, 56, -22)
(13, 0| 217, 229, -19, 34, 56, -22)
(13, 0| 216, 229, -21, 35, 56, -21)
(13, 0| 216, 229, -21, 36, 56, -20)
(13, 0| 218, 229, -18, 36, 56, -20)
(13, 0| 217, 229, -19, 37, 56, -19)
(13, 0| 217, 229, -19, 38, 56, -18)
(13, 0| 219, 229, -16, 38, 56, -18)
(13, 0| 218, 229, -18, 39, 56, -17)
(13, 0| 220, 229, -14, 39, 56, -17)
(13, 0| 219, 229, -16, 40, 56, -16)
(13, 0| 219, 229, -16, 41, 56, -15)
(13, 0| 221, 229, -13, 41, 56, -15)
(13, 0| 220, 229, -14, 42, 56, -14)
(13, 0| 220, 229, -14, 43, 56, -13)
(13, 0| 222, 229, -11, 43, 56, -13)
(13, 0| 221, 229, -13, 44, 56, -12)
(13, 0| 223, 229, -9, 44, 56, -12)
(13, 0| 222, 229, -11, 45, 56, -11)
(13, 0| 222, 229, -11, 46, 56, -10)
(13, 0| 224, 229, -8, 46, 56, -10)
(13, 0| 223, 229, -9, 47, 56, -9)
(13, 0| 223, 229, -9, 48, 56, -8)
(13, 0| 225, 229, -6, 48, 56, -8)
(13, 0| 224, 229, -8, 49, 56, -7)
(13, 0| 226, 229, -4, 49, 56, -7)
(13, 0| 225, 229, -6, 50, 56, -6)
(13, 0| 225, 229, -6, 51, 56, -5)
(13, 0| 227, 229, -3, 51, 56, -5)
(13, 0| 226, 229, -4, 52, 56, -4)
(13, 0| 226, 229, -4, 53, 56, -3)
(13, 0| 228, 229, -1, 53, 56, -3)
(13, 0| 227, 229, -3, 54, 56, -2)
(13, 0| 229, 229, 0, 54, 56, -2)
(13, 0| 228, 229, -1, 55, 56, -1)
(13, 0| 228, 229, -1, 56, 56, 0)
(14, 0| 230, 245, -26, 56, 84, -28)
(14, 0| 229, 245, -28, 57, 84, -27)
(14, 0| 231, 245, -24, 57, 84, -27)
(14, 0| 230, 245, -26, 58, 84, -26)
(14, 0| 230, 245, -26, 59, 84, -25)
(14, 0| 232, 245, -22, 59, 84, -25)
(14, 0| 231, 245, -24, 60, 84, -24)
(14, 0| 231, 245, -24, 61, 84, -23)
(14, 0| 233, 245, -21, 61, 84, -23)
(14, 0| 232, 245, -22, 62, 84, -22)
(14, 0| 232, 245, -22, 63, 84, -21)
(14, 0| 234, 245, -19, 63, 84, -21)
(14, 0| 233, 245, -21, 64, 84, -20)
(14, 0| 235, 245, -17, 64, 84, -20)
(14, 0| 234, 245, -19, 65, 84, -19)
(14, 0| 234, 245, -19, 66, 84, -18)
(14, 0| 236, 245, -15, 66, 84, -18)
(14, 0| 235, 245, -17, 67, 84, -17)
(14, 0| 235, 245, -17, 68, 84, -16)
(14, 0| 237, 245, -14, 68, 84, -16)
(14, 0| 236, 245, -15, 69, 84, -15)
(14, 0| 236, 245, -15, 70, 84, -14)
(14, 0| 238, 245, -12, 70, 84, -14)
(14, 0| 237, 245, -14, 71, 84, -13)
(14, 0| 239, 245, -10, 71, 84, -13)
(14, 0| 238, 245, -12, 72, 84, -12)
(14, 0| 238, 245, -12, 73, 84, -11)
(14, 0| 240, 245, -8, 73, 84, -11)
(14, 0| 239, 245, -10, 74, 84, -10)
(14, 0| 239, 245, -10, 75, 84, -9)
(14, 0| 241, 245, -7, 75, 84, -9)
(14, 0| 240, 245, -8, 76, 84, -8)
(14, 0| 240, 245, -8, 77, 84, -7)
(14, 0| 242, 245, -5, 77, 84, -7)
(14, 0| 241, 245, -7, 78, 84, -6)
(14, 0| 243, 245, -3, 78, 84, -6)
(14, 0| 242, 245, -5, 79, 84, -5)
(14, 0| 242, 245, -5, 80, 84, -4)
(14, 0| 244, 245, -1, 80, 84, -4)
(14, 0| 243, 245, -3, 81, 84, -3)
(14, 0| 243, 245, -3, 82, 84, -2)
(14, 0| 245, 245, 0, 82, 84, -2)
(14, 0| 244, 245, -1, 83, 84, -1)
(14, 0| 244, 245, -1, 84, 84, 0)
(15, 0| 246, 261, -27, 84, 113, -29)
(15, 0| 245, 261, -29, 85, 113, -28)
(15, 0| 247, 261, -25, 85, 113, -28)
(15, 0| 246, 261, -27, 86, 113, -27)
(15, 0| 246, 261, -27, 87, 113, -26)
(15, 0| 248, 261, -23, 87, 113, -26)
(15, 0| 247, 261, -25, 88, 113, -25)
(15, 0| 247, 261, -25, 89, 113, -24)
(15, 0| 249, 261, -21, 89, 113, -24)
(15, 0| 248, 261, -23, 90, 113, -23)
(15, 0| 248, 261, -23, 91, 113, -22)
(15, 0| 250, 261, -19, 91, 113, -22)
(15, 0| 249, 261, -21, 92, 113, -21)
(15, 0| 249, 261, -21, 93, 113, -20)
(15, 0| 251, 261, -18, 93, 113, -20)
(15, 0| 250, 261, -19, 94, 113, -19)
(15, 0| 250, 261, -19, 95, 113, -18)
(15, 0| 252, 261, -16, 95, 113, -18)
(15, 0| 251, 261, -18, 96, 113, -17)
(15, 0| 253, 261, -14, 96, 113, -17)
(15, 0| 252, 261, -16, 97, 113, -16)
(15, 0| 252, 261, -16, 98, 113, -15)
(15, 0| 254, 261, -12, 98, 113, -15)
(15, 0| 253, 261, -14, 99, 113, -14)
(15, 0| 253, 261, -14, 100, 113, -13)
(15, 0| 255, 261, -10, 100, 113, -13)
(15, 0| 254, 261, -12, 101, 113, -12)
(15, 0| 254, 261, -12, 102, 113, -11)
(15, 0| 256, 261, -9, 102, 113, -11)
(15, 0| 255, 261, -10, 103, 113, -10)
(15, 0| 255, 261, -10, 104, 113, -9)
(15, 0| 257, 261, -7, 104, 113, -9)
(15, 0| 256, 261, -9, 105, 113, -8)
(15, 0| 258, 261, -5, 105, 113, -8)
(15, 0| 257, 261, -7, 106, 113, -7)
(15, 0| 257, 261, -7, 107, 113, -6)
(15, 0| 259, 261, -3, 107, 113, -6)
(15, 0| 258, 261, -5, 108, 113, -5)
(15, 0| 258, 261, -5, 109, 113, -4)
(15, 0| 260, 261, -1, 109, 113, -4)
(15, 0| 259, 261, -3, 110, 113, -3)
(15, 0| 259, 261, -3, 111, 113, -2)
(15, 0| 261, 261, 0, 111, 113, -2)
(15, 0| 260, 261, -1, 112, 113, -1)
(15, 0| 260, 261, -1, 113, 113, 0)
(16, 0| 262, 278, -26, 113, 141, -28)
(16, 0| 261, 278, -28, 114, 141, -27)
(16, 0| 263, 278, -24, 114, 141, -27)
(16, 0| 262, 278, -26, 115, 141, -26)
(16, 0| 262, 278, -26, 116, 141, -25)
(16, 0| 264, 278, -23, 116, 141, -25)
(16, 0| 263, 278, -24, 117, 141, -24)
(16, 0| 263, 278, -24, 118, 141, -23)
(16, 0| 265, 278, -21, 118, 141, -23)
(16, 0| 264, 278, -23, 119, 141, -22)
(16, 0| 266, 278, -19, 119, 141, -22)
(16, 0| 265, 278, -21, 120, 141, -21)
(16, 0| 265, 278, -21, 121, 141, -20)
(16, 0| 267, 278, -18, 121, 141, -20)
(16, 0| 266, 278, -19, 122, 141, -19)
(16, 0| 266, 278, -19, 123, 141, -18)
(16, 0| 268, 278, -16, 123, 141, -18)
(16, 0| 267, 278, -18, 124, 141, -17)
(16, 0| 269, 278, -14, 124, 141, -17)
(16, 0| 268, 278, -16, 125, 141, -16)
(16, 0| 268, 278, -16, 126, 141, -15)
(16, 0| 270, 278, -13, 126, 141, -15)
(16, 0| 269, 278, -14, 127, 141, -14)
(16, 0| 269, 278, -14, 128, 141, -13)
(16, 0| 271, 278, -11, 128, 141, -13)
(16, 0| 270, 278, -13, 129, 141, -12)
(16, 0| 272, 278, -9, 129, 141, -12)
(16, 0| 271, 278, -11, 130, 141, -11)
(16, 0| 271, 278, -11, 131, 141, -10)
(16, 0| 273, 278, -8, 131, 141, -10)
(16, 0| 272, 278, -9, 132, 141, -9)
(16, 0| 272, 278, -9, 133, 141, -8)
(16, 0| 274, 278, -6, 133, 141, -8)
(16, 0| 273, 278, -8, 134, 141, -7)
(16, 0| 275, 278, -4, 134, 141, -7)
(16, 0| 274, 278, -6, 135, 141, -6)
(16, 0| 274, 278, -6, 136, 141, -5)
(16, 0| 276, 278, -3, 136, 141, -5)
(16, 0| 275, 278, -4, 137, 141, -4)
(16, 0| 275, 278, -4, 138, 141, -3)
(16, 0| 277, 278, -1, 138, 141, -3)
(16, 0| 276, 278, -3, 139, 141, -2)
(16, 0| 278, 278, 0, 139, 141, -2)
(16, 0| 277, 278, -1, 140, 141, -1)
(16, 0| 277, 278, -1, 141, 141, 0)
(17, 0| 279, 294, -26, 141, 169, -28)
(17, 0| 278, 294, -28, 142, 169, -27)
(17, 0| 280, 294, -24, 142, 169, -27)
(17, 0| 279, 294, -26, 143, 169, -26)
(17, 0| 279, 294, -26, 144, 169, -25)
(17, 0| 281, 294, -22, 144, 169, -25)
(17, 0| 280, 294, -24, 145, 169, -24)
(17, 0| 280, 294, -24, 146, 169, -23)
(17, 0| 282, 294, -21, 146, 169, -23)
(17, 0| 281, 294, -22, 147, 169, -22)
(17, 0| 281, 294, -22, 148, 169, -21)
(17, 0| 283, 294, -19, 148, 169, -21)
(17, 0| 282, 294, -21, 149, 169, -20)
(17, 0| 284, 294, -17, 149, 169, -20)
(17, 0| 283, 294, -19, 150, 169, -19)
(17, 0| 283, 294, -19, 151, 169, -18)
(17, 0| 285, 294, -15, 151, 169, -18)
(17, 0| 284, 294, -17, 152, 169, -17)
(17, 0| 284, 294, -17, 153, 169, -16)
(17, 0| 286, 294, -14, 153, 169, -16)
(17, 0| 285, 294, -15, 154, 169, -15)
(17, 0| 285, 294, -15, 155, 169, -14)
(17, 0| 287, 294, -12, 155, 169, -14)
(17, 0| 286, 294, -14, 156, 169, -13)
(17, 0| 288, 294, -10, 156, 169, -13)
(17, 0| 287, 294, -12, 157, 169, -12)
(17, 0| 287, 294, -12, 158, 169, -11)
(17, 0| 289, 294, -8, 158, 169, -11)
(17, 0| 288, 294, -10, 159, 169, -10)
(17, 0| 288, 294, -10, 160, 169, -9)
(17, 0| 290, 294, -7, 160, 169, -9)
(17, 0| 289, 294, -8, 161, 169, -8)
(17, 0| 289, 294, -8, 162, 169, -7)
(17, 0| 291, 294, -5, 162, 169, -7)
(17, 0| 290, 294, -7, 163, 169, -6)
(17, 0| 292, 294, -3, 163, 169, -6)
(17, 0| 291, 294, -5, 164, 169, -5)
(17, 0| 291, 294, -5, 165, 169, -4)
(17, 0| 293, 294, -1, 165, 169, -4)
(17, 0| 292, 294, -3, 166, 169, -3)
(17, 0| 292, 294, -3, 167, 169, -2)
(17, 0| 294, 294, 0, 167, 169, -2)
(17, 0| 293, 294, -1, 168, 169, -1)
(17, 0| 293, 294, -1, 169, 169, 0)
(0, 1| -28, -13, -26, -322, -294, -28)
(0, 1| -29, -13, -28, -321, -294, -27)
(0, 1| -27, -13, -24, -321, -294, -27)
(0, 1| -28, -13, -26, -320, -294, -26)
(0, 1| -28, -13, -26, -319, -294, -25)
(0, 1| -26, -13, -22, -319, -294, -25)
(0, 1| -27, -13, -24, -318, -294, -24)
(0, 1| -27, -13, -24, -317, -294, -23)
(0, 1| -25, -13, -21, -317, -294, -23)
(0, 1| -26, -13, -22, -316, -294, -22)
(0, 1| -26, -13, -22, -315, -294, -21)
(0, 1| -24, -13, -19, -315, -294, -21)
(0, 1| -25, -13, -21, -314, -294, -20)
(0, 1| -23, -13, -17, -314, -294, -20)
(0, 1| -24, -13, -19, -313, -294, -19)
(0, 1| -24, -13, -19, -312, -294, -18)
(0, 1| -22, -13, -15, -312, -294, -18)
(0, 1| -23, -13, -17, -311, -294, -17)
(0, 1| -23, -13, -17, -310, -294, -16)
(0, 1| -21, -13, -14, -310, -294, -16)
(0, 1| -22, -13, -15, -309, -294, -15)
(0, 1| -22, -13, -15, -308, -294, -14)
(0, 1| -20, -13, -12, -308, -294, -14)
(0, 1| -21, -13, -14, -307, -294, -13)
(0, 1| -19, -13, -10, -307, -294, -13)
(0, 1| -20, -13, -12, -306, -294, -12)
(0, 1| -20, -13, -12, -305, -294, -11)
(0, 1| -18, -13, -8, -305, -294, -11)
(0, 1| -19, -13, -10, -304, -294, -10)
(0, 1| -19, -13, -10, -303, -294, -9)
(0, 1| -17, -13, -7, -303, -294, -9)
(0, 1| -18, -13, -8, -302, -294, -8)
(0, 1| -18, -13, -8, -301, -294, -7)
(0, 1| -16, -13, -5, -301, -294, -7)
(0, 1| -17, -13, -7, -300, -294, -6)
(0, 1| -15, -13, -3, -300, -294, -6)
(0, 1| -16, -13, -5, -299, -294, -5)
(0, 1| -16, -13, -5, -298, -294, -4)
(0, 1| -14, -13, -1, -298, -294, -4)
(0, 1| -15, -13, -3, -297, -294, -3)
(0, 1| -15, -13, -3, -296, -294, -2)
(0, 1| -13, -13, 0, -296, -294, -2)
(0, 1| -14, -13, -1, -295, -294, -1)
(0, 1| -14, -13, -1, -294, -294, 0)
(1, 1| -12, 4, -26, -294, -266, -28)
(1, 1| -13, 4, -28, -293, -266, -27)
(1, 1| -11, 4, -24, -293, -266, -27)
(1, 1| -12, 4, -26, -292, -266, -26)
(1, 1| -12, 4, -26, -291, -266, -25)
(1, 1| -10, 4, -23, -291, -266, -25)
(1, 1| -11, 4, -24, -290, -266, -24)
(1, 1| -11, 4, -24, -289, -266, -23)
(1, 1| -9, 4, -21, -289, -266, -23)
(1, 1| -10, 4, -23, -288, -266, -22)
(1, 1| -8, 4, -19, -288, -266, -22)
(1, 1| -9, 4, -21, -287, -266, -21)
(1, 1| -9, 4, -21, -286, -266, -20)
(1, 1| -7, 4, -18, -286, -266, -20)
(1, 1| -8, 4, -19, -285, -266, -19)
(1, 1| -8, 4, -19, -284, -266, -18)
(1, 1| -6, 4, -16, -284, -266, -18)
(1, 1| -7, 4, -18, -283, -266, -17)
(1, 1| -5, 4, -14, -283, -266, -17)
(1, 1| -6, 4, -16, -282, -266, -16)
(1, 1| -6, 4, -16, -281, -266, -15)
(1, 1| -4, 4, -13, -281, -266, -15)
(1, 1| -5, 4, -14, -280, -266, -14)
(1, 1| -5, 4, -14, -279, -266, -13)
(1, 1| -3, 4, -11, -279, -266, -13)
(1, 1| -4, 4, -13, -278, -266, -12)
(1, 1| -2, 4, -9, -278, -266, -12)
(1, 1| -3, 4, -11, -277, -266, -11)
(1, 1| -3, 4, -11, -276, -266, -10)
(1, 1| -1, 4, -8, -276, -266, -10)
(1, 1| -2, 4, -9, -275, -266, -9)
(1, 1| -2, 4, -9, -274, -266, -8)
(1, 1| 0, 4, -6, -274, -266, -8)
(1, 1| -1, 4, -8, -273, -266, -7)
(1, 1| 1, 4, -4, -273, -266, -7)
(1, 1| 0, 4, -6, -272, -266, -6)
(1, 1| 0, 4, -6, -271, -266, -5)
(1, 1| 2, 4, -3, -271, -266, -5)
(1, 1| 1, 4, -4, -270, -266, -4)
(1, 1| 1, 4, -4, -269, -266, -3)
(1, 1| 3, 4, -1, -269, -266, -3)
(1, 1| 2, 4, -3, -268, -266, -2)
(1, 1| 4, 4, 0, -268, -266, -2)
(1, 1| 3, 4, -1, -267, -266, -1)
(1, 1| 3, 4, -1, -266, -266, 0)
(2, 1| 5, 20, -27, -266, -237, -29)
(2, 1| 4, 20, -29, -265, -237, -28)
(2, 1| 6, 20, -25, -265, -237, -28)
(2, 1| 5, 20, -27, -264, -237, -27)
(2, 1| 5, 20, -27, -263, -237, -26)
(2, 1| 7, 20, -23, -263, -237, -26)
(2, 1| 6, 20, -25, -262, -237, -25)
(2, 1| 6, 20, -25, -261, -237, -24)
(2, 1| 8, 20, -21, -261, -237, -24)
(2, 1| 7, 20, -23, -260, -237, -23)
(2, 1| 7, 20, -23, -259, -237, -22)
(2, 1| 9, 20, -19, -259, -237, -22)
(2, 1| 8, 20, -21, -258, -237, -21)
(2, 1| 8, 20, -21, -257, -237, -20)
(2, 1| 10, 20, -18, -257, -237, -20)
(2, 1| 9, 20, -19, -256, -237, -19)
(2, 1| 9, 20, -19, -255, -237, -18)
(2, 1| 11, 20, -16, -255, -237, -18)
(2, 1| 10, 20, -18, -254, -237, -17)
(2, 1| 12, 20, -14, -254, -237, -17)
(2, 1| 11, 20, -16, -253, -237, -16)
(2, 1| 11, 20, -16, -252, -237, -15)
(2, 1| 13, 20, -12, -252, -237, -15)
(2, 1| 12, 20, -14, -251, -237, -14)
(2, 1| 12, 20, -14, -250, -237, -13)
(2, 1| 14, 20, -10, -250, -237, -13)
(2, 1| 13, 20, -12, -249, -237, -12)
(2, 1| 13, 20, -12, -248, -237, -11)
(2, 1| 15, 20, -9, -248, -237, -11)
(2, 1| 14, 20, -10, -247, -237, -10)
(2, 1| 14, 20, -10, -246, -237, -9)
(2, 1| 16, 20, -7, -246, -237, -9)
(2, 1| 15, 20, -9, -245, -237, -8)
(2, 1| 17, 20, -5, -245, -237, -8)
(2, 1| 16, 20, -7, -244, -237, -7)
(2, 1| 16, 20, -7, -243, -237, -6)
(2, 1| 18, 20, -3, -243, -237, -6)
(2, 1| 17, 20, -5, -242, -237, -5)
(2, 1| 17, 20, -5, -241, -237, -4)
(2, 1| 19, 20, -1, -241, -237, -4)
(2, 1| 18, 20, -3, -240, -237, -3)
(2, 1| 18, 20, -3, -239, -237, -2)
(2, 1| 20, 20, 0, -239, -237, -2)
(2, 1| 19, 20, -1, -238, -237, -1)
(2, 1| 19, 20, -1, -237, -237, 0)
(3, 1| 21, 36, -26, -237, -209, -28)
(3, 1| 20, 36, -28, -236, -209, -27)
(3, 1| 22, 36, -24, -236, -209, -27)
(3, 1| 21, 36, -26, -235, -209, -26)
(3, 1| 21, 36, -26, -234, -209, -25)
(3, 1| 23, 36, -22, -234, -209, -25)
(3, 1| 22, 36, -24, -233, -209, -24)
(3, 1| 22, 36, -24, -232, -209, -23)
(3, 1| 24, 36, -21, -232, -209, -23)
(3, 1| 23, 36, -22, -231, -209, -22)
(3, 1| 23, 36, -22, -230, -209, -21)
(3, 1| 25, 36, -19, -230, -209, -21)
(3, 1| 24, 36, -21, -229, -209, -20)
(3, 1| 26, 36, -17, -229, -209, -20)
(3, 1| 25, 36, -19, -228, -209, -19)
(3, 1| 25, 36, -19, -227, -209, -18)
(3, 1| 27, 36, -15, -227, -209, -18)
(3, 1| 26, 36, -17, -226, -209, -17)
(3, 1| 26, 36, -17, -225, -209, -16)
(3, 1| 28, 36, -14, -225, -209, -16)
(3, 1| 27, 36, -15, -224, -209, -15)
(3, 1| 27, 36, -15, -223, -209, -14)
(3, 1| 29, 36, -12, -223, -209, -14)
(3, 1| 28, 36, -14, -222, -209, -13)
(3, 1| 30, 36, -10, -222, -209, -13)
(3, 1| 29, 36, -12, -221, -209, -12)
(3, 1| 29, 36, -12, -220, -209, -11)
(3, 1| 31, 36, -8, -220, -209, -11)
(3, 1| 30, 36, -10, -219, -209, -10)
(3, 1| 30, 36, -10, -218, -209, -9)
(3, 1| 32, 36, -7, -218, -209, -9)
(3, 1| 31, 36, -8, -217, -209, -8)
(3, 1| 31, 36, -8, -216, -209, -7)
(3, 1| 33, 36, -5, -216, -209, -7)
(3, 1| 32, 36, -7, -215, -209, -6)
(3, 1| 34, 36, -3, -215, -209, -6)
(3, 1| 33, 36, -5, -214, -209, -5)
(3, 1| 33, 36, -5, -213, -209, -4)
(3, 1| 35, 36, -1, -213, -209, -4)
(3, 1| 34, 36, -3, -212, -209, -3)
(3, 1| 34, 36, -3, -211, -209, -2)
(3, 1| 36, 36, 0, -211, -209, -2)
(3, 1| 35, 36, -1, -210, -209, -1)
(3, 1| 35, 36, -1, -209, -209, 0)
(4, 1| 37, 53, -26, -209, -181, -28)
(4, 1| 36, 53, -28, -208, -181, -27)
(4, 1| 38, 53, -24, -208, -181, -27)
(4, 1| 37, 53, -26, -207, -181, -26)
(4, 1| 37, 53, -26, -206, -181, -25)
(4, 1| 39, 53, -23, -206, -181, -25)
(4, 1| 38, 53, -24, -205, -181, -24)
(4, 1| 38, 53, -24, -204, -181, -23)
(4, 1| 40, 53, -21, -204, -181, -23)
(4, 1| 39, 53, -23, -203, -181, -22)
(4, 1| 41, 53, -19, -203, -181, -22)
(4, 1| 40, 53, -21, -202, -181, -21)
(4, 1| 40, 53, -21, -201, -181, -20)
(4, 1| 42, 53, -18, -201, -181, -20)
(4, 1| 41, 53, -19, -200, -181, -19)
(4, 1| 41, 53, -19, -199, -181, -18)
(4, 1| 43, 53, -16, -199, -181, -18)
(4, 1| 42, 53, -18, -198, -181, -17)
(4, 1| 44, 53, -14, -198, -181, -17)
(4, 1| 43, 53, -16, -197, -181, -16)
(4, 1| 43, 53, -16, -196, -181, -15)
(4, 1| 45, 53, -13, -196, -181, -15)
(4, 1| 44, 53, -14, -195, -181, -14)
(4, 1| 44, 53, -14, -194, -181, -13)
(4, 1| 46, 53, -11, -194, -181, -13)
(4, 1| 45, 53, -13, -193, -181, -12)
(4, 1| 47, 53, -9, -193, -181, -12)
(4, 1| 46, 53, -11, -192, -181, -11)
(4, 1| 46, 53, -11, -191, -181, -10)
(4, 1| 48, 53, -8, -191, -181, -10)
(4, 1| 47, 53, -9, -190, -181, -9)
(4, 1| 47, 53, -9, -189, -181, -8)
(4, 1| 49, 53, -6, -189, -181, -8)
(4, 1| 48, 53, -8, -188, -181, -7)
(4, 1| 50, 53, -4, -188, -181, -7)
(4, 1| 49, 53, -6, -187, -181, -6)
(4, 1| 49, 53, -6, -186, -181, -5)
(4, 1| 51, 53, -3, -186, -181, -5)
(4, 1| 50, 53, -4, -185, -181, -4)
(4, 1| 50, 53, -4, -184, -181, -3)
(4, 1| 52, 53, -1, -184, -181, -3)
(4, 1| 51, 53, -3, -183, -181, -2)
(4, 1| 53, 53, 0, -183, -181, -2)
(4, 1| 52, 53, -1, -182, -181, -1)
(4, 1| 52, 53, -1, -181, -181, 0)
(5, 1| 54, 69, -26, -181, -153, -28)
(5, 1| 53, 69, -28, -180, -153, -27)
(5, 1| 55, 69, -24, -180, -153, -27)
(5, 1| 54, 69, -26, -179, -153, -26)
(5, 1| 54, 69, -26, -178, -153, -25)
(5, 1| 56, 69, -22, -178, -153, -25)
(5, 1| 55, 69, -24, -177, -153, -24)
(5, 1| 55, 69, -24, -176, -153, -23)
(5, 1| 57, 69, -21, -176, -153, -23)
(5, 1| 56, 69, -22, -175, -153, -22)
(5, 1| 56, 69, -22, -174, -153, -21)
(5, 1| 58, 69, -19, -174, -153, -21)
(5, 1| 57, 69, -21, -173, -153, -20)
(5, 1| 59, 69, -17, -173, -153, -20)
(5, 1| 58, 69, -19, -172, -153, -19)
(5, 1| 58, 69, -19, -171, -153, -18)
(5, 1| 60, 69, -15, -171, -153, -18)
(5, 1| 59, 69, -17, -170, -153, -17)
(5, 1| 59, 69, -17, -169, -153, -16)
(5, 1| 61, 69, -14, -169, -153, -16)
(5, 1| 60, 69, -15, -168, -153, -15)
(5, 1| 60, 69, -15, -167, -153, -14)
(5, 1| 62, 69, -12, -167, -153, -14)
(5, 1| 61, 69, -14, -166, -153, -13)
(5, 1| 63, 69, -10, -166, -153, -13)
(5, 1| 62, 69, -12, -165, -153, -12)
(5, 1| 62, 69, -12, -164, -153, -11)
(5, 1| 64, 69, -8, -164, -153, -11)
(5, 1| 63, 69, -10, -163, -153, -10)
(5, 1| 63, 69, -10, -162, -153, -9)
(5, 1| 65, 69, -7, -162, -153, -9)
(5, 1| 64, 69, -8, -161, -153, -8)
(5, 1| 64, 69, -8, -160, -153, -7)
(5, 1| 66, 69, -5, -160, -153, -7)
(5, 1| 65, 69, -7, -159, -153, -6)
(5, 1| 67, 69, -3, -159, -153, -6)
(5, 1| 66, 69, -5, -158, -153, -5)
(5, 1| 66, 69, -5, -157, -153, -4)
(5, 1| 68, 69, -1, -157, -153, -4)
(5, 1| 67, 69, -3, -156, -153, -3)
(5, 1| 67, 69, -3, -155, -153, -2)
(5, 1| 69, 69, 0, -155, -153, -2)
(5, 1| 68, 69, -1, -154, -153, -1)
(5, 1| 68, 69, -1, -153, -153, 0)
(6, 1| 70, 85, -27, -153, -124, -29)
(6, 1| 69, 85, -29, -152, -124, -28)
(6, 1| 71, 85, -25, -152, -124, -28)
(6, 1| 70, 85, -27, -151, -124, -27)
(6, 1| 70, 85, -27, -150, -124, -26)
(6, 1| 72, 85, -23, -150, -124, -26)
(6, 1| 71, 85, -25, -149, -124, -25)
(6, 1| 71, 85, -25, -148, -124, -24)
(6, 1| 73, 85, -21, -148, -124, -24)
(6, 1| 72, 85, -23, -147, -124, -23)
(6, 1| 72, 85, -23, -146, -124, -22)
(6, 1| 74, 85, -19, -146, -124, -22)
(6, 1| 73, 85, -21, -145, -124, -21)
(6, 1| 73, 85, -21, -144, -124, -20)
(6, 1| 75, 85, -18, -144, -124, -20)
(6, 1| 74, 85, -19, -143, -124, -19)
(6, 1| 74, 85, -19, -142, -124, -18)
(6, 1| 76, 85, -16, -142, -124, -18)
(6, 1| 75, 85, -18, -141, -124, -17)
(6, 1| 77, 85, -14, -141, -124, -17)
(6, 1| 76, 85, -16, -140, -124, -16)
(6, 1| 76, 85, -16, -139, -124, -15)
(6, 1| 78, 85, -12, -139, -124, -15)
(6, 1| 77, 85, -14, -138, -124, -14)
(6, 1| 77, 85, -14, -137, -124, -13)
(6, 1| 79, 85, -10, -137, -124, -13)
(6, 1| 78, 85, -12, -136, -124, -12)
(6, 1| 78, 85, -12, -135, -124, -11)
(6, 1| 80, 85, -9, -135, -124, -11)
(6, 1| 79, 85, -10, -134, -124, -10)
(6, 1| 79, 85, -10, -133, -124, -9)
(6, 1| 81, 85, -7, -133, -124, -9)
(6, 1| 80, 85, -9, -132, -124, -8)
(6, 1| 82, 85, -5, -132, -124, -8)
(6, 1| 81, 85, -7, -131, -124, -7)
(6, 1| 81, 85, -7, -130, -124, -6)
(6, 1| 83, 85, -3, -130, -124, -6)
(6, 1| 82, 85, -5, -129, -124, -5)
(6, 1| 82, 85, -5, -128, -124, -4)
(6, 1| 84, 85, -1, -128, -124, -4)
(6, 1| 83, 85, -3, -127, -124, -3)
(6, 1| 83, 85, -3, -126, -124, -2)
(6, 1| 85, 85, 0, -126, -124, -2)
(6, 1| 84, 85, -1, -125, -124, -1)
(6, 1| 84, 85, -1, -124, -124, 0)
(7, 1| 86, 102, -26, -124, -96, -28)
(7, 1| 85, 102, -28, -123, -96, -27)
(7, 1| 87, 102, -24, -123, -96, -27)
(7, 1| 86, 102, -26, -122, -96, -26)
(7, 1| 86, 102, -26, -121, -96, -25)
(7, 1| 88, 102, -23, -121, -96, -25)
(7, 1| 87, 102, -24, -120, -96, -24)
(7, 1| 87, 102, -24, -119, -96, -23)
(7, 1| 89, 102, -21, -119, -96, -23)
(7, 1| 88, 102, -23, -118, -96, -22)
(7, 1| 90, 102, -19, -118, -96, -22)
(7, 1| 89, 102, -21, -117, -96, -21)
(7, 1| 89, 102, -21, -116, -96, -20)
(7, 1| 91, 102, -18, -116, -96, -20)
(7, 1| 90, 102, -19, -115, -96, -19)
(7, 1| 90, 102, -19, -114, -96, -18)
(7, 1| 92, 102, -16, -114, -96, -18)
(7, 1| 91, 102, -18, -113, -96, -17)
(7, 1| 93, 102, -14, -113, -96, -17)
(7, 1| 92, 102, -16, -112, -96, -16)
(7, 1| 92, 102, -16, -111, -96, -15)
(7, 1| 94, 102, -13, -111, -96, -15)
(7, 1| 93, 102, -14, -110, -96, -14)
(7, 1| 93, 102, -14, -109, -96, -13)
(7, 1| 95, 102, -11, -109, -96, -13)
(7, 1| 94, 102, -13, -108, -96, -12)
(7, 1| 96, 102, -9, -108, -96, -12)
(7, 1| 95, 102, -11, -107, -96, -11)
(7, 1| 95, 102, -11, -106, -96, -10)
(7, 1| 97, 102, -8, -106, -96, -10)
(7, 1| 96, 102, -9, -105, -96, -9)
(7, 1| 96, 102, -9, -104, -96, -8)
(7, 1| 98, 102, -6, -104, -96, -8)
(7, 1| 97, 102, -8, -103, -96, -7)
(7, 1| 99, 102, -4, -103, -96, -7)
(7, 1| 98, 102, -6, -102, -96, -6)
(7, 1| 98, 102, -6, -101, -96, -5)
(7, 1| 100, 102, -3, -101, -96, -5)
(7, 1| 99, 102, -4, -100, -96, -4)
(7, 1| 99, 102, -4, -99, -96, -3)
(7, 1| 101, 102, -1, -99, -96, -3)
(7, 1| 100, 102, -3, -98, -96, -2)
(7, 1| 102, 102, 0, -98, -96, -2)
(7, 1| 101, 102, -1, -97, -96, -1)
(7, 1| 101, 102, -1, -96, -96, 0)
(8, 1| 103, 118, -26, -96, -68, -28)
(8, 1| 102, 118, -28, -95, -68, -27)
(8, 1| 104, 118, -24, -95, -68, -27)
(8, 1| 103, 118, -26, -94, -68, -26)
(8, 1| 103, 118, -26, -93, -68, -25)
(8, 1| 105, 118, -22, -93, -68, -25)
(8, 1| 104, 118, -24, -92, -68, -24)
(8, 1| 104, 118, -24, -91, -68, -23)
(8, 1| 106, 118, -21, -91, -68, -23)
(8, 1| 105, 118, -22, -90, -68, -22)
(8, 1| 105, 118, -22, -89, -68, -21)
(8, 1| 107, 118, -19, -89, -68, -21)
(8, 1| 106, 118, -21, -88, -68, -20)
(8, 1| 108, 118, -17, -88, -68, -20)
(8, 1| 107, 118, -19, -87, -68, -19)
(8, 1| 107, 118, -19, -86, -68, -18)
(8, 1| 109, 118, -15, -86, -68, -18)
(8, 1| 108, 118, -17, -85, -68, -17)
(8, 1| 108, 118, -17, -84, -68, -16)
(8, 1| 110, 118, -14, -84, -68, -16)
(8, 1| 109, 118, -15, -83, -68, -15)
(8, 1| 109, 118, -15, -82, -68, -14)
(8, 1| 111, 118, -12, -82, -68, -14)
(8, 1| 110, 118, -14, -81, -68, -13)
(8, 1| 112, 118, -10, -81, -68, -13)
(8, 1| 111, 118, -12, -80, -68, -12)
(8, 1| 111, 118, -12, -79, -68, -11)
(8, 1| 113, 118, -8, -79, -68, -11)
(8, 1| 112, 118, -10, -78, -68, -10)
(8, 1| 112, 118, -10, -77, -68, -9)
(8, 1| 114, 118, -7, -77, -68, -9)
(8, 1| 113, 118, -8, -76, -68, -8)
(8, 1| 113, 118, -8, -75, -68, -7)
(8, 1| 115, 118, -5, -75, -68, -7)
(8, 1| 114, 118, -7, -74, -68, -6)
(8, 1| 116, 118, -3, -74, -68, -6)
(8, 1| 115, 118, -5, -73, -68, -5)
(8, 1| 115, 118, -5, -72, -68, -4)
(8, 1| 117, 118, -1, -72, -68, -4)
(8, 1| 116, 118, -3, -71, -68, -3)
(8, 1| 116, 118, -3, -70, -68, -2)
(8, 1| 118, 118, 0, -70, -68, -2)
(8, 1| 117, 118, -1, -69, -68, -1)
(8, 1| 117, 118, -1, -68, -68, 0)
(9, 1| 119, 134, -26, -68, -40, -28)
(9, 1| 118, 134, -28, -67, -40, -27)
(9, 1| 120, 134, -24, -67, -40, -27)
(9, 1| 119, 134, -26, -66, -40, -26)
(9, 1| 119, 134, -26, -65, -40, -25)
(9, 1| 121, 134, -22, -65, -40, -25)
(9, 1| 120, 134, -24, -64, -40, -24)
(9, 1| 120, 134, -24, -63, -40, -23)
(9, 1| 122, 134, -21, -63, -40, -23)
(9, 1| 121, 134, -22, -62, -40, -22)
(9, 1| 121, 134, -22, -61, -40, -21)
(9, 1| 123, 134, -19, -61, -40, -21)
(9, 1| 122, 134, -21, -60, -40, -20)
(9, 1| 124, 134, -17, -60, -40, -20)
(9, 1| 123, 134, -19, -59, -40, -19)
(9, 1| 123, 134, -19, -58, -40, -18)
(9, 1| 125, 134, -15, -58, -40, -18)
(9, 1| 124, 134, -17, -57, -40, -17)
(9, 1| 124, 134, -17, -56, -40, -16)
(9, 1| 126, 134, -14, -56, -40, -16)
(9, 1| 125, 134, -15, -55, -40, -15)
(9, 1| 125, 134, -15, -54, -40, -14)
(9, 1| 127, 134, -12, -54, -40, -14)
(9, 1| 126, 134, -14, -53, -40, -13)
(9, 1| 128, 134, -10, -53, -40, -13)
(9, 1| 127, 134, -12, -52, -40, -12)
(9, 1| 127, 134, -12, -51, -40, -11)
(9, 1| 129, 134, -8, -51, -40, -11)
(9, 1| 128, 134, -10, -50, -40, -10)
(9, 1| 128, 134, -10, -49, -40, -9)
(9, 1| 130, 134, -7, -49, -40, -9)
(9, 1| 129, 134, -8, -48, -40, -8)
(9, 1| 129, 134, -8, -47, -40, -7)
(9, 1| 131, 134, -5, -47, -40, -7)
(9, 1| 130, 134, -7, -46, -40, -6)
(9, 1| 132, 134, -3, -46, -40, -6)
(9, 1| 131, 134, -5, -45, -40, -5)
(9, 1| 131, 134, -5, -44, -40, -4)
(9, 1| 133, 134, -1, -44, -40, -4)
(9, 1| 132, 134, -3, -43, -40, -3)
(9, 1| 132, 134, -3, -42, -40, -2)
(9, 1| 134, 134, 0, -42, -40, -2)
(9, 1| 133, 134, -1, -41, -40, -1)
(9, 1| 133, 134, -1, -40, -40, 0)
(10, 1| 135, 151, -26, -40, -12, -28)
(10, 1| 134, 151, -28, -39, -12, -27)
(10, 1| 136, 151, -24, -39, -12, -27)
(10, 1| 135, 151, -26, -38, -12, -26)
(10, 1| 135, 151, -26, -37, -12, -25)
(10, 1| 137, 151, -23, -37, -12, -25)
(10, 1| 136, 151, -24, -36, -12, -24)
(10, 1| 136, 151, -24, -35, -12, -23)
(10, 1| 138, 151, -21, -35, -12, -23)
(10, 1| 137, 151, -23, -34, -12, -22)
(10, 1| 139, 151, -19, -34, -12, -22)
(10, 1| 138, 151, -21, -33, -12, -21)
(10, 1| 138, 151, -21, -32, -12, -20)
(10, 1| 140, 151, -18, -32, -12, -20)
(10, 1| 139, 151, -19, -31, -12, -19)
(10, 1| 139, 151, -19, -30, -12, -18)
(10, 1| 141, 151, -16, -30, -12, -18)
(10, 1| 140, 151, -18, -29, -12, -17)
(10, 1| 142, 151, -14, -29, -12, -17)
(10, 1| 141, 151, -16, -28, -12, -16)
(10, 1| 141, 151, -16, -27, -12, -15)
(10, 1| 143, 151, -13, -27, -12, -15)
(10, 1| 142, 151, -14, -26, -12, -14)
(10, 1| 142, 151, -14, -25, -12, -13)
(10, 1| 144, 151, -11, -25, -12, -13)
(10, 1| 143, 151, -13, -24, -12, -12)
(10, 1| 145, 151, -9, -24, -12, -12)
(10, 1| 144, 151, -11, -23, -12, -11)
(10, 1| 144, 151, -11, -22, -12, -10)
(10, 1| 146, 151, -8, -22, -12, -10)
(10, 1| 145, 151, -9, -21, -12, -9)
(10, 1| 145, 151, -9, -20, -12, -8)
(10, 1| 147, 151, -6, -20, -12, -8)
(10, 1| 146, 151, -8, -19, -12, -7)
(10, 1| 148, 151, -4, -19, -12, -7)
(10, 1| 147, 151, -6, -18, -12, -6)
(10, 1| 147, 151, -6, -17, -12, -5)
(10, 1| 149, 151, -3, -17, -12, -5)
(10, 1| 148, 151, -4, -16, -12, -4)
(10, 1| 148, 151, -4, -15, -12, -3)
(10, 1| 150, 151, -1, -15, -12, -3)
(10, 1| 149, 151, -3, -14, -12, -2)
(10, 1| 151, 151, 0, -14, -12, -2)
(10, 1| 150, 151, -1, -13, -12, -1)
(10, 1| 150, 151, -1, -12, -12, 0)
(11, 1| 152, 167, -27, -12, 17, -29)
(11, 1| 151, 167, -29, -11, 17, -28)
(11, 1| 153, 167, -25, -11, 17, -28)
(11, 1| 152, 167, -27, -10, 17, -27)
(11, 1| 152, 167, -27, -9, 17, -26)
(11, 1| 154, 167, -23, -9, 17, -26)
(11, 1| 153, 167, -25, -8, 17, -25)
(11, 1| 153, 167, -25, -7, 17, -24)
(11, 1| 155, 167, -21, -7, 17, -24)
(11, 1| 154, 167, -23, -6, 17, -23)
(11, 1| 154, 167, -23, -5, 17, -22)
(11, 1| 156, 167, -19, -5, 17, -22)
(11, 1| 155, 167, -21, -4, 17, -21)
(11, 1| 155, 167, -21, -3, 17, -20)
(11, 1| 157, 167, -18, -3, 17, -20)
(11, 1| 156, 167, -19, -2, 17, -19)
(11, 1| 156, 167, -19, -1, 17, -18)
(11, 1| 158, 167, -16, -1, 17, -18)
(11, 1| 157, 167, -18, 0, 17, -17)
(11, 1| 159, 167, -14, 0, 17, -17)
(11, 1| 158, 167, -16, 1, 17, -16)
(11, 1| 158, 167, -16, 2, 17, -15)
(11, 1| 160, 167, -12, 2, 17, -15)
(11, 1| 159, 167, -14, 3, 17, -14)
(11, 1| 159, 167, -14, 4, 17, -13)
(11, 1| 161, 167, -10, 4, 17, -13)
(11, 1| 160, 167, -12, 5, 17, -12)
(11, 1| 160, 167, -12, 6, 17, -11)
(11, 1| 162, 167, -9, 6, 17, -11)
(11, 1| 161, 167, -10, 7, 17, -10)
(11, 1| 161, 167, -10, 8, 17, -9)
(11, 1| 163, 167, -7, 8, 17, -9)
(11, 1| 162, 167, -9, 9, 17, -8)
(11, 1| 164, 167, -5, 9, 17, -8)
(11, 1| 163, 167, -7, 10, 17, -7)
(11, 1| 163, 167, -7, 11, 17, -6)
(11, 1| 165, 167, -3, 11, 17, -6)
(11, 1| 164, 167, -5, 12, 17, -5)
(11, 1| 164, 167, -5, 13, 17, -4)
(11, 1| 166, 167, -1, 13, 17, -4)
(11, 1| 165, 167, -3, 14, 17, -3)
(11, 1| 165, 167, -3, 15, 17, -2)
(11, 1| 167, 167, 0, 15, 17, -2)
(11, 1| 166, 167, -1, 16, 17, -1)
(11, 1| 166, 167, -1, 17, 17, 0)
(12, 1| 168, 183, -26, 17, 45, -28)
(12, 1| 167, 183, -28, 18, 45, -27)
(12, 1| 169, 183, -24, 18, 45, -27)
(12, 1| 168, 183, -26, 19, 45, -26)
(12, 1| 168, 183, -26, 20, 45, -25)
(12, 1| 170, 183, -22, 20, 45, -25)
(12, 1| 169, 183, -24, 21, 45, -24)
(12, 1| 169, 183, -24, 22, 45, -23)
(12, 1| 171, 183, -21, 22, 45, -23)
(12, 1| 170, 183, -22, 23, 45, -22)
(12, 1| 170, 183, -22, 24, 45, -21)
(12, 1| 172, 183, -19, 24, 45, -21)
(12, 1| 171, 183, -21, 25, 45, -20)
(12, 1| 173, 183, -17, 25, 45, -20)
(12, 1| 172, 183, -19, 26, 45, -19)
(12, 1| 172, 183, -19, 27, 45, -18)
(12, 1| 174, 183, -15, 27, 45, -18)
(12, 1| 173, 183, -17, 28, 45, -17)
(12, 1| 173, 183, -17, 29, 45, -16)
(12, 1| 175, 183, -14, 29, 45, -16)
(12, 1| 174, 183, -15, 30, 45, -15)
(12, 1| 174, 183, -15, 31, 45, -14)
(12, 1| 176, 183, -12, 31, 45, -14)
(12, 1| 175, 183, -14, 32, 45, -13)
(12, 1| 177, 183, -10, 32, 45, -13)
(12, 1| 176, 183, -12, 33, 45, -12)
(12, 1| 176, 183, -12, 34, 45, -11)
(12, 1| 178, 183, -8, 34, 45, -11)
(12, 1| 177, 183, -10, 35, 45, -10)
(12, 1| 177, 183, -10, 36, 45, -9)
(12, 1| 179, 183, -7, 36, 45, -9)
(12, 1| 178, 183, -8, 37, 45, -8)
(12, 1| 178, 183, -8, 38, 45, -7)
(12, 1| 180, 183, -5, 38, 45, -7)
(12, 1| 179, 183, -7, 39, 45, -6)
(12, 1| 181, 183, -3, 39, 45, -6)
(12, 1| 180, 183, -5, 40, 45, -5)
(12, 1| 180, 183, -5, 41, 45, -4)
(12, 1| 182, 183, -1, 41, 45, -4)
(12, 1| 181, 183, -3, 42, 45, -3)
(12, 1| 181, 183, -3, 43, 45, -2)
(12, 1| 183, 183, 0, 43, 45, -2)
(12, 1| 182, 183, -1, 44, 45, -1)
(12, 1| 182, 183, -1, 45, 45, 0)
(13, 1| 184, 200, -26, 45, 73, -28)
(13, 1| 183, 200, -28, 46, 73, -27)
(13, 1| 185, 200, -24, 46, 73, -27)
(13, 1| 184, 200, -26, 47, 73, -26)
(13, 1| 184, 200, -26, 48, 73, -25)
(13, 1| 186, 200, -23, 48, 73, -25)
(13, 1| 185, 200, -24, 49, 73, -24)
(13, 1| 185, 200, -24, 50, 73, -23)
(13, 1| 187, 200, -21, 50, 73, -23)
(13, 1| 186, 200, -23, 51, 73, -22)
(13, 1| 188, 200, -19, 51, 73, -22)
(13, 1| 187, 200, -21, 52, 73, -21)
(13, 1| 187, 200, -21, 53, 73, -20)
(13, 1| 189, 200, -18, 53, 73, -20)
(13, 1| 188, 200, -19, 54, 73, -19)
(13, 1| 188, 200, -19, 55, 73, -18)
(13, 1| 190, 200, -16, 55, 73, -18)
(13, 1| 189, 200, -18, 56, 73, -17)
(13, 1| 191, 200, -14, 56, 73, -17)
(13, 1| 190, 200, -16, 57, 73, -16)
(13, 1| 190, 200, -16, 58, 73, -15)
(13, 1| 192, 200, -13, 58, 73, -15)
(13, 1| 191, 200, -14, 59, 73, -14)
(13, 1| 191, 200, -14, 60, 73, -13)
(13, 1| 193, 200, -11, 60, 73, -13)
(13, 1| 192, 200, -13, 61, 73, -12)
(13, 1| 194, 200, -9, 61, 73, -12)
(13, 1| 193, 200, -11, 62, 73, -11)
(13, 1| 193, 200, -11, 63, 73, -10)
(13, 1| 195, 200, -8, 63, 73, -10)
(13, 1| 194, 200, -9, 64, 73, -9)
(13, 1| 194, 200, -9, 65, 73, -8)
(13, 1| 196, 200, -6, 65, 73, -8)
(13, 1| 195, 200, -8, 66, 73, -7)
(13, 1| 197, 200, -4, 66, 73, -7)
(13, 1| 196, 200, -6, 67, 73, -6)
(13, 1| 196, 200, -6, 68, 73, -5)
(13, 1| 198, 200, -3, 68, 73, -5)
(13, 1| 197, 200, -4, 69, 73, -4)
(13, 1| 197, 200, -4, 70, 73, -3)
(13, 1| 199, 200, -1, 70, 73, -3)
(13, 1| 198, 200, -3, 71, 73, -2)
(13, 1| 200, 200, 0, 71, 73, -2)
(13, 1| 199, 200, -1, 72, 73, -1)
(13, 1| 199, 200, -1, 73, 73, 0)
(14, 1| 201, 216, -26, 73, 101, -28)
(14, 1| 200, 216, -28, 74, 101, -27)
(14, 1| 202, 216, -24, 74, 101, -27)
(14, 1| 201, 216, -26, 75, 101, -26)
(14, 1| 201, 216, -26, 76, 101, -25)
(14, 1| 203, 216, -22, 76, 101, -25)
(14, 1| 202, 216, -24, 77, 101, -24)
(14, 1| 202, 216, -24, 78, 101, -23)
(14, 1| 204, 216, -21, 78, 101, -23)
(14, 1| 203, 216, -22, 79, 101, -22)
(14, 1| 203, 216, -22, 80, 101, -21)
(14, 1| 205, 216, -19, 80, 101, -21)
(14, 1| 204, 216, -21, 81, 101, -20)
(14, 1| 206, 216, -17, 81, 101, -20)
(14, 1| 205, 216, -19, 82, 101, -19)
(14, 1| 205, 216, -19, 83, 101, -18)
(14, 1| 207, 216, -15, 83, 101, -18)
(14, 1| 206, 216, -17, 84, 101, -17)
(14, 1| 206, 216, -17, 85, 101, -16)
(14, 1| 208, 216, -14, 85, 101, -16)
(14, 1| 207, 216, -15, 86, 101, -15)
(14, 1| 207, 216, -15, 87, 101, -14)
(14, 1| 209, 216, -12, 87, 101, -14)
(14, 1| 208, 216, -14, 88, 101, -13)
(14, 1| 210, 216, -10, 88, 101, -13)
(14, 1| 209, 216, -12, 89, 101, -12)
(14, 1| 209, 216, -12, 90, 101, -11)
(14, 1| 211, 216, -8, 90, 101, -11)
(14, 1| 210, 216, -10, 91, 101, -10)
(14, 1| 210, 216, -10, 92, 101, -9)
(14, 1| 212, 216, -7, 92, 101, -9)
(14, 1| 211, 216, -8, 93, 101, -8)
(14, 1| 211, 216, -8, 94, 101, -7)
(14, 1| 213, 216, -5, 94, 101, -7)
(14, 1| 212, 216, -7, 95, 101, -6)
(14, 1| 214, 216, -3, 95, 101, -6)
(14, 1| 213, 216, -5, 96, 101, -5)
(14, 1| 213, 216, -5, 97, 101, -4)
(14, 1| 215, 216, -1, 97, 101, -4)
(14, 1| 214, 216, -3, 98, 101, -3)
(14, 1| 214, 216, -3, 99, 101, -2)
(14, 1| 216, 216, 0, 99, 101, -2)
(14, 1| 215, 216, -1, 100, 101, -1)
(14, 1| 215, 216, -1, 101, 101, 0)
(15, 1| 217, 232, -27, 101, 130, -29)
(15, 1| 216, 232, -29, 102, 130, -28)
(15, 1| 218, 232, -25, 102, 130, -28)
(15, 1| 217, 232, -27, 103, 130, -27)
(15, 1| 217, 232, -27, 104, 130, -26)
(15, 1| 219, 232, -23, 104, 130, -26)
(15, 1| 218, 232, -25, 105, 130, -25)
(15, 1| 218, 232, -25, 106, 130, -24)
(15, 1| 220, 232, -21, 106, 130, -24)
(15, 1| 219, 232, -23, 107, 130, -23)
(15, 1| 219, 232, -23, 108, 130, -22)
(15, 1| 221, 232, -19, 108, 130, -22)
(15, 1| 220, 232, -21, 109, 130, -21)
(15, 1| 220, 232, -21, 110, 130, -20)
(15, 1| 222, 232, -18, 110, 130, -20)
(15, 1| 221, 232, -19, 111, 130, -19)
(15, 1| 221, 232, -19, 112, 130, -18)
(15, 1| 223, 232, -16, 112, 130, -18)
(15, 1| 222, 232, -18, 113, 130, -17)
(15, 1| 224, 232, -14, 113, 130, -17)
(15, 1| 223, 232, -16, 114, 130, -16)
(15, 1| 223, 232, -16, 115, 130, -15)
(15, 1| 225, 232, -12, 115, 130, -15)
(15, 1| 224, 232, -14, 116, 130, -14)
(15, 1| 224, 232, -14, 117, 130, -13)
(15, 1| 226, 232, -10, 117, 130, -13)
(15, 1| 225, 232, -12, 118, 130, -12)
(15, 1| 225, 232, -12, 119, 130, -11)
(15, 1| 227, 232, -9, 119, 130, -11)
(15, 1| 226, 232, -10, 120, 130, -10)
(15, 1| 226, 232, -10, 121, 130, -9)
(15, 1| 228, 232, -7, 121, 130, -9)
(15, 1| 227, 232, -9, 122, 130, -8)
(15, 1| 229, 232, -5, 122, 130, -8)
(15, 1| 228, 232, -7, 123, 130, -7)
(15, 1| 228, 232, -7, 124, 130, -6)
(15, 1| 230, 232, -3, 124, 130, -6)
(15, 1| 229, 232, -5, 125, 130, -5)
(15, 1| 229, 232, -5, 126, 130, -4)
(15, 1| 231, 232, -1, 126, 130, -4)
(15, 1| 230, 232, -3, 127, 130, -3)
(15, 1| 230, 232, -3, 128, 130, -2)
(15, 1| 232, 232, 0, 128, 130, -2)
(15, 1| 231, 232, -1, 129, 130, -1)
(15, 1| 231, 232, -1, 130, 130, 0)
(16, 1| 233, 249, -26, 130, 158, -28)
(16, 1| 232, 249, -28, 131, 158, -27)
(16, 1| 234, 249, -24, 131, 158, -27)
(16, 1| 233, 249, -26, 132, 158, -26)
(16, 1| 233, 249, -26, 133, 158, -25)
(16, 1| 235, 249, -23, 133, 158, -25)
(16, 1| 234, 249, -24, 134, 158, -24)
(16, 1| 234, 249, -24, 135, 158, -23)
(16, 1| 236, 249, -21, 135, 158, -23)
(16, 1| 235, 249, -23, 136, 158, -22)
(16, 1| 237, 249, -19, 136, 158, -22)
(16, 1| 236, 249, -21, 137, 158, -21)
(16, 1| 236, 249, -21, 138, 158, -20)
(16, 1| 238, 249, -18, 138, 158, -20)
(16, 1| 237, 249, -19, 139, 158, -19)
(16, 1| 237, 249, -19, 140, 158, -18)
(16, 1| 239, 249, -16, 140, 158, -18)
(16, 1| 238, 249, -18, 141, 158, -17)
(16, 1| 240, 249, -14, 141, 158, -17)
(16, 1| 239, 249, -16, 142, 158, -16)
(16, 1| 239, 249, -16, 143, 158, -15)
(16, 1| 241, 249, -13, 143, 158, -15)
(16, 1| 240, 249, -14, 144, 158, -14)
(16, 1| 240, 249, -14, 145, 158, -13)
(16, 1| 242, 249, -11, 145, 158, -13)
(16, 1| 241, 249, -13, 146, 158, -12)
(16, 1| 243, 249, -9, 146, 158, -12)
(16, 1| 242, 249, -11, 147, 158, -11)
(16, 1| 242, 249, -11, 148, 158, -10)
(16, 1| 244, 249, -8, 148, 158, -10)
(16, 1| 243, 249, -9, 149, 158, -9)
(16, 1| 243, 249, -9, 150, 158, -8)
(16, 1| 245, 249, -6, 150, 158, -8)
(16, 1| 244, 249, -8, 151, 158, -7)
(16, 1| 246, 249, -4, 151, 158, -7)
(16, 1| 245, 249, -6, 152, 158, -6)
(16, 1| 245, 249, -6, 153, 158, -5)
(16, 1| 247, 249, -3, 153, 158, -5)
(16, 1| 246, 249, -4, 154, 158, -4)
(16, 1| 246, 249, -4, 155, 158, -3)
(16, 1| 248, 249, -1, 155, 158, -3)
(16, 1| 247, 249, -3, 156, 158, -2)
(16, 1| 249, 249, 0, 156, 158, -2)
(16, 1| 248, 249, -1, 157, 158, -1)
(16, 1| 248, 249, -1, 158, 158, 0)
(17, 1| 250, 265, -26, 158, 186, -28)
(17, 1| 249, 265, -28, 159, 186, -27)
(17, 1| 251, 265, -24, 159, 186, -27)
(17, 1| 250, 265, -26, 160, 186, -26)
(17, 1| 250, 265, -26, 161, 186, -25)
(17, 1| 252, 265, -22, 161, 186, -25)
(17, 1| 251, 265, -24, 162, 186, -24)
(17, 1| 251, 265, -24, 163, 186, -23)
(17, 1| 253, 265, -21, 163, 186, -23)
(17, 1| 252, 265, -22, 164, 186, -22)
(17, 1| 252, 265, -22, 165, 186, -21)
(17, 1| 254, 265, -19, 165, 186, -21)
(17, 1| 253, 265, -21, 166, 186, -20)
(17, 1| 255, 265, -17, 166, 186, -20)
(17, 1| 254, 265, -19, 167, 186, -19)
(17, 1| 254, 265, -19, 168, 186, -18)
(17, 1| 256, 265, -15, 168, 186, -18)
(17, 1| 255, 265, -17, 169, 186, -17)
(17, 1| 255, 265, -17, 170, 186, -16)
(17, 1| 257, 265, -14, 170, 186, -16)
(17, 1| 256, 265, -15, 171, 186, -15)
(17, 1| 256, 265, -15, 172, 186, -14)
(17, 1| 258, 265, -12, 172, 186, -14)
(17, 1| 257, 265, -14, 173, 186, -13)
(17, 1| 259, 265, -10, 173, 186, -13)
(17, 1| 258, 265, -12, 174, 186, -12)
(17, 1| 258, 265, -12, 175, 186, -11)
(17, 1| 260, 265, -8, 175, 186, -11)
(17, 1| 259, 265, -10, 176, 186, -10)
(17, 1| 259, 265, -10, 177, 186, -9)
(17, 1| 261, 265, -7, 177, 186, -9)
(17, 1| 260, 265, -8, 178, 186, -8)
(17, 1| 260, 265, -8, 179, 186, -7)
(17, 1| 262, 265, -5, 179, 186, -7)
(17, 1| 261, 265, -7, 180, 186, -6)
(17, 1| 263, 265, -3, 180, 186, -6)
(17, 1| 262, 265, -5, 181, 186, -5)
(17, 1| 262, 265, -5, 182, 186, -4)
(17, 1| 264, 265, -1, 182, 186, -4)
(17, 1| 263, 265, -3, 183, 186, -3)
(17, 1| 263, 265, -3, 184, 186, -2)
(17, 1| 265, 265, 0, 184, 186, -2)
(17, 1| 264, 265, -1, 185, 186, -1)
(17, 1| 264, 265, -1, 186, 186, 0)
(0, 2| -58, -43, -26, -305, -277, -28)
(0, 2| -59, -43, -28, -304, -277, -27)
(0, 2| -57, -43, -24, -304, -277, -27)
(0, 2| -58, -43, -26, -303, -277, -26)
(0, 2| -58, -43, -26, -302, -277, -25)
(0, 2| -56, -43, -22, -302, -277, -25)
(0, 2| -57, -43, -24, -301, -277, -24)
(0, 2| -57, -43, -24, -300, -277, -23)
(0, 2| -55, -43, -21, -300, -277, -23)
(0, 2| -56, -43, -22, -299, -277, -22)
(0, 2| -56, -43, -22, -298, -277, -21)
(0, 2| -54, -43, -19, -298, -277, -21)
(0, 2| -55, -43, -21, -297, -277, -20)
(0, 2| -53, -43, -17, -297, -277, -20)
(0, 2| -54, -43, -19, -296, -277, -19)
(0, 2| -54, -43, -19, -295, -277, -18)
(0, 2| -52, -43, -15, -295, -277, -18)
(0, 2| -53, -43, -17, -294, -277, -17)
(0, 2| -53, -43, -17, -293, -277, -16)
(0, 2| -51, -43, -14, -293, -277, -16)
(0, 2| -52, -43, -15, -292, -277, -15)
(0, 2| -52, -43, -15, -291, -277, -14)
(0, 2| -50, -43, -12, -291, -277, -14)
(0, 2| -51, -43, -14, -290, -277, -13)
(0, 2| -49, -43, -10, -290, -277, -13)
(0, 2| -50, -43, -12, -289, -277, -12)
(0, 2| -50, -43, -12, -288, -277, -11)
(0, 2| -48, -43, -8, -288, -277, -11)
(0, 2| -49, -43, -10, -287, -277, -10)
(0, 2| -49, -43, -10, -286, -277, -9)
(0, 2| -47, -43, -7, -286, -277, -9)
(0, 2| -48, -43, -8, -285, -277, -8)
(0, 2| -48, -43, -8, -284, -277, -7)
(0, 2| -46, -43, -5, -284, -277, -7)
(0, 2| -47, -43, -7, -283, -277, -6)
(0, 2| -45, -43, -3, -283, -277, -6)
(0, 2| -46, -43, -5, -282, -277, -5)
(0, 2| -46, -43, -5, -281, -277, -4)
(0, 2| -44, -43, -1, -281, -277, -4)
(0, 2| -45, -43, -3, -280, -277, -3)
(0, 2| -45, -43, -3, -279, -277, -2)
(0, 2| -43, -43, 0, -279, -277, -2)
(0, 2| -44, -43, -1, -278, -277, -1)
(0, 2| -44, -43, -1, -277, -277, 0)
(1, 2| -42, -26, -12, -277, -264, -13)
(1, 2| -43, -26, -13, -276, -264, -12)
(1, 2| -41, -26, -11, -276, -264, -12)
(1, 2| -42, -26, -12, -275, -264, -11)
(1, 2| -40, -26, -10, -275, -264, -11)
(1, 2| -41, -26, -11, -274, -264, -10)
(1, 2| -39, -26, -9, -274, -264, -10)
(1, 2| -40, -26, -10, -273, -264, -9)
(1, 2| -38, -26, -9, -273, -264, -9)
(1, 2| -37, -26, -8, -273, -264, -9)
(1, 2| -38, -26, -9, -272, -264, -8)
(1, 2| -36, -26, -7, -272, -264, -8)
(1, 2| -37, -26, -8, -271, -264, -7)
(1, 2| -35, -26, -6, -271, -264, -7)
(1, 2| -36, -26, -7, -270, -264, -6)
(1, 2| -34, -26, -6, -270, -264, -6)
(1, 2| -33, -26, -5, -270, -264, -6)
(1, 2| -34, -26, -6, -269, -264, -5)
(1, 2| -32, -26, -4, -269, -264, -5)
(1, 2| -33, -26, -5, -268, -264, -4)
(1, 2| -31, -26, -3, -268, -264, -4)
(1, 2| -32, -26, -4, -267, -264, -3)
(1, 2| -30, -26, -3, -267, -264, -3)
(1, 2| -29, -26, -2, -267, -264, -3)
(1, 2| -30, -26, -3, -266, -264, -2)
(1, 2| -28, -26, -1, -266, -264, -2)
(1, 2| -29, -26, -2, -265, -264, -1)
(1, 2| -27, -26, 0, -265, -264, -1)
(1, 2| -28, -26, -1, -264, -264, 0)
(2, 2| -25, -10, -27, -264, -235, -29)
(2, 2| -26, -10, -29, -263, -235, -28)
(2, 2| -24, -10, -25, -263, -235, -28)
(2, 2| -25, -10, -27, -262, -235, -27)
(2, 2| -25, -10, -27, -261, -235, -26)
(2, 2| -23, -10, -23, -261, -235, -26)
(2, 2| -24, -10, -25, -260, -235, -25)
(2, 2| -24, -10, -25, -259, -235, -24)
(2, 2| -22, -10, -21, -259, -235, -24)
(2, 2| -23, -10, -23, -258, -235, -23)
(2, 2| -23, -10, -23, -257, -235, -22)
(2, 2| -21, -10, -19, -257, -235, -22)
(2, 2| -22, -10, -21, -256, -235, -21)
(2, 2| -22, -10, -21, -255, -235, -20)
(2, 2| -20, -10, -18, -255, -235, -20)
(2, 2| -21, -10, -19, -254, -235, -19)
(2, 2| -21, -10, -19, -253, -235, -18)
(2, 2| -19, -10, -16, -253, -235, -18)
(2, 2| -20, -10, -18, -252, -235, -17)
(2, 2| -18, -10, -14, -252, -235, -17)
(2, 2| -19, -10, -16, -251, -235, -16)
(2, 2| -19, -10, -16, -250, -235, -15)
(2, 2| -17, -10, -12, -250, -235, -15)
(2, 2| -18, -10, -14, -249, -235, -14)
(2, 2| -18, -10, -14, -248, -235, -13)
(2, 2| -16, -10, -10, -248, -235, -13)
(2, 2| -17, -10, -12, -247, -235, -12)
(2, 2| -17, -10, -12, -246, -235, -11)
(2, 2| -15, -10, -9, -246, -235, -11)
(2, 2| -16, -10, -10, -245, -235, -10)
(2, 2| -16, -10, -10, -244, -235, -9)
(2, 2| -14, -10, -7, -244, -235, -9)
(2, 2| -15, -10, -9, -243, -235, -8)
(2, 2| -13, -10, -5, -243, -235, -8)
(2, 2| -14, -10, -7, -242, -235, -7)
(2, 2| -14, -10, -7, -241, -235, -6)
(2, 2| -12, -10, -3, -241, -235, -6)
(2, 2| -13, -10, -5, -240, -235, -5)
(2, 2| -13, -10, -5, -239, -235, -4)
(2, 2| -11, -10, -1, -239, -235, -4)
(2, 2| -12, -10, -3, -238, -235, -3)
(2, 2| -12, -10, -3, -237, -235, -2)
(2, 2| -10, -10, 0, -237, -235, -2)
(2, 2| -11, -10, -1, -236, -235, -1)
(2, 2| -11, -10, -1, -235, -235, 0)
(3, 2| -9, 6, -40, -235, -192, -43)
(3, 2| -10, 6, -43, -234, -192, -42)
(3, 2| -8, 6, -37, -234, -192, -42)
(3, 2| -9, 6, -40, -233, -192, -41)
(3, 2| -7, 6, -34, -233, -192, -41)
(3, 2| -8, 6, -37, -232, -192, -40)
(3, 2| -6, 6, -32, -232, -192, -40)
(3, 2| -7, 6, -34, -231, -192, -39)
(3, 2| -5, 6, -29, -231, -192, -39)
(3, 2| -6, 6, -32, -230, -192, -38)
(3, 2| -4, 6, -26, -230, -192, -38)
(3, 2| -5, 6, -29, -229, -192, -37)
(3, 2| -3, 6, -24, -229, -192, -37)
(3, 2| -4, 6, -26, -228, -192, -36)
(3, 2| -2, 6, -21, -228, -192, -36)
(3, 2| -3, 6, -24, -227, -192, -35)
(3, 2| -1, 6, -18, -227, -192, -35)
(3, 2| -2, 6, -21, -226, -192, -34)
(3, 2| 0, 6, -16, -226, -192, -34)
(3, 2| -1, 6, -18, -225, -192, -33)
(3, 2| 1, 6, -13, -225, -192, -33)
(3, 2| 0, 6, -16, -224, -192, -32)
(3, 2| 2, 6, -10, -224, -192, -32)
(3, 2| 1, 6, -13, -223, -192, -31)
(3, 2| 3, 6, -8, -223, -192, -31)
(3, 2| 2, 6, -10, -222, -192, -30)
(3, 2| 4, 6, -5, -222, -192, -30)
(3, 2| 3, 6, -8, -221, -192, -29)
(3, 2| 5, 6, -2, -221, -192, -29)
(3, 2| 4, 6, -5, -220, -192, -28)
(3, 2| 6, 6, 0, -220, -192, -28)
(3, 2| 5, 6, -2, -219, -192, -27)
(4, 2| 7, 23, -26, -192, -164, -28)
(4, 2| 6, 23, -28, -191, -164, -27)
(4, 2| 8, 23, -24, -191, -164, -27)
(4, 2| 7, 23, -26, -190, -164, -26)
(4, 2| 7, 23, -26, -189, -164, -25)
(4, 2| 9, 23, -23, -189, -164, -25)
(4, 2| 8, 23, -24, -188, -164, -24)
(4, 2| 8, 23, -24, -187, -164, -23)
(4, 2| 10, 23, -21, -187, -164, -23)
(4, 2| 9, 23, -23, -186, -164, -22)
(4, 2| 11, 23, -19, -186, -164, -22)
(4, 2| 10, 23, -21, -185, -164, -21)
(4, 2| 10, 23, -21, -184, -164, -20)
(4, 2| 12, 23, -18, -184, -164, -20)
(4, 2| 11, 23, -19, -183, -164, -19)
(4, 2| 11, 23, -19, -182, -164, -18)
(4, 2| 13, 23, -16, -182, -164, -18)
(4, 2| 12, 23, -18, -181, -164, -17)
(4, 2| 14, 23, -14, -181, -164, -17)
(4, 2| 13, 23, -16, -180, -164, -16)
(4, 2| 13, 23, -16, -179, -164, -15)
(4, 2| 15, 23, -13, -179, -164, -15)
(4, 2| 14, 23, -14, -178, -164, -14)
(4, 2| 14, 23, -14, -177, -164, -13)
(4, 2| 16, 23, -11, -177, -164, -13)
(4, 2| 15, 23, -13, -176, -164, -12)
(4, 2| 17, 23, -9, -176, -164, -12)
(4, 2| 16, 23, -11, -175, -164, -11)
(4, 2| 16, 23, -11, -174, -164, -10)
(4, 2| 18, 23, -8, -174, -164, -10)
(4, 2| 17, 23, -9, -173, -164, -9)
(4, 2| 17, 23, -9, -172, -164, -8)
(4, 2| 19, 23, -6, -172, -164, -8)
(4, 2| 18, 23, -8, -171, -164, -7)
(4, 2| 20, 23, -4, -171, -164, -7)
(4, 2| 19, 23, -6, -170, -164, -6)
(4, 2| 19, 23, -6, -169, -164, -5)
(4, 2| 21, 23, -3, -169, -164, -5)
(4, 2| 20, 23, -4, -168, -164, -4)
(4, 2| 20, 23, -4, -167, -164, -3)
(4, 2| 22, 23, -1, -167, -164, -3)
(4, 2| 21, 23, -3, -166, -164, -2)
(4, 2| 23, 23, 0, -166, -164, -2)
(4, 2| 22, 23, -1, -165, -164, -1)
(4, 2| 22, 23, -1, -164, -164, 0)
(5, 2| 24, 39, -12, -164, -151, -13)
(5, 2| 23, 39, -13, -163, -151, -12)
(5, 2| 25, 39, -11, -163, -151, -12)
(5, 2| 24, 39, -12, -162, -151, -11)
(5, 2| 26, 39, -10, -162, -151, -11)
(5, 2| 25, 39, -11, -161, -151, -10)
(5, 2| 27, 39, -9, -161, -151, -10)
(5, 2| 26, 39, -10, -160, -151, -9)
(5, 2| 28, 39, -8, -160, -151, -9)
(5, 2| 27, 39, -9, -159, -151, -8)
(5, 2| 29, 39, -8, -159, -151, -8)
(5, 2| 30, 39, -7, -159, -151, -8)
(5, 2| 29, 39, -8, -158, -151, -7)
(5, 2| 31, 39, -6, -158, -151, -7)
(5, 2| 30, 39, -7, -157, -151, -6)
(5, 2| 32, 39, -5, -157, -151, -6)
(5, 2| 31, 39, -6, -156, -151, -5)
(5, 2| 33, 39, -4, -156, -151, -5)
(5, 2| 32, 39, -5, -155, -151, -4)
(5, 2| 34, 39, -4, -155, -151, -4)
(5, 2| 35, 39, -3, -155, -151, -4)
(5, 2| 34, 39, -4, -154, -151, -3)
(5, 2| 36, 39, -2, -154, -151, -3)
(5, 2| 35, 39, -3, -153, -151, -2)
(5, 2| 37, 39, -1, -153, -151, -2)
(5, 2| 36, 39, -2, -152, -151, -1)
(5, 2| 38, 39, 0, -152, -151, -1)
(5, 2| 37, 39, -1, -151, -151, 0)
(6, 2| 40, 55, -27, -151, -122, -29)
(6, 2| 39, 55, -29, -150, -122, -28)
(6, 2| 41, 55, -25, -150, -122, -28)
(6, 2| 40, 55, -27, -149, -122, -27)
(6, 2| 40, 55, -27, -148, -122, -26)
(6, 2| 42, 55, -23, -148, -122, -26)
(6, 2| 41, 55, -25, -147, -122, -25)
(6, 2| 41, 55, -25, -146, -122, -24)
(6, 2| 43, 55, -21, -146, -122, -24)
(6, 2| 42, 55, -23, -145, -122, -23)
(6, 2| 42, 55, -23, -144, -122, -22)
(6, 2| 44, 55, -19, -144, -122, -22)
(6, 2| 43, 55, -21, -143, -122, -21)
(6, 2| 43, 55, -21, -142, -122, -20)
(6, 2| 45, 55, -18, -142, -122, -20)
(6, 2| 44, 55, -19, -141, -122, -19)
(6, 2| 44, 55, -19, -140, -122, -18)
(6, 2| 46, 55, -16, -140, -122, -18)
(6, 2| 45, 55, -18, -139, -122, -17)
(6, 2| 47, 55, -14, -139, -122, -17)
(6, 2| 46, 55, -16, -138, -122, -16)
(6, 2| 46, 55, -16, -137, -122, -15)
(6, 2| 48, 55, -12, -137, -122, -15)
(6, 2| 47, 55, -14, -136, -122, -14)
(6, 2| 47, 55, -14, -135, -122, -13)
(6, 2| 49, 55, -10, -135, -122, -13)
(6, 2| 48, 55, -12, -134, -122, -12)
(6, 2| 48, 55, -12, -133, -122, -11)
(6, 2| 50, 55, -9, -133, -122, -11)
(6, 2| 49, 55, -10, -132, -122, -10)
(6, 2| 49, 55, -10, -131, -122, -9)
(6, 2| 51, 55, -7, -131, -122, -9)
(6, 2| 50, 55, -9, -130, -122, -8)
(6, 2| 52, 55, -5, -130, -122, -8)
(6, 2| 51, 55, -7, -129, -122, -7)
(6, 2| 51, 55, -7, -128, -122, -6)
(6, 2| 53, 55, -3, -128, -122, -6)
(6, 2| 52, 55, -5, -127, -122, -5)
(6, 2| 52, 55, -5, -126, -122, -4)
(6, 2| 54, 55, -1, -126, -122, -4)
(6, 2| 53, 55, -3, -125, -122, -3)
(6, 2| 53, 55, -3, -124, -122, -2)
(6, 2| 55, 55, 0, -124, -122, -2)
(6, 2| 54, 55, -1, -123, -122, -1)
(6, 2| 54, 55, -1, -122, -122, 0)
(7, 2| 56, 72, -40, -122, -79, -43)
(7, 2| 55, 72, -43, -121, -79, -42)
(7, 2| 57, 72, -37, -121, -79, -42)
(7, 2| 56, 72, -40, -120, -79, -41)
(7, 2| 58, 72, -35, -120, -79, -41)
(7, 2| 57, 72, -37, -119, -79, -40)
(7, 2| 59, 72, -32, -119, -79, -40)
(7, 2| 58, 72, -35, -118, -79, -39)
(7, 2| 60, 72, -30, -118, -79, -39)
(7, 2| 59, 72, -32, -117, -79, -38)
(7, 2| 61, 72, -27, -117, -79, -38)
(7, 2| 60, 72, -30, -116, -79, -37)
(7, 2| 62, 72, -25, -116, -79, -37)
(7, 2| 61, 72, -27, -115, -79, -36)
(7, 2| 63, 72, -22, -115, -79, -36)
(7, 2| 62, 72, -25, -114, -79, -35)
(7, 2| 64, 72, -20, -114, -79, -35)
(7, 2| 63, 72, -22, -113, -79, -34)
(7, 2| 65, 72, -17, -113, -79, -34)
(7, 2| 64, 72, -20, -112, -79, -33)
(7, 2| 66, 72, -15, -112, -79, -33)
(7, 2| 65, 72, -17, -111, -79, -32)
(7, 2| 67, 72, -12, -111, -79, -32)
(7, 2| 66, 72, -15, -110, -79, -31)
(7, 2| 68, 72, -10, -110, -79, -31)
(7, 2| 67, 72, -12, -109, -79, -30)
(7, 2| 69, 72, -7, -109, -79, -30)
(7, 2| 68, 72, -10, -108, -79, -29)
(7, 2| 70, 72, -5, -108, -79, -29)
(7, 2| 69, 72, -7, -107, -79, -28)
(7, 2| 71, 72, -2, -107, -79, -28)
(7, 2| 70, 72, -5, -106, -79, -27)
(7, 2| 72, 72, 0, -106, -79, -27)
(7, 2| 71, 72, -2, -105, -79, -26)
(8, 2| 73, 88, -26, -79, -51, -28)
(8, 2| 72, 88, -28, -78, -51, -27)
(8, 2| 74, 88, -24, -78, -51, -27)
(8, 2| 73, 88, -26, -77, -51, -26)
(8, 2| 73, 88, -26, -76, -51, -25)
(8, 2| 75, 88, -22, -76, -51, -25)
(8, 2| 74, 88, -24, -75, -51, -24)
(8, 2| 74, 88, -24, -74, -51, -23)
(8, 2| 76, 88, -21, -74, -51, -23)
(8, 2| 75, 88, -22, -73, -51, -22)
(8, 2| 75, 88, -22, -72, -51, -21)
(8, 2| 77, 88, -19, -72, -51, -21)
(8, 2| 76, 88, -21, -71, -51, -20)
(8, 2| 78, 88, -17, -71, -51, -20)
(8, 2| 77, 88, -19, -70, -51, -19)
(8, 2| 77, 88, -19, -69, -51, -18)
(8, 2| 79, 88, -15, -69, -51, -18)
(8, 2| 78, 88, -17, -68, -51, -17)
(8, 2| 78, 88, -17, -67, -51, -16)
(8, 2| 80, 88, -14, -67, -51, -16)
(8, 2| 79, 88, -15, -66, -51, -15)
(8, 2| 79, 88, -15, -65, -51, -14)
(8, 2| 81, 88, -12, -65, -51, -14)
(8, 2| 80, 88, -14, -64, -51, -13)
(8, 2| 82, 88, -10, -64, -51, -13)
(8, 2| 81, 88, -12, -63, -51, -12)
(8, 2| 81, 88, -12, -62, -51, -11)
(8, 2| 83, 88, -8, -62, -51, -11)
(8, 2| 82, 88, -10, -61, -51, -10)
(8, 2| 82, 88, -10, -60, -51, -9)
(8, 2| 84, 88, -7, -60, -51, -9)
(8, 2| 83, 88, -8, -59, -51, -8)
(8, 2| 83, 88, -8, -58, -51, -7)
(8, 2| 85, 88, -5, -58, -51, -7)
(8, 2| 84, 88, -7, -57, -51, -6)
(8, 2| 86, 88, -3, -57, -51, -6)
(8, 2| 85, 88, -5, -56, -51, -5)
(8, 2| 85, 88, -5, -55, -51, -4)
(8, 2| 87, 88, -1, -55, -51, -4)
(8, 2| 86, 88, -3, -54, -51, -3)
(8, 2| 86, 88, -3, -53, -51, -2)
(8, 2| 88, 88, 0, -53, -51, -2)
(8, 2| 87, 88, -1, -52, -51, -1)
(8, 2| 87, 88, -1, -51, -51, 0)
(9, 2| 89, 104, -26, -51, -23, -28)
(9, 2| 88, 104, -28, -50, -23, -27)
(9, 2| 90, 104, -24, -50, -23, -27)
(9, 2| 89, 104, -26, -49, -23, -26)
(9, 2| 89, 104, -26, -48, -23, -25)
(9, 2| 91, 104, -22, -48, -23, -25)
(9, 2| 90, 104, -24, -47, -23, -24)
(9, 2| 90, 104, -24, -46, -23, -23)
(9, 2| 92, 104, -21, -46, -23, -23)
(9, 2| 91, 104, -22, -45, -23, -22)
(9, 2| 91, 104, -22, -44, -23, -21)
(9, 2| 93, 104, -19, -44, -23, -21)
(9, 2| 92, 104, -21, -43, -23, -20)
(9, 2| 94, 104, -17, -43, -23, -20)
(9, 2| 93, 104, -19, -42, -23, -19)
(9, 2| 93, 104, -19, -41, -23, -18)
(9, 2| 95, 104, -15, -41, -23, -18)
(9, 2| 94, 104, -17, -40, -23, -17)
(9, 2| 94, 104, -17, -39, -23, -16)
(9, 2| 96, 104, -14, -39, -23, -16)
(9, 2| 95, 104, -15, -38, -23, -15)
(9, 2| 95, 104, -15, -37, -23, -14)
(9, 2| 97, 104, -12, -37, -23, -14)
(9, 2| 96, 104, -14, -36, -23, -13)
(9, 2| 98, 104, -10, -36, -23, -13)
(9, 2| 97, 104, -12, -35, -23, -12)
(9, 2| 97, 104, -12, -34, -23, -11)
(9, 2| 99, 104, -8, -34, -23, -11)
(9, 2| 98, 104, -10, -33, -23, -10)
(9, 2| 98, 104, -10, -32, -23, -9)
(9, 2| 100, 104, -7, -32, -23, -9)
(9, 2| 99, 104, -8, -31, -23, -8)
(9, 2| 99, 104, -8, -30, -23, -7)
(9, 2| 101, 104, -5, -30, -23, -7)
(9, 2| 100, 104, -7, -29, -23, -6)
(9, 2| 102, 104, -3, -29, -23, -6)
(9, 2| 101, 104, -5, -28, -23, -5)
(9, 2| 101, 104, -5, -27, -23, -4)
(9, 2| 103, 104, -1, -27, -23, -4)
(9, 2| 102, 104, -3, -26, -23, -3)
(9, 2| 102, 104, -3, -25, -23, -2)
(9, 2| 104, 104, 0, -25, -23, -2)
(9, 2| 103, 104, -1, -24, -23, -1)
(9, 2| 103, 104, -1, -23, -23, 0)
(10, 2| 105, 121, -12, -23, -10, -13)
(10, 2| 104, 121, -13, -22, -10, -12)
(10, 2| 106, 121, -11, -22, -10, -12)
(10, 2| 105, 121, -12, -21, -10, -11)
(10, 2| 107, 121, -10, -21, -10, -11)
(10, 2| 106, 121, -11, -20, -10, -10)
(10, 2| 108, 121, -9, -20, -10, -10)
(10, 2| 107, 121, -10, -19, -10, -9)
(10, 2| 109, 121, -9, -19, -10, -9)
(10, 2| 110, 121, -8, -19, -10, -9)
(10, 2| 109, 121, -9, -18, -10, -8)
(10, 2| 111, 121, -7, -18, -10, -8)
(10, 2| 110, 121, -8, -17, -10, -7)
(10, 2| 112, 121, -6, -17, -10, -7)
(10, 2| 111, 121, -7, -16, -10, -6)
(10, 2| 113, 121, -6, -16, -10, -6)
(10, 2| 114, 121, -5, -16, -10, -6)
(10, 2| 113, 121, -6, -15, -10, -5)
(10, 2| 115, 121, -4, -15, -10, -5)
(10, 2| 114, 121, -5, -14, -10, -4)
(10, 2| 116, 121, -3, -14, -10, -4)
(10, 2| 115, 121, -4, -13, -10, -3)
(10, 2| 117, 121, -3, -13, -10, -3)
(10, 2| 118, 121, -2, -13, -10, -3)
(10, 2| 117, 121, -3, -12, -10, -2)
(10, 2| 119, 121, -1, -12, -10, -2)
(10, 2| 118, 121, -2, -11, -10, -1)
(10, 2| 120, 121, 0, -11, -10, -1)
(10, 2| 119, 121, -1, -10, -10, 0)
(11, 2| 122, 137, -27, -10, 19, -29)
(11, 2| 121, 137, -29, -9, 19, -28)
(11, 2| 123, 137, -25, -9, 19, -28)
(11, 2| 122, 137, -27, -8, 19, -27)
(11, 2| 122, 137, -27, -7, 19, -26)
(11, 2| 124, 137, -23, -7, 19, -26)
(11, 2| 123, 137, -25, -6, 19, -25)
(11, 2| 123, 137, -25, -5, 19, -24)
(11, 2| 125, 137, -21, -5, 19, -24)
(11, 2| 124, 137, -23, -4, 19, -23)
(11, 2| 124, 137, -23, -3, 19, -22)
(11, 2| 126, 137, -19, -3, 19, -22)
(11, 2| 125, 137, -21, -2, 19, -21)
(11, 2| 125, 137, -21, -1, 19, -20)
(11, 2| 127, 137, -18, -1, 19, -20)
(11, 2| 126, 137, -19, 0, 19, -19)
(11, 2| 126, 137, -19, 1, 19, -18)
(11, 2| 128, 137, -16, 1, 19, -18)
(11, 2| 127, 137, -18, 2, 19, -17)
(11, 2| 129, 137, -14, 2, 19, -17)
(11, 2| 128, 137, -16, 3, 19, -16)
(11, 2| 128, 137, -16, 4, 19, -15)
(11, 2| 130, 137, -12, 4, 19, -15)
(11, 2| 129, 137, -14, 5, 19, -14)
(11, 2| 129, 137, -14, 6, 19, -13)
(11, 2| 131, 137, -10, 6, 19, -13)
(11, 2| 130, 137, -12, 7, 19, -12)
(11, 2| 130, 137, -12, 8, 19, -11)
(11, 2| 132, 137, -9, 8, 19, -11)
(11, 2| 131, 137, -10, 9, 19, -10)
(11, 2| 131, 137, -10, 10, 19, -9)
(11, 2| 133, 137, -7, 10, 19, -9)
(11, 2| 132, 137, -9, 11, 19, -8)
(11, 2| 134, 137, -5, 11, 19, -8)
(11, 2| 133, 137, -7, 12, 19, -7)
(11, 2| 133, 137, -7, 13, 19, -6)
(11, 2| 135, 137, -3, 13, 19, -6)
(11, 2| 134, 137, -5, 14, 19, -5)
(11, 2| 134, 137, -5, 15, 19, -4)
(11, 2| 136, 137, -1, 15, 19, -4)
(11, 2| 135, 137, -3, 16, 19, -3)
(11, 2| 135, 137, -3, 17, 19, -2)
(11, 2| 137, 137, 0, 17, 19, -2)
(11, 2| 136, 137, -1, 18, 19, -1)
(11, 2| 136, 137, -1, 19, 19, 0)
(12, 2| 138, 153, -26, 19, 47, -28)
(12, 2| 137, 153, -28, 20, 47, -27)
(12, 2| 139, 153, -24, 20, 47, -27)
(12, 2| 138, 153, -26, 21, 47, -26)
(12, 2| 138, 153, -26, 22, 47, -25)
(12, 2| 140, 153, -22, 22, 47, -25)
(12, 2| 139, 153, -24, 23, 47, -24)
(12, 2| 139, 153, -24, 24, 47, -23)
(12, 2| 141, 153, -21, 24, 47, -23)
(12, 2| 140, 153, -22, 25, 47, -22)
(12, 2| 140, 153, -22, 26, 47, -21)
(12, 2| 142, 153, -19, 26, 47, -21)
(12, 2| 141, 153, -21, 27, 47, -20)
(12, 2| 143, 153, -17, 27, 47, -20)
(12, 2| 142, 153, -19, 28, 47, -19)
(12, 2| 142, 153, -19, 29, 47, -18)
(12, 2| 144, 153, -15, 29, 47, -18)
(12, 2| 143, 153, -17, 30, 47, -17)
(12, 2| 143, 153, -17, 31, 47, -16)
(12, 2| 145, 153, -14, 31, 47, -16)
(12, 2| 144, 153, -15, 32, 47, -15)
(12, 2| 144, 153, -15, 33, 47, -14)
(12, 2| 146, 153, -12, 33, 47, -14)
(12, 2| 145, 153, -14, 34, 47, -13)
(12, 2| 147, 153, -10, 34, 47, -13)
(12, 2| 146, 153, -12, 35, 47, -12)
(12, 2| 146, 153, -12, 36, 47, -11)
(12, 2| 148, 153, -8, 36, 47, -11)
(12, 2| 147, 153, -10, 37, 47, -10)
(12, 2| 147, 153, -10, 38, 47, -9)
(12, 2| 149, 153, -7, 38, 47, -9)
(12, 2| 148, 153, -8, 39, 47, -8)
(12, 2| 148, 153, -8, 40, 47, -7)
(12, 2| 150, 153, -5, 40, 47, -7)
(12, 2| 149, 153, -7, 41, 47, -6)
(12, 2| 151, 153, -3, 41, 47, -6)
(12, 2| 150, 153, -5, 42, 47, -5)
(12, 2| 150, 153, -5, 43, 47, -4)
(12, 2| 152, 153, -1, 43, 47, -4)
(12, 2| 151, 153, -3, 44, 47, -3)
(12, 2| 151, 153, -3, 45, 47, -2)
(12, 2| 153, 153, 0, 45, 47, -2)
(12, 2| 152, 153, -1, 46, 47, -1)
(12, 2| 152, 153, -1, 47, 47, 0)
(13, 2| 154, 170, -26, 47, 75, -28)
(13, 2| 153, 170, -28, 48, 75, -27)
(13, 2| 155, 170, -24, 48, 75, -27)
(13, 2| 154, 170, -26, 49, 75, -26)
(13, 2| 154, 170, -26, 50, 75, -25)
(13, 2| 156, 170, -23, 50, 75, -25)
(13, 2| 155, 170, -24, 51, 75, -24)
(13, 2| 155, 170, -24, 52, 75, -23)
(13, 2| 157, 170, -21, 52, 75, -23)
(13, 2| 156, 170, -23, 53, 75, -22)
(13, 2| 158, 170, -19, 53, 75, -22)
(13, 2| 157, 170, -21, 54, 75, -21)
(13, 2| 157, 170, -21, 55, 75, -20)
(13, 2| 159, 170, -18, 55, 75, -20)
(13, 2| 158, 170, -19, 56, 75, -19)
(13, 2| 158, 170, -19, 57, 75, -18)
(13, 2| 160, 170, -16, 57, 75, -18)
(13, 2| 159, 170, -18, 58, 75, -17)
(13, 2| 161, 170, -14, 58, 75, -17)
(13, 2| 160, 170, -16, 59, 75, -16)
(13, 2| 160, 170, -16, 60, 75, -15)
(13, 2| 162, 170, -13, 60, 75, -15)
(13, 2| 161, 170, -14, 61, 75, -14)
(13, 2| 161, 170, -14, 62, 75, -13)
(13, 2| 163, 170, -11, 62, 75, -13)
(13, 2| 162, 170, -13, 63, 75, -12)
(13, 2| 164, 170, -9, 63, 75, -12)
(13, 2| 163, 170, -11, 64, 75, -11)
(13, 2| 163, 170, -11, 65, 75, -10)
(13, 2| 165, 170, -8, 65, 75, -10)
(13, 2| 164, 170, -9, 66, 75, -9)
(13, 2| 164, 170, -9, 67, 75, -8)
(13, 2| 166, 170, -6, 67, 75, -8)
(13, 2| 165, 170, -8, 68, 75, -7)
(13, 2| 167, 170, -4, 68, 75, -7)
(13, 2| 166, 170, -6, 69, 75, -6)
(13, 2| 166, 170, -6, 70, 75, -5)
(13, 2| 168, 170, -3, 70, 75, -5)
(13, 2| 167, 170, -4, 71, 75, -4)
(13, 2| 167, 170, -4, 72, 75, -3)
(13, 2| 169, 170, -1, 72, 75, -3)
(13, 2| 168, 170, -3, 73, 75, -2)
(13, 2| 170, 170, 0, 73, 75, -2)
(13, 2| 169, 170, -1, 74, 75, -1)
(13, 2| 169, 170, -1, 75, 75, 0)
(14, 2| 171, 186, -26, 75, 103, -28)
(14, 2| 170, 186, -28, 76, 103, -27)
(14, 2| 172, 186, -24, 76, 103, -27)
(14, 2| 171, 186, -26, 77, 103, -26)
(14, 2| 171, 186, -26, 78, 103, -25)
(14, 2| 173, 186, -22, 78, 103, -25)
(14, 2| 172, 186, -24, 79, 103, -24)
(14, 2| 172, 186, -24, 80, 103, -23)
(14, 2| 174, 186, -21, 80, 103, -23)
(14, 2| 173, 186, -22, 81, 103, -22)
(14, 2| 173, 186, -22, 82, 103, -21)
(14, 2| 175, 186, -19, 82, 103, -21)
(14, 2| 174, 186, -21, 83, 103, -20)
(14, 2| 176, 186, -17, 83, 103, -20)
(14, 2| 175, 186, -19, 84, 103, -19)
(14, 2| 175, 186, -19, 85, 103, -18)
(14, 2| 177, 186, -15, 85, 103, -18)
(14, 2| 176, 186, -17, 86, 103, -17)
(14, 2| 176, 186, -17, 87, 103, -16)
(14, 2| 178, 186, -14, 87, 103, -16)
(14, 2| 177, 186, -15, 88, 103, -15)
(14, 2| 177, 186, -15, 89, 103, -14)
(14, 2| 179, 186, -12, 89, 103, -14)
(14, 2| 178, 186, -14, 90, 103, -13)
(14, 2| 180, 186, -10, 90, 103, -13)
(14, 2| 179, 186, -12, 91, 103, -12)
(14, 2| 179, 186, -12, 92, 103, -11)
(14, 2| 181, 186, -8, 92, 103, -11)
(14, 2| 180, 186, -10, 93, 103, -10)
(14, 2| 180, 186, -10, 94, 103, -9)
(14, 2| 182, 186, -7, 94, 103, -9)
(14, 2| 181, 186, -8, 95, 103, -8)
(14, 2| 181, 186, -8, 96, 103, -7)
(14, 2| 183, 186, -5, 96, 103, -7)
(14, 2| 182, 186, -7, 97, 103, -6)
(14, 2| 184, 186, -3, 97, 103, -6)
(14, 2| 183, 186, -5, 98, 103, -5)
(14, 2| 183, 186, -5, 99, 103, -4)
(14, 2| 185, 186, -1, 99, 103, -4)
(14, 2| 184, 186, -3, 100, 103, -3)
(14, 2| 184, 186, -3, 101, 103, -2)
(14, 2| 186, 186, 0, 101, 103, -2)
(14, 2| 185, 186, -1, 102, 103, -1)
(14, 2| 185, 186, -1, 103, 103, 0)
(15, 2| 187, 202, -41, 103, 147, -44)
(15, 2| 186, 202, -44, 104, 147, -43)
(15, 2| 188, 202, -38, 104, 147, -43)
(15, 2| 187, 202, -41, 105, 147, -42)
(15, 2| 189, 202, -35, 105, 147, -42)
(15, 2| 188, 202, -38, 106, 147, -41)
(15, 2| 190, 202, -33, 106, 147, -41)
(15, 2| 189, 202, -35, 107, 147, -40)
(15, 2| 191, 202, -30, 107, 147, -40)
(15, 2| 190, 202, -33, 108, 147, -39)
(15, 2| 192, 202, -27, 108, 147, -39)
(15, 2| 191, 202, -30, 109, 147, -38)
(15, 2| 193, 202, -24, 109, 147, -38)
(15, 2| 192, 202, -27, 110, 147, -37)
(15, 2| 194, 202, -22, 110, 147, -37)
(15, 2| 193, 202, -24, 111, 147, -36)
(15, 2| 195, 202, -19, 111, 147, -36)
(15, 2| 194, 202, -22, 112, 147, -35)
(15, 2| 196, 202, -16, 112, 147, -35)
(15, 2| 195, 202, -19, 113, 147, -34)
(15, 2| 197, 202, -13, 113, 147, -34)
(15, 2| 196, 202, -16, 114, 147, -33)
(15, 2| 198, 202, -11, 114, 147, -33)
(15, 2| 197, 202, -13, 115, 147, -32)
(15, 2| 199, 202, -8, 115, 147, -32)
(15, 2| 198, 202, -11, 116, 147, -31)
(15, 2| 200, 202, -5, 116, 147, -31)
(15, 2| 199, 202, -8, 117, 147, -30)
(15, 2| 201, 202, -2, 117, 147, -30)
(15, 2| 200, 202, -5, 118, 147, -29)
(15, 2| 202, 202, 0, 118, 147, -29)
(15, 2| 201, 202, -2, 119, 147, -28)
(16, 2| 203, 219, -26, 147, 175, -28)
(16, 2| 202, 219, -28, 148, 175, -27)
(16, 2| 204, 219, -24, 148, 175, -27)
(16, 2| 203, 219, -26, 149, 175, -26)
(16, 2| 203, 219, -26, 150, 175, -25)
(16, 2| 205, 219, -23, 150, 175, -25)
(16, 2| 204, 219, -24, 151, 175, -24)
(16, 2| 204, 219, -24, 152, 175, -23)
(16, 2| 206, 219, -21, 152, 175, -23)
(16, 2| 205, 219, -23, 153, 175, -22)
(16, 2| 207, 219, -19, 153, 175, -22)
(16, 2| 206, 219, -21, 154, 175, -21)
(16, 2| 206, 219, -21, 155, 175, -20)
(16, 2| 208, 219, -18, 155, 175, -20)
(16, 2| 207, 219, -19, 156, 175, -19)
(16, 2| 207, 219, -19, 157, 175, -18)
(16, 2| 209, 219, -16, 157, 175, -18)
(16, 2| 208, 219, -18, 158, 175, -17)
(16, 2| 210, 219, -14, 158, 175, -17)
(16, 2| 209, 219, -16, 159, 175, -16)
(16, 2| 209, 219, -16, 160, 175, -15)
(16, 2| 211, 219, -13, 160, 175, -15)
(16, 2| 210, 219, -14, 161, 175, -14)
(16, 2| 210, 219, -14, 162, 175, -13)
(16, 2| 212, 219, -11, 162, 175, -13)
(16, 2| 211, 219, -13, 163, 175, -12)
(16, 2| 213, 219, -9, 163, 175, -12)
(16, 2| 212, 219, -11, 164, 175, -11)
(16, 2| 212, 219, -11, 165, 175, -10)
(16, 2| 214, 219, -8, 165, 175, -10)
(16, 2| 213, 219, -9, 166, 175, -9)
(16, 2| 213, 219, -9, 167, 175, -8)
(16, 2| 215, 219, -6, 167, 175, -8)
(16, 2| 214, 219, -8, 168, 175, -7)
(16, 2| 216, 219, -4, 168, 175, -7)
(16, 2| 215, 219, -6, 169, 175, -6)
(16, 2| 215, 219, -6, 170, 175, -5)
(16, 2| 217, 219, -3, 170, 175, -5)
(16, 2| 216, 219, -4, 171, 175, -4)
(16, 2| 216, 219, -4, 172, 175, -3)
(16, 2| 218, 219, -1, 172, 175, -3)
(16, 2| 217, 219, -3, 173, 175, -2)
(16, 2| 219, 219, 0, 173, 175, -2)
(16, 2| 218, 219, -1, 174, 175, -1)
(16, 2| 218, 219, -1, 175, 175, 0)
(17, 2| 220, 235, -26, 175, 203, -28)
(17, 2| 219, 235, -28, 176, 203, -27)
(17, 2| 221, 235, -24, 176, 203, -27)
(17, 2| 220, 235, -26, 177, 203, -26)
(17, 2| 220, 235, -26, 178, 203, -25)
(17, 2| 222, 235, -22, 178, 203, -25)
(17, 2| 221, 235, -24, 179, 203, -24)
(17, 2| 221, 235, -24, 180, 203, -23)
(17, 2| 223, 235, -21, 180, 203, -23)
(17, 2| 222, 235, -22, 181, 203, -22)
(17, 2| 222, 235, -22, 182, 203, -21)
(17, 2| 224, 235, -19, 182, 203, -21)
(17, 2| 223, 235, -21, 183, 203, -20)
(17, 2| 225, 235, -17, 183, 203, -20)
(17, 2| 224, 235, -19, 184, 203, -19)
(17, 2| 224, 235, -19, 185, 203, -18)
(17, 2| 226, 235, -15, 185, 203, -18)
(17, 2| 225, 235, -17, 186, 203, -17)
(17, 2| 225, 235, -17, 187, 203, -16)
(17, 2| 227, 235, -14, 187, 203, -16)
(17, 2| 226, 235, -15, 188, 203, -15)
(17, 2| 226, 235, -15, 189, 203, -14)
(17, 2| 228, 235, -12, 189, 203, -14)
(17, 2| 227, 235, -14, 190, 203, -13)
(17, 2| 229, 235, -10, 190, 203, -13)
(17, 2| 228, 235, -12, 191, 203, -12)
(17, 2| 228, 235, -12, 192, 203, -11)
(17, 2| 230, 235, -8, 192, 203, -11)
(17, 2| 229, 235, -10, 193, 203, -10)
(17, 2| 229, 235, -10, 194, 203, -9)
(17, 2| 231, 235, -7, 194, 203, -9)
(17, 2| 230, 235, -8, 195, 203, -8)
(17, 2| 230, 235, -8, 196, 203, -7)
(17, 2| 232, 235, -5, 196, 203, -7)
(17, 2| 231, 235, -7, 197, 203, -6)
(17, 2| 233, 235, -3, 197, 203, -6)
(17, 2| 232, 235, -5, 198, 203, -5)
(17, 2| 232, 235, -5, 199, 203, -4)
(17, 2| 234, 235, -1, 199, 203, -4)
(17, 2| 233, 235, -3, 200, 203, -3)
(17, 2| 233, 235, -3, 201, 203, -2)
(17, 2| 235, 235, 0, 201, 203, -2)
(17, 2| 234, 235, -1, 202, 203, -1)
(17, 2| 234, 235, -1, 203, 203, 0)
(0, 3| -87, -72, -26, -288, -260, -28)
(0, 3| -88, -72, -28, -287, -260, -27)
(0, 3| -86, -72, -24, -287, -260, -27)
(0, 3| -87, -72, -26, -286, -260, -26)
(0, 3| -87, -72, -26, -285, -260, -25)
(0, 3| -85, -72, -22, -285, -260, -25)
(0, 3| -86, -72, -24, -284, -260, -24)
(0, 3| -86, -72, -24, -283, -260, -23)
(0, 3| -84, -72, -21, -283, -260, -23)
(0, 3| -85, -72, -22, -282, -260, -22)
(0, 3| -85, -72, -22, -281, -260, -21)
(0, 3| -83, -72, -19, -281, -260, -21)
(0, 3| -84, -72, -21, -280, -260, -20)
(0, 3| -82, -72, -17, -280, -260, -20)
(0, 3| -83, -72, -19, -279, -260, -19)
(0, 3| -83, -72, -19, -278, -260, -18)
(0, 3| -81, -72, -15, -278, -260, -18)
(0, 3| -82, -72, -17, -277, -260, -17)
(0, 3| -82, -72, -17, -276, -260, -16)
(0, 3| -80, -72, -14, -276, -260, -16)
(0, 3| -81, -72, -15, -275, -260, -15)
(0, 3| -81, -72, -15, -274, -260, -14)
(0, 3| -79, -72, -12, -274, -260, -14)
(0, 3| -80, -72, -14, -273, -260, -13)
(0, 3| -78, -72, -10, -273, -260, -13)
(0, 3| -79, -72, -12, -272, -260, -12)
(0, 3| -79, -72, -12, -271, -260, -11)
(0, 3| -77, -72, -8, -271, -260, -11)
(0, 3| -78, -72, -10, -270, -260, -10)
(0, 3| -78, -72, -10, -269, -260, -9)
(0, 3| -76, -72, -7, -269, -260, -9)
(0, 3| -77, -72, -8, -268, -260, -8)
(0, 3| -77, -72, -8, -267, -260, -7)
(0, 3| -75, -72, -5, -267, -260, -7)
(0, 3| -76, -72, -7, -266, -260, -6)
(0, 3| -74, -72, -3, -266, -260, -6)
(0, 3| -75, -72, -5, -265, -260, -5)
(0, 3| -75, -72, -5, -264, -260, -4)
(0, 3| -73, -72, -1, -264, -260, -4)
(0, 3| -74, -72, -3, -263, -260, -3)
(0, 3| -74, -72, -3, -262, -260, -2)
(0, 3| -72, -72, 0, -262, -260, -2)
(0, 3| -73, -72, -1, -261, -260, -1)
(0, 3| -73, -72, -1, -260, -260, 0)
(1, 3| -71, -55, -12, -260, -247, -13)
(1, 3| -72, -55, -13, -259, -247, -12)
(1, 3| -70, -55, -11, -259, -247, -12)
(1, 3| -71, -55, -12, -258, -247, -11)
(1, 3| -69, -55, -10, -258, -247, -11)
(1, 3| -70, -55, -11, -257, -247, -10)
(1, 3| -68, -55, -9, -257, -247, -10)
(1, 3| -69, -55, -10, -256, -247, -9)
(1, 3| -67, -55, -9, -256, -247, -9)
(1, 3| -66, -55, -8, -256, -247, -9)
(1, 3| -67, -55, -9, -255, -247, -8)
(1, 3| -65, -55, -7, -255, -247, -8)
(1, 3| -66, -55, -8, -254, -247, -7)
(1, 3| -64, -55, -6, -254, -247, -7)
(1, 3| -65, -55, -7, -253, -247, -6)
(1, 3| -63, -55, -6, -253, -247, -6)
(1, 3| -62, -55, -5, -253, -247, -6)
(1, 3| -63, -55, -6, -252, -247, -5)
(1, 3| -61, -55, -4, -252, -247, -5)
(1, 3| -62, -55, -5, -251, -247, -4)
(1, 3| -60, -55, -3, -251, -247, -4)
(1, 3| -61, -55, -4, -250, -247, -3)
(1, 3| -59, -55, -3, -250, -247, -3)
(1, 3| -58, -55, -2, -250, -247, -3)
(1, 3| -59, -55, -3, -249, -247, -2)
(1, 3| -57, -55, -1, -249, -247, -2)
(1, 3| -58, -55, -2, -248, -247, -1)
(1, 3| -56, -55, 0, -248, -247, -1)
(1, 3| -57, -55, -1, -247, -247, 0)
(2, 3| -54, -39, -27, -247, -218, -29)
(2, 3| -55, -39, -29, -246, -218, -28)
(2, 3| -53, -39, -25, -246, -218, -28)
(2, 3| -54, -39, -27, -245, -218, -27)
(2, 3| -54, -39, -27, -244, -218, -26)
(2, 3| -52, -39, -23, -244, -218, -26)
(2, 3| -53, -39, -25, -243, -218, -25)
(2, 3| -53, -39, -25, -242, -218, -24)
(2, 3| -51, -39, -21, -242, -218, -24)
(2, 3| -52, -39, -23, -241, -218, -23)
(2, 3| -52, -39, -23, -240, -218, -22)
(2, 3| -50, -39, -19, -240, -218, -22)
(2, 3| -51, -39, -21, -239, -218, -21)
(2, 3| -51, -39, -21, -238, -218, -20)
(2, 3| -49, -39, -18, -238, -218, -20)
(2, 3| -50, -39, -19, -237, -218, -19)
(2, 3| -50, -39, -19, -236, -218, -18)
(2, 3| -48, -39, -16, -236, -218, -18)
(2, 3| -49, -39, -18, -235, -218, -17)
(2, 3| -47, -39, -14, -235, -218, -17)
(2, 3| -48, -39, -16, -234, -218, -16)
(2, 3| -48, -39, -16, -233, -218, -15)
(2, 3| -46, -39, -12, -233, -218, -15)
(2, 3| -47, -39, -14, -232, -218, -14)
(2, 3| -47, -39, -14, -231, -218, -13)
(2, 3| -45, -39, -10, -231, -218, -13)
(2, 3| -46, -39, -12, -230, -218, -12)
(2, 3| -46, -39, -12, -229, -218, -11)
(2, 3| -44, -39, -9, -229, -218, -11)
(2, 3| -45, -39, -10, -228, -218, -10)
(2, 3| -45, -39, -10, -227, -218, -9)
(2, 3| -43, -39, -7, -227, -218, -9)
(2, 3| -44, -39, -9, -226, -218, -8)
(2, 3| -42, -39, -5, -226, -218, -8)
(2, 3| -43, -39, -7, -225, -218, -7)
(2, 3| -43, -39, -7, -224, -218, -6)
(2, 3| -41, -39, -3, -224, -218, -6)
(2, 3| -42, -39, -5, -223, -218, -5)
(2, 3| -42, -39, -5, -222, -218, -4)
(2, 3| -40, -39, -1, -222, -218, -4)
(2, 3| -41, -39, -3, -221, -218, -3)
(2, 3| -41, -39, -3, -220, -218, -2)
(2, 3| -39, -39, 0, -220, -218, -2)
(2, 3| -40, -39, -1, -219, -218, -1)
(2, 3| -40, -39, -1, -218, -218, 0)
(3, 3| -38, -23, -40, -218, -175, -43)
(3, 3| -39, -23, -43, -217, -175, -42)
(3, 3| -37, -23, -37, -217, -175, -42)
(3, 3| -38, -23, -40, -216, -175, -41)
(3, 3| -36, -23, -34, -216, -175, -41)
(3, 3| -37, -23, -37, -215, -175, -40)
(3, 3| -35, -23, -32, -215, -175, -40)
(3, 3| -36, -23, -34, -214, -175, -39)
(3, 3| -34, -23, -29, -214, -175, -39)
(3, 3| -35, -23, -32, -213, -175, -38)
(3, 3| -33, -23, -26, -213, -175, -38)
(3, 3| -34, -23, -29, -212, -175, -37)
(3, 3| -32, -23, -24, -212, -175, -37)
(3, 3| -33, -23, -26, -211, -175, -36)
(3, 3| -31, -23, -21, -211, -175, -36)
(3, 3| -32, -23, -24, -210, -175, -35)
(3, 3| -30, -23, -18, -210, -175, -35)
(3, 3| -31, -23, -21, -209, -175, -34)
(3, 3| -29, -23, -16, -209, -175, -34)
(3, 3| -30, -23, -18, -208, -175, -33)
(3, 3| -28, -23, -13, -208, -175, -33)
(3, 3| -29, -23, -16, -207, -175, -32)
(3, 3| -27, -23, -10, -207, -175, -32)
(3, 3| -28, -23, -13, -206, -175, -31)
(3, 3| -26, -23, -8, -206, -175, -31)
(3, 3| -27, -23, -10, -205, -175, -30)
(3, 3| -25, -23, -5, -205, -175, -30)
(3, 3| -26, -23, -8, -204, -175, -29)
(3, 3| -24, -23, -2, -204, -175, -29)
(3, 3| -25, -23, -5, -203, -175, -28)
(3, 3| -23, -23, 0, -203, -175, -28)
(3, 3| -24, -23, -2, -202, -175, -27)
(4, 3| -22, -6, -26, -175, -147, -28)
(4, 3| -23, -6, -28, -174, -147, -27)
(4, 3| -21, -6, -24, -174, -147, -27)
(4, 3| -22, -6, -26, -173, -147, -26)
(4, 3| -22, -6, -26, -172, -147, -25)
(4, 3| -20, -6, -23, -172, -147, -25)
(4, 3| -21, -6, -24, -171, -147, -24)
(4, 3| -21, -6, -24, -170, -147, -23)
(4, 3| -19, -6, -21, -170, -147, -23)
(4, 3| -20, -6, -23, -169, -147, -22)
(4, 3| -18, -6, -19, -169, -147, -22)
(4, 3| -19, -6, -21, -168, -147, -21)
(4, 3| -19, -6, -21, -167, -147, -20)
(4, 3| -17, -6, -18, -167, -147, -20)
(4, 3| -18, -6, -19, -166, -147, -19)
(4, 3| -18, -6, -19, -165, -147, -18)
(4, 3| -16, -6, -16, -165, -147, -18)
(4, 3| -17, -6, -18, -164, -147, -17)
(4, 3| -15, -6, -14, -164, -147, -17)
(4, 3| -16, -6, -16, -163, -147, -16)
(4, 3| -16, -6, -16, -162, -147, -15)
(4, 3| -14, -6, -13, -162, -147, -15)
(4, 3| -15, -6, -14, -161, -147, -14)
(4, 3| -15, -6, -14, -160, -147, -13)
(4, 3| -13, -6, -11, -160, -147, -13)
(4, 3| -14, -6, -13, -159, -147, -12)
(4, 3| -12, -6, -9, -159, -147, -12)
(4, 3| -13, -6, -11, -158, -147, -11)
(4, 3| -13, -6, -11, -157, -147, -10)
(4, 3| -11, -6, -8, -157, -147, -10)
(4, 3| -12, -6, -9, -156, -147, -9)
(4, 3| -12, -6, -9, -155, -147, -8)
(4, 3| -10, -6, -6, -155, -147, -8)
(4, 3| -11, -6, -8, -154, -147, -7)
(4, 3| -9, -6, -4, -154, -147, -7)
(4, 3| -10, -6, -6, -153, -147, -6)
(4, 3| -10, -6, -6, -152, -147, -5)
(4, 3| -8, -6, -3, -152, -147, -5)
(4, 3| -9, -6, -4, -151, -147, -4)
(4, 3| -9, -6, -4, -150, -147, -3)
(4, 3| -7, -6, -1, -150, -147, -3)
(4, 3| -8, -6, -3, -149, -147, -2)
(4, 3| -6, -6, 0, -149, -147, -2)
(4, 3| -7, -6, -1, -148, -147, -1)
(4, 3| -7, -6, -1, -147, -147, 0)
(5, 3| -5, 10, -12, -147, -134, -13)
(5, 3| -6, 10, -13, -146, -134, -12)
(5, 3| -4, 10, -11, -146, -134, -12)
(5, 3| -5, 10, -12, -145, -134, -11)
(5, 3| -3, 10, -10, -145, -134, -11)
(5, 3| -4, 10, -11, -144, -134, -10)
(5, 3| -2, 10, -9, -144, -134, -10)
(5, 3| -3, 10, -10, -143, -134, -9)
(5, 3| -1, 10, -8, -143, -134, -9)
(5, 3| -2, 10, -9, -142, -134, -8)
(5, 3| 0, 10, -8, -142, -134, -8)
(5, 3| 1, 10, -7, -142, -134, -8)
(5, 3| 0, 10, -8, -141, -134, -7)
(5, 3| 2, 10, -6, -141, -134, -7)
(5, 3| 1, 10, -7, -140, -134, -6)
(5, 3| 3, 10, -5, -140, -134, -6)
(5, 3| 2, 10, -6, -139, -134, -5)
(5, 3| 4, 10, -4, -139, -134, -5)
(5, 3| 3, 10, -5, -138, -134, -4)
(5, 3| 5, 10, -4, -138, -134, -4)
(5, 3| 6, 10, -3, -138, -134, -4)
(5, 3| 5, 10, -4, -137, -134, -3)
(5, 3| 7, 10, -2, -137, -134, -3)
(5, 3| 6, 10, -3, -136, -134, -2)
(5, 3| 8, 10, -1, -136, -134, -2)
(5, 3| 7, 10, -2, -135, -134, -1)
(5, 3| 9, 10, 0, -135, -134, -1)
(5, 3| 8, 10, -1, -134, -134, 0)
(6, 3| 11, 26, -27, -134, -105, -29)
(6, 3| 10, 26, -29, -133, -105, -28)
(6, 3| 12, 26, -25, -133, -105, -28)
(6, 3| 11, 26, -27, -132, -105, -27)
(6, 3| 11, 26, -27, -131, -105, -26)
(6, 3| 13, 26, -23, -131, -105, -26)
(6, 3| 12, 26, -25, -130, -105, -25)
(6, 3| 12, 26, -25, -129, -105, -24)
(6, 3| 14, 26, -21, -129, -105, -24)
(6, 3| 13, 26, -23, -128, -105, -23)
(6, 3| 13, 26, -23, -127, -105, -22)
(6, 3| 15, 26, -19, -127, -105, -22)
(6, 3| 14, 26, -21, -126, -105, -21)
(6, 3| 14, 26, -21, -125, -105, -20)
(6, 3| 16, 26, -18, -125, -105, -20)
(6, 3| 15, 26, -19, -124, -105, -19)
(6, 3| 15, 26, -19, -123, -105, -18)
(6, 3| 17, 26, -16, -123, -105, -18)
(6, 3| 16, 26, -18, -122, -105, -17)
(6, 3| 18, 26, -14, -122, -105, -17)
(6, 3| 17, 26, -16, -121, -105, -16)
(6, 3| 17, 26, -16, -120, -105, -15)
(6, 3| 19, 26, -12, -120, -105, -15)
(6, 3| 18, 26, -14, -119, -105, -14)
(6, 3| 18, 26, -14, -118, -105, -13)
(6, 3| 20, 26, -10, -118, -105, -13)
(6, 3| 19, 26, -12, -117, -105, -12)
(6, 3| 19, 26, -12, -116, -105, -11)
(6, 3| 21, 26, -9, -116, -105, -11)
(6, 3| 20, 26, -10, -115, -105, -10)
(6, 3| 20, 26, -10, -114, -105, -9)
(6, 3| 22, 26, -7, -114, -105, -9)
(6, 3| 21, 26, -9, -113, -105, -8)
(6, 3| 23, 26, -5, -113, -105, -8)
(6, 3| 22, 26, -7, -112, -105, -7)
(6, 3| 22, 26, -7, -111, -105, -6)
(6, 3| 24, 26, -3, -111, -105, -6)
(6, 3| 23, 26, -5, -110, -105, -5)
(6, 3| 23, 26, -5, -109, -105, -4)
(6, 3| 25, 26, -1, -109, -105, -4)
(6, 3| 24, 26, -3, -108, -105, -3)
(6, 3| 24, 26, -3, -107, -105, -2)
(6, 3| 26, 26, 0, -107, -105, -2)
(6, 3| 25, 26, -1, -106, -105, -1)
(6, 3| 25, 26, -1, -105, -105, 0)
(7, 3| 27, 43, -40, -105, -62, -43)
(7, 3| 26, 43, -43, -104, -62, -42)
(7, 3| 28, 43, -37, -104, -62, -42)
(7, 3| 27, 43, -40, -103, -62, -41)
(7, 3| 29, 43, -35, -103, -62, -41)
(7, 3| 28, 43, -37, -102, -62, -40)
(7, 3| 30, 43, -32, -102, -62, -40)
(7, 3| 29, 43, -35, -101, -62, -39)
(7, 3| 31, 43, -30, -101, -62, -39)
(7, 3| 30, 43, -32, -100, -62, -38)
(7, 3| 32, 43, -27, -100, -62, -38)
(7, 3| 31, 43, -30, -99, -62, -37)
(7, 3| 33, 43, -25, -99, -62, -37)
(7, 3| 32, 43, -27, -98, -62, -36)
(7, 3| 34, 43, -22, -98, -62, -36)
(7, 3| 33, 43, -25, -97, -62, -35)
(7, 3| 35, 43, -20, -97, -62, -35)
(7, 3| 34, 43, -22, -96, -62, -34)
(7, 3| 36, 43, -17, -96, -62, -34)
(7, 3| 35, 43, -20, -95, -62, -33)
(7, 3| 37, 43, -15, -95, -62, -33)
(7, 3| 36, 43, -17, -94, -62, -32)
(7, 3| 38, 43, -12, -94, -62, -32)
(7, 3| 37, 43, -15, -93, -62, -31)
(7, 3| 39, 43, -10, -93, -62, -31)
(7, 3| 38, 43, -12, -92, -62, -30)
(7, 3| 40, 43, -7, -92, -62, -30)
(7, 3| 39, 43, -10, -91, -62, -29)
(7, 3| 41, 43, -5, -91, -62, -29)
(7, 3| 40, 43, -7, -90, -62, -28)
(7, 3| 42, 43, -2, -90, -62, -28)
(7, 3| 41, 43, -5, -89, -62, -27)
(7, 3| 43, 43, 0, -89, -62, -27)
(7, 3| 42, 43, -2, -88, -62, -26)
(8, 3| 44, 59, -26, -62, -34, -28)
(8, 3| 43, 59, -28, -61, -34, -27)
(8, 3| 45, 59, -24, -61, -34, -27)
(8, 3| 44, 59, -26, -60, -34, -26)
(8, 3| 44, 59, -26, -59, -34, -25)
(8, 3| 46, 59, -22, -59, -34, -25)
(8, 3| 45, 59, -24, -58, -34, -24)
(8, 3| 45, 59, -24, -57, -34, -23)
(8, 3| 47, 59, -21, -57, -34, -23)
(8, 3| 46, 59, -22, -56, -34, -22)
(8, 3| 46, 59, -22, -55, -34, -21)
(8, 3| 48, 59, -19, -55, -34, -21)
(8, 3| 47, 59, -21, -54, -34, -20)
(8, 3| 49, 59, -17, -54, -34, -20)
(8, 3| 48, 59, -19, -53, -34, -19)
(8, 3| 48, 59, -19, -52, -34, -18)
(8, 3| 50, 59, -15, -52, -34, -18)
(8, 3| 49, 59, -17, -51, -34, -17)
(8, 3| 49, 59, -17, -50, -34, -16)
(8, 3| 51, 59, -14, -50, -34, -16)
(8, 3| 50, 59, -15, -49, -34, -15)
(8, 3| 50, 59, -15, -48, -34, -14)
(8, 3| 52, 59, -12, -48, -34, -14)
(8, 3| 51, 59, -14, -47, -34, -13)
(8, 3| 53, 59, -10, -47, -34, -13)
(8, 3| 52, 59, -12, -46, -34, -12)
(8, 3| 52, 59, -12, -45, -34, -11)
(8, 3| 54, 59, -8, -45, -34, -11)
(8, 3| 53, 59, -10, -44, -34, -10)
(8, 3| 53, 59, -10, -43, -34, -9)
(8, 3| 55, 59, -7, -43, -34, -9)
(8, 3| 54, 59, -8, -42, -34, -8)
(8, 3| 54, 59, -8, -41, -34, -7)
(8, 3| 56, 59, -5, -41, -34, -7)
(8, 3| 55, 59, -7, -40, -34, -6)
(8, 3| 57, 59, -3, -40, -34, -6)
(8, 3| 56, 59, -5, -39, -34, -5)
(8, 3| 56, 59, -5, -38, -34, -4)
(8, 3| 58, 59, -1, -38, -34, -4)
(8, 3| 57, 59, -3, -37, -34, -3)
(8, 3| 57, 59, -3, -36, -34, -2)
(8, 3| 59, 59, 0, -36, -34, -2)
(8, 3| 58, 59, -1, -35, -34, -1)
(8, 3| 58, 59, -1, -34, -34, 0)
(9, 3| 60, 75, -26, -34, -6, -28)
(9, 3| 59, 75, -28, -33, -6, -27)
(9, 3| 61, 75, -24, -33, -6, -27)
(9, 3| 60, 75, -26, -32, -6, -26)
(9, 3| 60, 75, -26, -31, -6, -25)
(9, 3| 62, 75, -22, -31, -6, -25)
(9, 3| 61, 75, -24, -30, -6, -24)
(9, 3| 61, 75, -24, -29, -6, -23)
(9, 3| 63, 75, -21, -29, -6, -23)
(9, 3| 62, 75, -22, -28, -6, -22)
(9, 3| 62, 75, -22, -27, -6, -21)
(9, 3| 64, 75, -19, -27, -6, -21)
(9, 3| 63, 75, -21, -26, -6, -20)
(9, 3| 65, 75, -17, -26, -6, -20)
(9, 3| 64, 75, -19, -25, -6, -19)
(9, 3| 64, 75, -19, -24, -6, -18)
(9, 3| 66, 75, -15, -24, -6, -18)
(9, 3| 65, 75, -17, -23, -6, -17)
(9, 3| 65, 75, -17, -22, -6, -16)
(9, 3| 67, 75, -14, -22, -6, -16)
(9, 3| 66, 75, -15, -21, -6, -15)
(9, 3| 66, 75, -15, -20, -6, -14)
(9, 3| 68, 75, -12, -20, -6, -14)
(9, 3| 67, 75, -14, -19, -6, -13)
(9, 3| 69, 75, -10, -19, -6, -13)
(9, 3| 68, 75, -12, -18, -6, -12)
(9, 3| 68, 75, -12, -17, -6, -11)
(9, 3| 70, 75, -8, -17, -6, -11)
(9, 3| 69, 75, -10, -16, -6, -10)
(9, 3| 69, 75, -10, -15, -6, -9)
(9, 3| 71, 75, -7, -15, -6, -9)
(9, 3| 70, 75, -8, -14, -6, -8)
(9, 3| 70, 75, -8, -13, -6, -7)
(9, 3| 72, 75, -5, -13, -6, -7)
(9, 3| 71, 75, -7, -12, -6, -6)
(9, 3| 73, 75, -3, -12, -6, -6)
(9, 3| 72, 75, -5, -11, -6, -5)
(9, 3| 72, 75, -5, -10, -6, -4)
(9, 3| 74, 75, -1, -10, -6, -4)
(9, 3| 73, 75, -3, -9, -6, -3)
(9, 3| 73, 75, -3, -8, -6, -2)
(9, 3| 75, 75, 0, -8, -6, -2)
(9, 3| 74, 75, -1, -7, -6, -1)
(9, 3| 74, 75, -1, -6, -6, 0)
(10, 3| 76, 92, -26, -6, 22, -28)
(10, 3| 75, 92, -28, -5, 22, -27)
(10, 3| 77, 92, -24, -5, 22, -27)
(10, 3| 76, 92, -26, -4, 22, -26)
(10, 3| 76, 92, -26, -3, 22, -25)
(10, 3| 78, 92, -23, -3, 22, -25)
(10, 3| 77, 92, -24, -2, 22, -24)
(10, 3| 77, 92, -24, -1, 22, -23)
(10, 3| 79, 92, -21, -1, 22, -23)
(10, 3| 78, 92, -23, 0, 22, -22)
(10, 3| 80, 92, -19, 0, 22, -22)
(10, 3| 79, 92, -21, 1, 22, -21)
(10, 3| 79, 92, -21, 2, 22, -20)
(10, 3| 81, 92, -18, 2, 22, -20)
(10, 3| 80, 92, -19, 3, 22, -19)
(10, 3| 80, 92, -19, 4, 22, -18)
(10, 3| 82, 92, -16, 4, 22, -18)
(10, 3| 81, 92, -18, 5, 22, -17)
(10, 3| 83, 92, -14, 5, 22, -17)
(10, 3| 82, 92, -16, 6, 22, -16)
(10, 3| 82, 92, -16, 7, 22, -15)
(10, 3| 84, 92, -13, 7, 22, -15)
(10, 3| 83, 92, -14, 8, 22, -14)
(10, 3| 83, 92, -14, 9, 22, -13)
(10, 3| 85, 92, -11, 9, 22, -13)
(10, 3| 84, 92, -13, 10, 22, -12)
(10, 3| 86, 92, -9, 10, 22, -12)
(10, 3| 85, 92, -11, 11, 22, -11)
(10, 3| 85, 92, -11, 12, 22, -10)
(10, 3| 87, 92, -8, 12, 22, -10)
(10, 3| 86, 92, -9, 13, 22, -9)
(10, 3| 86, 92, -9, 14, 22, -8)
(10, 3| 88, 92, -6, 14, 22, -8)
(10, 3| 87, 92, -8, 15, 22, -7)
(10, 3| 89, 92, -4, 15, 22, -7)
(10, 3| 88, 92, -6, 16, 22, -6)
(10, 3| 88, 92, -6, 17, 22, -5)
(10, 3| 90, 92, -3, 17, 22, -5)
(10, 3| 89, 92, -4, 18, 22, -4)
(10, 3| 89, 92, -4, 19, 22, -3)
(10, 3| 91, 92, -1, 19, 22, -3)
(10, 3| 90, 92, -3, 20, 22, -2)
(10, 3| 92, 92, 0, 20, 22, -2)
(10, 3| 91, 92, -1, 21, 22, -1)
(10, 3| 91, 92, -1, 22, 22, 0)
(11, 3| 93, 108, -27, 22, 51, -29)
(11, 3| 92, 108, -29, 23, 51, -28)
(11, 3| 94, 108, -25, 23, 51, -28)
(11, 3| 93, 108, -27, 24, 51, -27)
(11, 3| 93, 108, -27, 25, 51, -26)
(11, 3| 95, 108, -23, 25, 51, -26)
(11, 3| 94, 108, -25, 26, 51, -25)
(11, 3| 94, 108, -25, 27, 51, -24)
(11, 3| 96, 108, -21, 27, 51, -24)
(11, 3| 95, 108, -23, 28, 51, -23)
(11, 3| 95, 108, -23, 29, 51, -22)
(11, 3| 97, 108, -19, 29, 51, -22)
(11, 3| 96, 108, -21, 30, 51, -21)
(11, 3| 96, 108, -21, 31, 51, -20)
(11, 3| 98, 108, -18, 31, 51, -20)
(11, 3| 97, 108, -19, 32, 51, -19)
(11, 3| 97, 108, -19, 33, 51, -18)
(11, 3| 99, 108, -16, 33, 51, -18)
(11, 3| 98, 108, -18, 34, 51, -17)
(11, 3| 100, 108, -14, 34, 51, -17)
(11, 3| 99, 108, -16, 35, 51, -16)
(11, 3| 99, 108, -16, 36, 51, -15)
(11, 3| 101, 108, -12, 36, 51, -15)
(11, 3| 100, 108, -14, 37, 51, -14)
(11, 3| 100, 108, -14, 38, 51, -13)
(11, 3| 102, 108, -10, 38, 51, -13)
(11, 3| 101, 108, -12, 39, 51, -12)
(11, 3| 101, 108, -12, 40, 51, -11)
(11, 3| 103, 108, -9, 40, 51, -11)
(11, 3| 102, 108, -10, 41, 51, -10)
(11, 3| 102, 108, -10, 42, 51, -9)
(11, 3| 104, 108, -7, 42, 51, -9)
(11, 3| 103, 108, -9, 43, 51, -8)
(11, 3| 105, 108, -5, 43, 51, -8)
(11, 3| 104, 108, -7, 44, 51, -7)
(11, 3| 104, 108, -7, 45, 51, -6)
(11, 3| 106, 108, -3, 45, 51, -6)
(11, 3| 105, 108, -5, 46, 51, -5)
(11, 3| 105, 108, -5, 47, 51, -4)
(11, 3| 107, 108, -1, 47, 51, -4)
(11, 3| 106, 108, -3, 48, 51, -3)
(11, 3| 106, 108, -3, 49, 51, -2)
(11, 3| 108, 108, 0, 49, 51, -2)
(11, 3| 107, 108, -1, 50, 51, -1)
(11, 3| 107, 108, -1, 51, 51, 0)
(12, 3| 109, 124, -26, 51, 79, -28)
(12, 3| 108, 124, -28, 52, 79, -27)
(12, 3| 110, 124, -24, 52, 79, -27)
(12, 3| 109, 124, -26, 53, 79, -26)
(12, 3| 109, 124, -26, 54, 79, -25)
(12, 3| 111, 124, -22, 54, 79, -25)
(12, 3| 110, 124, -24, 55, 79, -24)
(12, 3| 110, 124, -24, 56, 79, -23)
(12, 3| 112, 124, -21, 56, 79, -23)
(12, 3| 111, 124, -22, 57, 79, -22)
(12, 3| 111, 124, -22, 58, 79, -21)
(12, 3| 113, 124, -19, 58, 79, -21)
(12, 3| 112, 124, -21, 59, 79, -20)
(12, 3| 114, 124, -17, 59, 79, -20)
(12, 3| 113, 124, -19, 60, 79, -19)
(12, 3| 113, 124, -19, 61, 79, -18)
(12, 3| 115, 124, -15, 61, 79, -18)
(12, 3| 114, 124, -17, 62, 79, -17)
(12, 3| 114, 124, -17, 63, 79, -16)
(12, 3| 116, 124, -14, 63, 79, -16)
(12, 3| 115, 124, -15, 64, 79, -15)
(12, 3| 115, 124, -15, 65, 79, -14)
(12, 3| 117, 124, -12, 65, 79, -14)
(12, 3| 116, 124, -14, 66, 79, -13)
(12, 3| 118, 124, -10, 66, 79, -13)
(12, 3| 117, 124, -12, 67, 79, -12)
(12, 3| 117, 124, -12, 68, 79, -11)
(12, 3| 119, 124, -8, 68, 79, -11)
(12, 3| 118, 124, -10, 69, 79, -10)
(12, 3| 118, 124, -10, 70, 79, -9)
(12, 3| 120, 124, -7, 70, 79, -9)
(12, 3| 119, 124, -8, 71, 79, -8)
(12, 3| 119, 124, -8, 72, 79, -7)
(12, 3| 121, 124, -5, 72, 79, -7)
(12, 3| 120, 124, -7, 73, 79, -6)
(12, 3| 122, 124, -3, 73, 79, -6)
(12, 3| 121, 124, -5, 74, 79, -5)
(12, 3| 121, 124, -5, 75, 79, -4)
(12, 3| 123, 124, -1, 75, 79, -4)
(12, 3| 122, 124, -3, 76, 79, -3)
(12, 3| 122, 124, -3, 77, 79, -2)
(12, 3| 124, 124, 0, 77, 79, -2)
(12, 3| 123, 124, -1, 78, 79, -1)
(12, 3| 123, 124, -1, 79, 79, 0)
(13, 3| 125, 141, -26, 79, 107, -28)
(13, 3| 124, 141, -28, 80, 107, -27)
(13, 3| 126, 141, -24, 80, 107, -27)
(13, 3| 125, 141, -26, 81, 107, -26)
(13, 3| 125, 141, -26, 82, 107, -25)
(13, 3| 127, 141, -23, 82, 107, -25)
(13, 3| 126, 141, -24, 83, 107, -24)
(13, 3| 126, 141, -24, 84, 107, -23)
(13, 3| 128, 141, -21, 84, 107, -23)
(13, 3| 127, 141, -23, 85, 107, -22)
(13, 3| 129, 141, -19, 85, 107, -22)
(13, 3| 128, 141, -21, 86, 107, -21)
(13, 3| 128, 141, -21, 87, 107, -20)
(13, 3| 130, 141, -18, 87, 107, -20)
(13, 3| 129, 141, -19, 88, 107, -19)
(13, 3| 129, 141, -19, 89, 107, -18)
(13, 3| 131, 141, -16, 89, 107, -18)
(13, 3| 130, 141, -18, 90, 107, -17)
(13, 3| 132, 141, -14, 90, 107, -17)
(13, 3| 131, 141, -16, 91, 107, -16)
(13, 3| 131, 141, -16, 92, 107, -15)
(13, 3| 133, 141, -13, 92, 107, -15)
(13, 3| 132, 141, -14, 93, 107, -14)
(13, 3| 132, 141, -14, 94, 107, -13)
(13, 3| 134, 141, -11, 94, 107, -13)
(13, 3| 133, 141, -13, 95, 107, -12)
(13, 3| 135, 141, -9, 95, 107, -12)
(13, 3| 134, 141, -11, 96, 107, -11)
(13, 3| 134, 141, -11, 97, 107, -10)
(13, 3| 136, 141, -8, 97, 107, -10)
(13, 3| 135, 141, -9, 98, 107, -9)
(13, 3| 135, 141, -9, 99, 107, -8)
(13, 3| 137, 141, -6, 99, 107, -8)
(13, 3| 136, 141, -8, 100, 107, -7)
(13, 3| 138, 141, -4, 100, 107, -7)
(13, 3| 137, 141, -6, 101, 107, -6)
(13, 3| 137, 141, -6, 102, 107, -5)
(13, 3| 139, 141, -3, 102, 107, -5)
(13, 3| 138, 141, -4, 103, 107, -4)
(13, 3| 138, 141, -4, 104, 107, -3)
(13, 3| 140, 141, -1, 104, 107, -3)
(13, 3| 139, 141, -3, 105, 107, -2)
(13, 3| 141, 141, 0, 105, 107, -2)
(13, 3| 140, 141, -1, 106, 107, -1)
(13, 3| 140, 141, -1, 107, 107, 0)
(14, 3| 142, 157, -12, 107, 120, -13)
(14, 3| 141, 157, -13, 108, 120, -12)
(14, 3| 143, 157, -11, 108, 120, -12)
(14, 3| 142, 157, -12, 109, 120, -11)
(14, 3| 144, 157, -10, 109, 120, -11)
(14, 3| 143, 157, -11, 110, 120, -10)
(14, 3| 145, 157, -9, 110, 120, -10)
(14, 3| 144, 157, -10, 111, 120, -9)
(14, 3| 146, 157, -8, 111, 120, -9)
(14, 3| 145, 157, -9, 112, 120, -8)
(14, 3| 147, 157, -8, 112, 120, -8)
(14, 3| 148, 157, -7, 112, 120, -8)
(14, 3| 147, 157, -8, 113, 120, -7)
(14, 3| 149, 157, -6, 113, 120, -7)
(14, 3| 148, 157, -7, 114, 120, -6)
(14, 3| 150, 157, -5, 114, 120, -6)
(14, 3| 149, 157, -6, 115, 120, -5)
(14, 3| 151, 157, -4, 115, 120, -5)
(14, 3| 150, 157, -5, 116, 120, -4)
(14, 3| 152, 157, -4, 116, 120, -4)
(14, 3| 153, 157, -3, 116, 120, -4)
(14, 3| 152, 157, -4, 117, 120, -3)
(14, 3| 154, 157, -2, 117, 120, -3)
(14, 3| 153, 157, -3, 118, 120, -2)
(14, 3| 155, 157, -1, 118, 120, -2)
(14, 3| 154, 157, -2, 119, 120, -1)
(14, 3| 156, 157, 0, 119, 120, -1)
(14, 3| 155, 157, -1, 120, 120, 0)
(15, 3| 158, 173, -27, 120, 149, -29)
(15, 3| 157, 173, -29, 121, 149, -28)
(15, 3| 159, 173, -25, 121, 149, -28)
(15, 3| 158, 173, -27, 122, 149, -27)
(15, 3| 158, 173, -27, 123, 149, -26)
(15, 3| 160, 173, -23, 123, 149, -26)
(15, 3| 159, 173, -25, 124, 149, -25)
(15, 3| 159, 173, -25, 125, 149, -24)
(15, 3| 161, 173, -21, 125, 149, -24)
(15, 3| 160, 173, -23, 126, 149, -23)
(15, 3| 160, 173, -23, 127, 149, -22)
(15, 3| 162, 173, -19, 127, 149, -22)
(15, 3| 161, 173, -21, 128, 149, -21)
(15, 3| 161, 173, -21, 129, 149, -20)
(15, 3| 163, 173, -18, 129, 149, -20)
(15, 3| 162, 173, -19, 130, 149, -19)
(15, 3| 162, 173, -19, 131, 149, -18)
(15, 3| 164, 173, -16, 131, 149, -18)
(15, 3| 163, 173, -18, 132, 149, -17)
(15, 3| 165, 173, -14, 132, 149, -17)
(15, 3| 164, 173, -16, 133, 149, -16)
(15, 3| 164, 173, -16, 134, 149, -15)
(15, 3| 166, 173, -12, 134, 149, -15)
(15, 3| 165, 173, -14, 135, 149, -14)
(15, 3| 165, 173, -14, 136, 149, -13)
(15, 3| 167, 173, -10, 136, 149, -13)
(15, 3| 166, 173, -12, 137, 149, -12)
(15, 3| 166, 173, -12, 138, 149, -11)
(15, 3| 168, 173, -9, 138, 149, -11)
(15, 3| 167, 173, -10, 139, 149, -10)
(15, 3| 167, 173, -10, 140, 149, -9)
(15, 3| 169, 173, -7, 140, 149, -9)
(15, 3| 168, 173, -9, 141, 149, -8)
(15, 3| 170, 173, -5, 141, 149, -8)
(15, 3| 169, 173, -7, 142, 149, -7)
(15, 3| 169, 173, -7, 143, 149, -6)
(15, 3| 171, 173, -3, 143, 149, -6)
(15, 3| 170, 173, -5, 144, 149, -5)
(15, 3| 170, 173, -5, 145, 149, -4)
(15, 3| 172, 173, -1, 145, 149, -4)
(15, 3| 171, 173, -3, 146, 149, -3)
(15, 3| 171, 173, -3, 147, 149, -2)
(15, 3| 173, 173, 0, 147, 149, -2)
(15, 3| 172, 173, -1, 148, 149, -1)
(15, 3| 172, 173, -1, 149, 149, 0)
(16, 3| 174, 190, -40, 149, 192, -43)
(16, 3| 173, 190, -43, 150, 192, -42)
(16, 3| 175, 190, -37, 150, 192, -42)
(16, 3| 174, 190, -40, 151, 192, -41)
(16, 3| 176, 190, -35, 151, 192, -41)
(16, 3| 175, 190, -37, 152, 192, -40)
(16, 3| 177, 190, -32, 152, 192, -40)
(16, 3| 176, 190, -35, 153, 192, -39)
(16, 3| 178, 190, -30, 153, 192, -39)
(16, 3| 177, 190, -32, 154, 192, -38)
(16, 3| 179, 190, -27, 154, 192, -38)
(16, 3| 178, 190, -30, 155, 192, -37)
(16, 3| 180, 190, -25, 155, 192, -37)
(16, 3| 179, 190, -27, 156, 192, -36)
(16, 3| 181, 190, -22, 156, 192, -36)
(16, 3| 180, 190, -25, 157, 192, -35)
(16, 3| 182, 190, -20, 157, 192, -35)
(16, 3| 181, 190, -22, 158, 192, -34)
(16, 3| 183, 190, -17, 158, 192, -34)
(16, 3| 182, 190, -20, 159, 192, -33)
(16, 3| 184, 190, -15, 159, 192, -33)
(16, 3| 183, 190, -17, 160, 192, -32)
(16, 3| 185, 190, -12, 160, 192, -32)
(16, 3| 184, 190, -15, 161, 192, -31)
(16, 3| 186, 190, -10, 161, 192, -31)
(16, 3| 185, 190, -12, 162, 192, -30)
(16, 3| 187, 190, -7, 162, 192, -30)
(16, 3| 186, 190, -10, 163, 192, -29)
(16, 3| 188, 190, -5, 163, 192, -29)
(16, 3| 187, 190, -7, 164, 192, -28)
(16, 3| 189, 190, -2, 164, 192, -28)
(16, 3| 188, 190, -5, 165, 192, -27)
(16, 3| 190, 190, 0, 165, 192, -27)
(16, 3| 189, 190, -2, 166, 192, -26)
(17, 3| 191, 206, -26, 192, 220, -28)
(17, 3| 190, 206, -28, 193, 220, -27)
(17, 3| 192, 206, -24, 193, 220, -27)
(17, 3| 191, 206, -26, 194, 220, -26)
(17, 3| 191, 206, -26, 195, 220, -25)
(17, 3| 193, 206, -22, 195, 220, -25)
(17, 3| 192, 206, -24, 196, 220, -24)
(17, 3| 192, 206, -24, 197, 220, -23)
(17, 3| 194, 206, -21, 197, 220, -23)
(17, 3| 193, 206, -22, 198, 220, -22)
(17, 3| 193, 206, -22, 199, 220, -21)
(17, 3| 195, 206, -19, 199, 220, -21)
(17, 3| 194, 206, -21, 200, 220, -20)
(17, 3| 196, 206, -17, 200, 220, -20)
(17, 3| 195, 206, -19, 201, 220, -19)
(17, 3| 195, 206, -19, 202, 220, -18)
(17, 3| 197, 206, -15, 202, 220, -18)
(17, 3| 196, 206, -17, 203, 220, -17)
(17, 3| 196, 206, -17, 204, 220, -16)
(17, 3| 198, 206, -14, 204, 220, -16)
(17, 3| 197, 206, -15, 205, 220, -15)
(17, 3| 197, 206, -15, 206, 220, -14)
(17, 3| 199, 206, -12, 206, 220, -14)
(17, 3| 198, 206, -14, 207, 220, -13)
(17, 3| 200, 206, -10, 207, 220, -13)
(17, 3| 199, 206, -12, 208, 220, -12)
(17, 3| 199, 206, -12, 209, 220, -11)
(17, 3| 201, 206, -8, 209, 220, -11)
(17, 3| 200, 206, -10, 210, 220, -10)
(17, 3| 200, 206, -10, 211, 220, -9)
(17, 3| 202, 206, -7, 211, 220, -9)
(17, 3| 201, 206, -8, 212, 220, -8)
(17, 3| 201, 206, -8, 213, 220, -7)
(17, 3| 203, 206, -5, 213, 220, -7)
(17, 3| 202, 206, -7, 214, 220, -6)
(17, 3| 204, 206, -3, 214, 220, -6)
(17, 3| 203, 206, -5, 215, 220, -5)
(17, 3| 203, 206, -5, 216, 220, -4)
(17, 3| 205, 206, -1, 216, 220, -4)
(17, 3| 204, 206, -3, 217, 220, -3)
(17, 3| 204, 206, -3, 218, 220, -2)
(17, 3| 206, 206, 0, 218, 220, -2)
(17, 3| 205, 206, -1, 219, 220, -1)
(17, 3| 205, 206, -1, 220, 220, 0)
(0, 4| -117, -102, -26, -271, -243, -28)
(0, 4| -118, -102, -28, -270, -243, -27)
(0, 4| -116, -102, -24, -270, -243, -27)
(0, 4| -117, -102, -26, -269, -243, -26)
(0, 4| -117, -102, -26, -268, -243, -25)
(0, 4| -115, -102, -22, -268, -243, -25)
(0, 4| -116, -102, -24, -267, -243, -24)
(0, 4| -116, -102, -24, -266, -243, -23)
(0, 4| -114, -102, -21, -266, -243, -23)
(0, 4| -115, -102, -22, -265, -243, -22)
(0, 4| -115, -102, -22, -264, -243, -21)
(0, 4| -113, -102, -19, -264, -243, -21)
(0, 4| -114, -102, -21, -263, -243, -20)
(0, 4| -112, -102, -17, -263, -243, -20)
(0, 4| -113, -102, -19, -262, -243, -19)
(0, 4| -113, -102, -19, -261, -243, -18)
(0, 4| -111, -102, -15, -261, -243, -18)
(0, 4| -112, -102, -17, -260, -243, -17)
(0, 4| -112, -102, -17, -259, -243, -16)
(0, 4| -110, -102, -14, -259, -243, -16)
(0, 4| -111, -102, -15, -258, -243, -15)
(0, 4| -111, -102, -15, -257, -243, -14)
(0, 4| -109, -102, -12, -257, -243, -14)
(0, 4| -110, -102, -14, -256, -243, -13)
(0, 4| -108, -102, -10, -256, -243, -13)
(0, 4| -109, -102, -12, -255, -243, -12)
(0, 4| -109, -102, -12, -254, -243, -11)
(0, 4| -107, -102, -8, -254, -243, -11)
(0, 4| -108, -102, -10, -253, -243, -10)
(0, 4| -108, -102, -10, -252, -243, -9)
(0, 4| -106, -102, -7, -252, -243, -9)
(0, 4| -107, -102, -8, -251, -243, -8)
(0, 4| -107, -102, -8, -250, -243, -7)
(0, 4| -105, -102, -5, -250, -243, -7)
(0, 4| -106, -102, -7, -249, -243, -6)
(0, 4| -104, -102, -3, -249, -243, -6)
(0, 4| -105, -102, -5, -248, -243, -5)
(0, 4| -105, -102, -5, -247, -243, -4)
(0, 4| -103, -102, -1, -247, -243, -4)
(0, 4| -104, -102, -3, -246, -243, -3)
(0, 4| -104, -102, -3, -245, -243, -2)
(0, 4| -102, -102, 0, -245, -243, -2)
(0, 4| -103, -102, -1, -244, -243, -1)
(0, 4| -103, -102, -1, -243, -243, 0)
(1, 4| -101, -85, -12, -243, -230, -13)
(1, 4| -102, -85, -13, -242, -230, -12)
(1, 4| -100, -85, -11, -242, -230, -12)
(1, 4| -101, -85, -12, -241, -230, -11)
(1, 4| -99, -85, -10, -241, -230, -11)
(1, 4| -100, -85, -11, -240, -230, -10)
(1, 4| -98, -85, -9, -240, -230, -10)
(1, 4| -99, -85, -10, -239, -230, -9)
(1, 4| -97, -85, -9, -239, -230, -9)
(1, 4| -96, -85, -8, -239, -230, -9)
(1, 4| -97, -85, -9, -238, -230, -8)
(1, 4| -95, -85, -7, -238, -230, -8)
(1, 4| -96, -85, -8, -237, -230, -7)
(1, 4| -94, -85, -6, -237, -230, -7)
(1, 4| -95, -85, -7, -236, -230, -6)
(1, 4| -93, -85, -6, -236, -230, -6)
(1, 4| -92, -85, -5, -236, -230, -6)
(1, 4| -93, -85, -6, -235, -230, -5)
(1, 4| -91, -85, -4, -235, -230, -5)
(1, 4| -92, -85, -5, -234, -230, -4)
(1, 4| -90, -85, -3, -234, -230, -4)
(1, 4| -91, -85, -4, -233, -230, -3)
(1, 4| -89, -85, -3, -233, -230, -3)
(1, 4| -88, -85, -2, -233, -230, -3)
(1, 4| -89, -85, -3, -232, -230, -2)
(1, 4| -87, -85, -1, -232, -230, -2)
(1, 4| -88, -85, -2, -231, -230, -1)
(1, 4| -86, -85, 0, -231, -230, -1)
(1, 4| -87, -85, -1, -230, -230, 0)
(2, 4| -84, -69, -27, -230, -201, -29)
(2, 4| -85, -69, -29, -229, -201, -28)
(2, 4| -83, -69, -25, -229, -201, -28)
(2, 4| -84, -69, -27, -228, -201, -27)
(2, 4| -84, -69, -27, -227, -201, -26)
(2, 4| -82, -69, -23, -227, -201, -26)
(2, 4| -83, -69, -25, -226, -201, -25)
(2, 4| -83, -69, -25, -225, -201, -24)
(2, 4| -81, -69, -21, -225, -201, -24)
(2, 4| -82, -69, -23, -224, -201, -23)
(2, 4| -82, -69, -23, -223, -201, -22)
(2, 4| -80, -69, -19, -223, -201, -22)
(2, 4| -81, -69, -21, -222, -201, -21)
(2, 4| -81, -69, -21, -221, -201, -20)
(2, 4| -79, -69, -18, -221, -201, -20)
(2, 4| -80, -69, -19, -220, -201, -19)
(2, 4| -80, -69, -19, -219, -201, -18)
(2, 4| -78, -69, -16, -219, -201, -18)
(2, 4| -79, -69, -18, -218, -201, -17)
(2, 4| -77, -69, -14, -218, -201, -17)
(2, 4| -78, -69, -16, -217, -201, -16)
(2, 4| -78, -69, -16, -216, -201, -15)
(2, 4| -76, -69, -12, -216, -201, -15)
(2, 4| -77, -69, -14, -215, -201, -14)
(2, 4| -77, -69, -14, -214, -201, -13)
(2, 4| -75, -69, -10, -214, -201, -13)
(2, 4| -76, -69, -12, -213, -201, -12)
(2, 4| -76, -69, -12, -212, -201, -11)
(2, 4| -74, -69, -9, -212, -201, -11)
(2, 4| -75, -69, -10, -211, -201, -10)
(2, 4